Security,C 1 COMB Comdty,
Start Date,12/9/2020 0:00,
End Date,12/10/2025 0:00,
Period,D,
Currency,USd,
,,
Date,PX_LAST,PX_VOLUME
12/10/2025,#N/A N/A,0
12/9/2025,440.75,873
12/8/2025,436.25,1738
12/5/2025,436.75,1038
12/4/2025,437.75,1242
12/3/2025,431.5,1340
12/2/2025,438,2267
12/1/2025,432.75,3265
11/28/2025,435.5,8642
11/26/2025,431.75,158325
11/25/2025,423.5,227795
11/24/2025,423.75,227312
11/21/2025,425.5,194578
11/20/2025,426.5,195292
11/19/2025,429.75,198902
11/18/2025,436.75,162294
11/17/2025,434.75,219642
11/14/2025,430.25,411585
11/13/2025,441.5,400924
11/12/2025,435.25,271699
11/11/2025,432,221848
11/10/2025,429.75,220392
11/7/2025,427.25,186066
11/6/2025,428.75,228266
11/5/2025,435.25,201307
11/4/2025,431.5,183033
11/3/2025,434.25,207957
10/31/2025,431.5,214312
10/30/2025,430.25,301183
10/29/2025,434,239879
10/28/2025,432,378016
10/27/2025,428.75,295622
10/24/2025,423.25,211852
10/23/2025,428,206571
10/22/2025,423,186819
10/21/2025,419.75,181051
10/20/2025,423.25,179465
10/17/2025,422.5,185452
10/16/2025,421.75,304262
10/15/2025,416.75,195171
10/14/2025,413,192433
10/13/2025,410.75,181175
10/10/2025,413,233653
10/9/2025,418.25,207206
10/8/2025,422,167360
10/7/2025,419.75,219828
10/6/2025,421.75,141859
10/3/2025,419,179524
10/2/2025,421.75,192896
10/1/2025,416.5,285170
9/30/2025,415.5,279177
9/29/2025,421.5,146154
9/26/2025,422,131813
9/25/2025,425.75,146851
9/24/2025,424.25,134256
9/23/2025,426.25,145931
9/22/2025,421.75,189769
9/19/2025,424,162409
9/18/2025,423.75,113263
9/17/2025,426.75,146851
9/16/2025,429.5,178779
9/15/2025,423.25,192792
9/12/2025,399,37
9/11/2025,399,120
9/10/2025,397.25,57
9/9/2025,401.25,146
9/8/2025,403,549
9/5/2025,399,417
9/4/2025,399.75,863
9/3/2025,397.75,1025
9/2/2025,403,1546
8/29/2025,398,7520
8/28/2025,385.5,81216
8/27/2025,382.5,108482
8/26/2025,387.5,170218
8/25/2025,389.25,123992
8/22/2025,388.25,108358
8/21/2025,387.25,116898
8/20/2025,380,109776
8/19/2025,379.5,79845
8/18/2025,383,104730
8/15/2025,383.75,129521
8/14/2025,375,112000
8/13/2025,374,167774
8/12/2025,371.5,252732
8/11/2025,385,180486
8/8/2025,382.75,174531
8/7/2025,384.5,154983
8/6/2025,379.75,151730
8/5/2025,381.5,166267
8/4/2025,387,133486
8/1/2025,389.5,111475
7/31/2025,394,124175
7/30/2025,391.75,132091
7/29/2025,389.25,169994
7/28/2025,393.75,141670
7/25/2025,399.5,97166
7/24/2025,401.75,111447
7/23/2025,398.5,92982
7/22/2025,399.25,114958
7/21/2025,403.75,112066
7/18/2025,408.5,127464
7/17/2025,402,103691
7/16/2025,405.25,163241
7/15/2025,401.25,182568
7/14/2025,412.75,76
7/11/2025,403,315
7/10/2025,407.25,571
7/9/2025,412.5,349
7/8/2025,411,573
7/7/2025,418,709
7/3/2025,431.5,1493
7/2/2025,429.25,3639
7/1/2025,420,4103
6/30/2025,420.5,12555
6/27/2025,417.5,106238
6/26/2025,409.5,159014
6/25/2025,410.25,144137
6/24/2025,416.25,192057
6/23/2025,419.25,197265
6/20/2025,428.75,189743
6/18/2025,433.5,225878
6/17/2025,431.5,231168
6/16/2025,434.75,177619
6/13/2025,444.5,179124
6/12/2025,438.5,190442
6/11/2025,437,201677
6/10/2025,438.75,245097
6/9/2025,433.5,228598
6/6/2025,442.5,229798
6/5/2025,439.5,199450
6/4/2025,438.75,220751
6/3/2025,438.5,209493
6/2/2025,438.25,211154
5/30/2025,444,140113
5/29/2025,447,157586
5/28/2025,451,196402
5/27/2025,459.5,153148
5/23/2025,459.5,167356
5/22/2025,463,192800
5/21/2025,461,201425
5/20/2025,454.5,194894
5/19/2025,447.5,179623
5/16/2025,443.5,173410
5/15/2025,448.5,191182
5/14/2025,438.5,44
5/13/2025,436,66
5/12/2025,440.25,205
5/9/2025,441.5,240
5/8/2025,439,438
5/7/2025,441,617
5/6/2025,447.5,466
5/5/2025,446.5,1098
5/2/2025,461.25,2624
5/1/2025,464.25,3008
4/30/2025,467.25,10991
4/29/2025,460.5,100359
4/28/2025,475.5,176588
4/25/2025,478.75,129454
4/24/2025,477.25,146915
4/23/2025,472,147853
4/22/2025,475.75,152079
4/21/2025,481.75,128840
4/17/2025,482.25,117566
4/16/2025,484.25,136221
4/15/2025,481.25,178411
4/14/2025,485,201393
4/11/2025,490.25,284335
4/10/2025,483,326270
4/9/2025,474,257173
4/8/2025,469,255177
4/7/2025,464.5,216782
4/4/2025,460.25,212888
4/3/2025,457.5,203152
4/2/2025,457.75,159591
4/1/2025,461.75,179571
3/31/2025,457.25,282804
3/28/2025,453.25,206960
3/27/2025,450,170192
3/26/2025,451.25,154487
3/25/2025,457.75,148189
3/24/2025,464.5,125182
3/21/2025,464.25,182427
3/20/2025,469,219751
3/19/2025,462,185225
3/18/2025,458.75,177170
3/17/2025,461,180875
3/14/2025,445.5,32
3/13/2025,453.5,101
3/12/2025,448.75,233
3/11/2025,456.5,76
3/10/2025,458.75,479
3/7/2025,455.25,311
3/6/2025,449.5,668
3/5/2025,440.25,1169
3/4/2025,436,2273
3/3/2025,440.25,3364
2/28/2025,453.5,7600
2/27/2025,464.75,86413
2/26/2025,478.25,101750
2/25/2025,479.75,116438
2/24/2025,482.5,189315
2/21/2025,491.25,168137
2/20/2025,498,163804
2/19/2025,497.5,210080
2/18/2025,502,238775
2/14/2025,496.25,195600
2/13/2025,493.5,269316
2/12/2025,490.25,271391
2/11/2025,484,311257
2/10/2025,491.5,250904
2/7/2025,487.5,287303
2/6/2025,495.25,299134
2/5/2025,493.25,226004
2/4/2025,494.5,279780
2/3/2025,488.75,322166
1/31/2025,482,318483
1/30/2025,490.25,218110
1/29/2025,497,277207
1/28/2025,485.25,225855
1/27/2025,482,216234
1/24/2025,486.5,208959
1/23/2025,489.75,250550
1/22/2025,484.25,264538
1/21/2025,490,295105
1/17/2025,484.25,305007
1/16/2025,474.5,209824
1/15/2025,478.75,218140
1/14/2025,474.5,278017
1/13/2025,476.5,376883
1/10/2025,470.5,467086
1/9/2025,456,157712
1/8/2025,454,192588
1/7/2025,458,211629
1/6/2025,457.75,227403
1/3/2025,450.75,199340
1/2/2025,459.5,163449
12/31/2024,458.5,172882
12/30/2024,452.25,217069
12/27/2024,454,162024
12/26/2024,453.75,176165
12/24/2024,448.5,88153
12/23/2024,447.75,132878
12/20/2024,446.25,191422
12/19/2024,440.75,182519
12/18/2024,437.25,176178
12/17/2024,443.5,164416
12/16/2024,445,157167
12/13/2024,430,17
12/12/2024,431.75,334
12/11/2024,438,570
12/10/2024,440.5,1685
12/9/2024,434,1586
12/6/2024,430.75,1372
12/5/2024,426.5,2566
12/4/2024,422,1723
12/3/2024,423.25,4091
12/2/2024,424.5,3895
11/29/2024,423,7903
11/27/2024,415.75,145009
11/26/2024,420,210241
11/25/2024,424.75,226269
11/22/2024,425.5,159873
11/21/2024,426.75,187445
11/20/2024,430.25,224875
11/19/2024,427.25,215160
11/18/2024,429.25,190964
11/15/2024,424,218570
11/14/2024,419,292267
11/13/2024,426.5,235165
11/12/2024,428.5,250503
11/11/2024,430,250205
11/8/2024,431,347310
11/7/2024,427.5,310584
11/6/2024,426.25,283193
11/5/2024,418.5,167928
11/4/2024,416.5,219138
11/1/2024,414.5,197406
10/31/2024,410.75,238814
10/30/2024,411.5,170092
10/29/2024,413.75,197431
10/28/2024,410.75,251359
10/25/2024,415.25,247609
10/24/2024,421.5,287987
10/23/2024,419,246005
10/22/2024,416.5,267224
10/21/2024,409.5,241760
10/18/2024,404.75,193538
10/17/2024,406.75,255482
10/16/2024,404.75,214285
10/15/2024,401.25,305403
10/14/2024,408.25,257782
10/11/2024,415.75,224069
10/10/2024,418.5,171360
10/9/2024,421,148815
10/8/2024,420.75,229659
10/7/2024,426,161439
10/4/2024,424.75,165354
10/3/2024,428.25,181331
10/2/2024,432.5,239747
10/1/2024,429,262757
9/30/2024,424.75,272926
9/27/2024,418,218578
9/26/2024,413.25,204872
9/25/2024,415.25,158957
9/24/2024,411.75,210496
9/23/2024,413.5,228072
9/20/2024,401.75,178231
9/19/2024,405.75,166204
9/18/2024,412.75,134644
9/17/2024,412.5,123973
9/16/2024,410.75,150818
9/13/2024,390.75,40
9/12/2024,386.25,123
9/11/2024,380.5,117
9/10/2024,379.5,296
9/9/2024,384.25,381
9/6/2024,383.75,504
9/5/2024,390,485
9/4/2024,390.5,1519
9/3/2024,386.5,3017
8/30/2024,378,6393
8/29/2024,371.75,100531
8/28/2024,365.25,160784
8/27/2024,367.25,161618
8/26/2024,362,143588
8/23/2024,367.75,138358
8/22/2024,371.5,131932
8/21/2024,375.5,96191
8/20/2024,375,122507
8/19/2024,378,151084
8/16/2024,370.5,137465
8/15/2024,375,151990
8/14/2024,381,125031
8/13/2024,377.75,172577
8/12/2024,383.25,203695
8/9/2024,376.75,157231
8/8/2024,379.25,157714
8/7/2024,383.25,199142
8/6/2024,388.75,107227
8/5/2024,390.75,157029
8/2/2024,386.5,113751
8/1/2024,382,116742
7/31/2024,382.75,156261
7/30/2024,388.75,123321
7/29/2024,396.25,142225
7/26/2024,394.5,154397
7/25/2024,406,119013
7/24/2024,403.75,149625
7/23/2024,402.5,143835
7/22/2024,400.25,150907
7/19/2024,390.5,111883
7/18/2024,391.25,114790
7/17/2024,398,115086
7/16/2024,395.75,133849
7/15/2024,390.5,140155
7/12/2024,400,125
7/11/2024,406.75,65
7/10/2024,403.25,214
7/9/2024,400.25,585
7/8/2024,395.75,666
7/5/2024,411.25,398
7/3/2024,403.5,584
7/2/2024,402,764
7/1/2024,398.25,1731
6/28/2024,397.25,15899
6/27/2024,413.75,142693
6/26/2024,420,161453
6/25/2024,425.5,172164
6/24/2024,433.5,203582
6/21/2024,435,217553
6/20/2024,439.75,229750
6/18/2024,450,191652
6/17/2024,443.75,172134
6/14/2024,450,228388
6/13/2024,458.5,296248
6/12/2024,454.25,276468
6/11/2024,449.5,271960
6/10/2024,451.75,230930
6/7/2024,448.75,238072
6/6/2024,452,261537
6/5/2024,439.25,183305
6/4/2024,442.5,221274
6/3/2024,443.5,262804
5/31/2024,446.25,174860
5/30/2024,448.75,225176
5/29/2024,455.25,166319
5/28/2024,462.5,166128
5/24/2024,464.75,169182
5/23/2024,464,166864
5/22/2024,461.25,175899
5/21/2024,458,168069
5/20/2024,460.5,185086
5/17/2024,452.5,217848
5/16/2024,457,200532
5/15/2024,462.5,222335
5/14/2024,453.75,27
5/13/2024,458.5,317
5/10/2024,455.75,316
5/9/2024,442.75,573
5/8/2024,445.5,634
5/7/2024,453.75,1021
5/6/2024,457,1907
5/3/2024,447,2540
5/2/2024,452,2944
5/1/2024,443.25,4184
4/30/2024,439.5,14833
4/29/2024,439.25,117196
4/26/2024,440,165048
4/25/2024,441,168023
4/24/2024,437.75,161654
4/23/2024,443,144096
4/22/2024,439.75,192556
4/19/2024,433.5,163574
4/18/2024,426.75,180777
4/17/2024,430.25,139235
4/16/2024,431,148116
4/15/2024,431.5,152252
4/12/2024,435.5,202052
4/11/2024,428.75,250695
4/10/2024,434.25,210255
4/9/2024,431.25,219304
4/8/2024,435.5,215991
4/5/2024,434.25,192940
4/4/2024,435.25,153811
4/3/2024,431.75,187684
4/2/2024,426.5,235504
4/1/2024,435.5,200474
3/28/2024,442,360086
3/27/2024,426.75,165189
3/26/2024,432.5,155311
3/25/2024,437.75,118606
3/22/2024,439.25,132898
3/21/2024,440.75,158789
3/20/2024,439,131971
3/19/2024,439.5,115115
3/18/2024,436,121822
3/15/2024,436.75,140242
3/14/2024,422.5,50
3/13/2024,426.5,75
3/12/2024,429,527
3/11/2024,428.25,615
3/8/2024,426.25,755
3/7/2024,426,1645
3/6/2024,418,2542
3/5/2024,413.5,1544
3/4/2024,417.5,2214
3/1/2024,412.25,3475
2/29/2024,415.75,8781
2/28/2024,413.25,118959
2/27/2024,408.25,139596
2/26/2024,407,227175
2/23/2024,399.75,218218
2/22/2024,406,199941
2/21/2024,411,180048
2/20/2024,418.75,217838
2/16/2024,416.5,176972
2/15/2024,417.75,217729
2/14/2024,424.25,230224
2/13/2024,430.75,182682
2/12/2024,430.5,198795
2/9/2024,429,206271
2/8/2024,433.25,222878
2/7/2024,434.25,245418
2/6/2024,438.75,193360
2/5/2024,442.75,137664
2/2/2024,442.75,129450
2/1/2024,447.25,153724
1/31/2024,448.25,135485
1/30/2024,447.75,194898
1/29/2024,440.25,203565
1/26/2024,446.25,135726
1/25/2024,451.75,169289
1/24/2024,452.25,156004
1/23/2024,446.5,152301
1/22/2024,445.75,112771
1/19/2024,445.5,148101
1/18/2024,444,180948
1/17/2024,442.25,205711
1/16/2024,443.5,175650
1/12/2024,447,314095
1/11/2024,457.75,165189
1/10/2024,459.5,193507
1/9/2024,459.25,215153
1/8/2024,455,214324
1/5/2024,460.75,151589
1/4/2024,466.5,127034
1/3/2024,465.25,147913
1/2/2024,463.75,187193
12/29/2023,471.25,109649
12/28/2023,474.25,99398
12/27/2023,476.5,107950
12/26/2023,480.25,114198
12/22/2023,473,80484
12/21/2023,472.5,108597
12/20/2023,469.75,131027
12/19/2023,472.75,130033
12/18/2023,477,129446
12/15/2023,483,108554
12/14/2023,456.75,10
12/13/2023,456.75,256
12/12/2023,462.5,265
12/11/2023,460.5,379
12/8/2023,465.75,319
12/7/2023,468.25,322
12/6/2023,464.75,347
12/5/2023,468.5,639
12/4/2023,460.25,1925
12/1/2023,464.5,3312
11/30/2023,461.75,14188
11/29/2023,449.75,139560
11/28/2023,451.5,181371
11/27/2023,455.5,180939
11/24/2023,463.25,113555
11/22/2023,468.75,126935
11/21/2023,470,173228
11/20/2023,469.5,139825
11/17/2023,467,132235
11/16/2023,474.75,182325
11/15/2023,470.75,245509
11/14/2023,478.25,183143
11/13/2023,477.25,249727
11/10/2023,464,230543
11/9/2023,468,257163
11/8/2023,476,322782
11/7/2023,468.5,215810
11/6/2023,477.25,131646
11/3/2023,477.25,200217
11/2/2023,470,202193
11/1/2023,475,180119
10/31/2023,478.75,136045
10/30/2023,478.25,136565
10/27/2023,480.75,126300
10/26/2023,479.25,190730
10/25/2023,480,177281
10/24/2023,484,161081
10/23/2023,490.25,126442
10/20/2023,495.5,264540
10/19/2023,505,279440
10/18/2023,492,119274
10/17/2023,489,102031
10/16/2023,490,113486
10/13/2023,493.25,138232
10/12/2023,496,208365
10/11/2023,488,102590
10/10/2023,485.5,110081
10/9/2023,488.25,115532
10/6/2023,492,125225
10/5/2023,497.5,186342
10/4/2023,486,129880
10/3/2023,487.5,138101
10/2/2023,488.75,159224
9/29/2023,476.75,209423
9/28/2023,488.5,114318
9/27/2023,483.25,125713
9/26/2023,479.75,117585
9/25/2023,481.25,101591
9/22/2023,477.25,88610
9/21/2023,475.25,115196
9/20/2023,482.25,162298
9/19/2023,476.25,139647
9/18/2023,471.5,143316
9/15/2023,476.25,110377
9/14/2023,462.5,94
9/13/2023,464,120
9/12/2023,463.25,174
9/11/2023,471.25,430
9/8/2023,468.5,233
9/7/2023,470.75,741
9/6/2023,471.5,841
9/5/2023,471,1553
9/1/2023,464.75,3311
8/31/2023,461,12073
8/30/2023,461.75,74605
8/29/2023,469.5,98795
8/28/2023,478.5,87576
8/25/2023,470.75,84408
8/24/2023,472.25,85162
8/23/2023,476.25,84523
8/22/2023,466.5,72976
8/21/2023,469.25,74711
8/18/2023,479.5,66477
8/17/2023,473,69172
8/16/2023,469.5,70843
8/15/2023,464,89967
8/14/2023,475.75,73606
8/11/2023,474.5,174425
8/10/2023,483.25,93318
8/9/2023,481,120224
8/8/2023,485.75,124554
8/7/2023,482.25,164880
8/4/2023,484.25,96911
8/3/2023,480.75,101378
8/2/2023,488.25,158406
8/1/2023,497,116230
7/31/2023,504,111158
7/28/2023,521,90547
7/27/2023,533.25,95908
7/26/2023,540.25,106980
7/25/2023,557.5,104803
7/24/2023,560.5,115440
7/21/2023,527,121026
7/20/2023,537.25,123962
7/19/2023,545.5,193393
7/18/2023,528.75,132495
7/17/2023,499.25,87969
7/14/2023,599.75,83
7/13/2023,593.5,129
7/12/2023,549.75,713
7/11/2023,571.75,789
7/10/2023,570.75,518
7/7/2023,560.5,1322
7/6/2023,566.75,1410
7/5/2023,548.25,1921
7/3/2023,557.25,1610
6/30/2023,554.5,6458
6/29/2023,581,42588
6/28/2023,590,89617
6/27/2023,623,93042
6/26/2023,637.25,117529
6/23/2023,630.75,142972
6/22/2023,660.5,117760
6/21/2023,671,150762
6/20/2023,643.75,151986
6/16/2023,640.25,223694
6/15/2023,623.25,194030
6/14/2023,607.75,187535
6/13/2023,612.5,202991
6/12/2023,617.25,208159
6/9/2023,604.25,174688
6/8/2023,610.25,178765
6/7/2023,604.25,174301
6/6/2023,608,185929
6/5/2023,597.5,168376
6/2/2023,609,199864
6/1/2023,592.5,153589
5/31/2023,594,170159
5/30/2023,594,176207
5/26/2023,604,178644
5/25/2023,590.75,145545
5/24/2023,587.25,152816
5/23/2023,577.5,133375
5/22/2023,571,148542
5/19/2023,554.5,183019
5/18/2023,555.25,181018
5/17/2023,561.5,265000
5/16/2023,581.25,133849
5/15/2023,592.5,164174
5/12/2023,633.25,237
5/11/2023,632.5,987
5/10/2023,645.5,1067
5/9/2023,642.25,1588
5/8/2023,656.5,677
5/5/2023,653.25,1223
5/4/2023,646.5,2272
5/3/2023,645.25,2081
5/2/2023,638,5508
5/1/2023,639.5,2753
4/28/2023,636,13722
4/27/2023,627,59707
4/26/2023,641.5,65293
4/25/2023,646.5,100633
4/24/2023,651.25,134977
4/21/2023,663.25,127468
4/20/2023,663.75,120915
4/19/2023,672.25,114514
4/18/2023,677.5,130891
4/17/2023,676.5,146895
4/14/2023,666.25,154000
4/13/2023,652.25,147150
4/12/2023,656,150111
4/11/2023,651,200256
4/10/2023,654,150098
4/7/2023,643.5,#N/A N/A
4/6/2023,643.5,132983
4/5/2023,652.75,143556
4/4/2023,653.75,140103
4/3/2023,657.75,153870
3/31/2023,660.5,201892
3/30/2023,649.5,119486
3/29/2023,650.5,156693
3/28/2023,647.25,135236
3/27/2023,648.25,145573
3/24/2023,643,191256
3/23/2023,631.75,186439
3/22/2023,633.5,154747
3/21/2023,630,133312
3/20/2023,633,115794
3/17/2023,634.25,141477
3/16/2023,632.75,167311
3/15/2023,626.5,156411
3/14/2023,627.5,120
3/13/2023,624.5,542
3/10/2023,624.25,540
3/9/2023,618.5,597
3/8/2023,634.5,808
3/7/2023,642,702
3/6/2023,644.5,369
3/3/2023,645.25,1043
3/2/2023,637.75,1871
3/1/2023,640.5,5431
2/28/2023,629.5,15545
2/27/2023,642.75,105656
2/24/2023,650,146407
2/23/2023,660.25,173384
2/22/2023,674,114787
2/21/2023,680.5,156078
2/17/2023,677.75,144084
2/16/2023,676,134971
2/15/2023,676.25,116550
2/14/2023,682.25,137226
2/13/2023,685,193009
2/10/2023,680.5,226648
2/9/2023,670.75,214275
2/8/2023,678.5,223791
2/7/2023,674,149454
2/6/2023,679,123611
2/3/2023,677.5,124847
2/2/2023,675.25,149905
2/1/2023,681,144367
1/31/2023,679.75,161229
1/30/2023,683.75,127942
1/27/2023,683,141239
1/26/2023,682.5,146553
1/25/2023,674.75,126030
1/24/2023,677,165294
1/23/2023,666.25,184766
1/20/2023,676.25,134978
1/19/2023,677.25,149959
1/18/2023,681.25,175374
1/17/2023,685.25,179918
1/13/2023,675,158823
1/12/2023,671,242526
1/11/2023,656,110880
1/10/2023,655,181158
1/9/2023,652.75,112236
1/6/2023,654,114158
1/5/2023,652.75,138833
1/4/2023,653.75,175762
1/3/2023,670.5,155538
12/30/2022,678.5,90321
12/29/2022,679.5,104937
12/28/2022,682.75,122193
12/27/2022,674.75,123172
12/23/2022,666.25,94496
12/22/2022,660.5,79924
12/21/2022,662.25,125592
12/20/2022,652,91464
12/19/2022,647.25,83168
12/16/2022,653,66395
12/15/2022,653.5,93735
12/14/2022,639,36
12/13/2022,643.75,184
12/12/2022,641.25,263
12/9/2022,634.75,453
12/8/2022,632,425
12/7/2022,627.75,662
12/6/2022,625.5,512
12/5/2022,628.75,762
12/2/2022,635,5678
12/1/2022,650,8565
11/30/2022,662,18198
11/29/2022,665.75,110381
11/28/2022,668.75,149233
11/25/2022,668,71244
11/23/2022,663.25,104569
11/22/2022,656.75,107549
11/21/2022,659.5,143717
11/18/2022,667.75,131275
11/17/2022,667.5,138561
11/16/2022,665.25,121435
11/15/2022,666.75,234097
11/14/2022,657.25,181567
11/11/2022,658,233358
11/10/2022,653.25,229081
11/9/2022,664.5,246968
11/8/2022,667.5,227158
11/7/2022,675.75,162563
11/4/2022,681,112564
11/3/2022,679.25,123352
11/2/2022,687.5,168334
11/1/2022,697.75,146466
10/31/2022,691.5,226696
10/28/2022,680.75,115074
10/27/2022,682.25,112300
10/26/2022,685,106226
10/25/2022,686.25,116661
10/24/2022,681.5,119463
10/21/2022,684.25,109021
10/20/2022,684,134819
10/19/2022,678.25,112233
10/18/2022,681,147455
10/17/2022,683.5,106164
10/14/2022,689.75,108816
10/13/2022,697.75,167244
10/12/2022,693,180209
10/11/2022,693,140432
10/10/2022,698.25,201817
10/7/2022,683.25,113581
10/6/2022,675.5,128778
10/5/2022,684,114315
10/4/2022,683,119212
10/3/2022,680.75,132393
9/30/2022,677.5,253847
9/29/2022,669.5,139450
9/28/2022,670.5,137430
9/27/2022,667.5,163167
9/26/2022,666.25,140725
9/23/2022,676.75,154393
9/22/2022,688.25,97065
9/21/2022,685.5,127215
9/20/2022,692,123234
9/19/2022,678.25,96685
9/16/2022,677.25,121327
9/15/2022,677.5,111789
9/14/2022,709,145
9/13/2022,709,607
9/12/2022,712.25,1332
9/9/2022,698.5,1439
9/8/2022,674.5,1219
9/7/2022,676.75,1269
9/6/2022,680.75,1289
9/2/2022,669,2137
9/1/2022,658.25,9013
8/31/2022,673.75,7831
8/30/2022,679.75,48457
8/29/2022,683.75,86635
8/26/2022,668.75,75544
8/25/2022,657.5,78316
8/24/2022,665.75,76015
8/23/2022,660,95345
8/22/2022,633.5,67378
8/19/2022,626,51219
8/18/2022,619.75,52153
8/17/2022,615,49240
8/16/2022,611,67190
8/15/2022,626.75,56712
8/12/2022,639.75,98631
8/11/2022,629.25,112043
8/10/2022,621.25,134330
8/9/2022,615.5,142242
8/8/2022,608.5,155070
8/5/2022,610.25,125020
8/4/2022,602.25,83780
8/3/2022,591.5,101905
8/2/2022,591.25,107008
8/1/2022,607,91871
7/29/2022,616.25,99164
7/28/2022,615,72681
7/27/2022,600.25,80955
7/26/2022,597,95701
7/25/2022,580,103447
7/22/2022,564.25,95957
7/21/2022,575.75,76755
7/20/2022,592.25,76176
7/19/2022,596.75,94156
7/18/2022,612.25,75978
7/15/2022,604.25,81572
7/14/2022,695,34
7/13/2022,740,485
7/12/2022,732.75,1320
7/11/2022,781.25,1344
7/8/2022,778.25,1438
7/7/2022,747,784
7/6/2022,744.25,2703
7/5/2022,736,3775
7/1/2022,754.5,5489
6/30/2022,743.75,14477
6/29/2022,770.25,63702
6/28/2022,759.5,86035
6/27/2022,744.25,121830
6/24/2022,750.25,155989
6/23/2022,746.75,215839
6/22/2022,768,167778
6/21/2022,760.75,192144
6/17/2022,784.5,116061
6/16/2022,788.25,121542
6/15/2022,774,105906
6/14/2022,768.25,125798
6/13/2022,769.25,170044
6/10/2022,773.25,156100
6/9/2022,773,226325
6/8/2022,764.5,223848
6/7/2022,757,227575
6/6/2022,742.5,131922
6/3/2022,727,105542
6/2/2022,730.25,127143
6/1/2022,731.25,210389
5/31/2022,753.5,175461
5/27/2022,777.25,101090
5/26/2022,765,104920
5/25/2022,772.25,127425
5/24/2022,771.75,147022
5/23/2022,786.25,88355
5/20/2022,778.75,88004
5/19/2022,783.25,106424
5/18/2022,781.5,120123
5/17/2022,800.75,98317
5/16/2022,809.5,138859
5/13/2022,794.5,25
5/12/2022,813.5,911
5/11/2022,802.25,653
5/10/2022,786.5,597
5/9/2022,784.5,745
5/6/2022,792.25,1248
5/5/2022,803.75,410
5/4/2022,798.5,1267
5/3/2022,800.75,2214
5/2/2022,813,2848
4/29/2022,818.25,11143
4/28/2022,816,47633
4/27/2022,815.5,70673
4/26/2022,803.25,85308
4/25/2022,800.25,114116
4/22/2022,793,140795
4/21/2022,799.25,111004
4/20/2022,815.75,128911
4/19/2022,804,133531
4/18/2022,813.25,114979
4/14/2022,790.25,108878
4/13/2022,783.5,182922
4/12/2022,776.25,154266
4/11/2022,764.5,170234
4/8/2022,768.75,170872
4/7/2022,757.75,149456
4/6/2022,756.5,110915
4/5/2022,759.75,123890
4/4/2022,750.5,112649
4/1/2022,735,155927
3/31/2022,748.75,173737
3/30/2022,738,109719
3/29/2022,726.25,180171
3/28/2022,748.5,89177
3/25/2022,754,73846
3/24/2022,748.25,100951
3/23/2022,757.75,112399
3/22/2022,753,104191
3/21/2022,756.25,93775
3/18/2022,741.75,84411
3/17/2022,754.5,90267
3/16/2022,730,106537
3/15/2022,758,89348
3/14/2022,728.25,66
3/11/2022,764.5,233
3/10/2022,757.75,74
3/9/2022,735,188
3/8/2022,754.5,547
3/7/2022,749.25,1309
3/4/2022,756.5,2186
3/3/2022,751.25,3447
3/2/2022,739,3350
3/1/2022,739.75,7258
2/28/2022,697.5,15651
2/25/2022,659.5,94802
2/24/2022,695,161611
2/23/2022,683.75,154730
2/22/2022,674.75,168824
2/18/2022,654.25,154047
2/17/2022,650,121279
2/16/2022,647,126554
2/15/2022,638,177958
2/14/2022,655.75,144923
2/11/2022,651,243969
2/10/2022,641.75,372991
2/9/2022,646.75,320406
2/8/2022,632.25,200583
2/7/2022,635.25,232607
2/4/2022,620.5,181430
2/3/2022,616.75,215871
2/2/2022,622.5,275662
2/1/2022,634.75,196298
1/31/2022,626,243891
1/28/2022,636,188658
1/27/2022,625.25,151696
1/26/2022,627,172723
1/25/2022,620,298396
1/24/2022,621,194809
1/21/2022,616.25,187471
1/20/2022,611,127683
1/19/2022,610.5,179943
1/18/2022,599.5,141742
1/14/2022,596.25,140634
1/13/2022,587.5,186546
1/12/2022,599,181633
1/11/2022,601,128305
1/10/2022,599.75,135265
1/7/2022,606.75,140371
1/6/2022,603.75,151442
1/5/2022,602.25,148499
1/4/2022,609.5,210268
1/3/2022,589.25,146023
12/31/2021,593.25,69868
12/30/2021,596,122776
12/29/2021,605.5,117570
12/28/2021,604.75,134208
12/27/2021,614.75,123211
12/23/2021,605.75,108565
12/22/2021,602.5,154966
12/21/2021,598.25,119312
12/20/2021,591,106042
12/17/2021,593.25,129569
12/16/2021,591.25,101262
12/15/2021,585.75,138521
12/14/2021,588.75,115
12/13/2021,584.25,927
12/10/2021,588.5,862
12/9/2021,588.5,2082
12/8/2021,584.75,2372
12/7/2021,586.25,1887
12/6/2021,583.5,2208
12/3/2021,586,3442
12/2/2021,577,6237
12/1/2021,572,6270
11/30/2021,567,24986
11/29/2021,581,158234
11/26/2021,586.75,180220
11/24/2021,579.75,265928
11/23/2021,580.5,179297
11/22/2021,576.75,172298
11/19/2021,570.75,130524
11/18/2021,573,171416
11/17/2021,575.25,185381
11/16/2021,571,137344
11/15/2021,576.5,128056
11/12/2021,577.25,163539
11/11/2021,569.5,264523
11/10/2021,569.25,209267
11/9/2021,554.75,246899
11/8/2021,551.5,166976
11/5/2021,553,192123
11/4/2021,559.25,149483
11/3/2021,564,149892
11/2/2021,573,174067
11/1/2021,579,197409
10/29/2021,568.25,135195
10/28/2021,562.75,164258
10/27/2021,557.25,241141
10/26/2021,543.5,146995
10/25/2021,538,107050
10/22/2021,538,109345
10/21/2021,532.25,119388
10/20/2021,539.25,129884
10/19/2021,530.25,119081
10/18/2021,532.75,119583
10/15/2021,525.75,130243
10/14/2021,516.75,140335
10/13/2021,512.25,203330
10/12/2021,522.5,196596
10/11/2021,533,104166
10/8/2021,530.5,95481
10/7/2021,534,104997
10/6/2021,532.25,126943
10/5/2021,537.5,119598
10/4/2021,540.75,132923
10/1/2021,541.5,135599
9/30/2021,536.75,222135
9/29/2021,539,107220
9/28/2021,532.5,125830
9/27/2021,539.5,144946
9/24/2021,526.75,93098
9/23/2021,529.25,95990
9/22/2021,525.5,112326
9/21/2021,517,119145
9/20/2021,521.75,125356
9/17/2021,527.25,109533
9/16/2021,529.5,118905
9/15/2021,533.5,152827
9/14/2021,503,81
9/13/2021,496.75,313
9/10/2021,502.75,370
9/9/2021,496,164
9/8/2021,498.25,451
9/7/2021,495.75,734
9/3/2021,508,967
9/2/2021,516.25,1319
9/1/2021,515.5,5192
8/31/2021,534,8135
8/30/2021,540.25,73569
8/27/2021,558,107357
8/26/2021,552.75,73859
8/25/2021,551.25,80083
8/24/2021,544.5,82653
8/23/2021,538,50271
8/20/2021,538.75,83003
8/19/2021,550,90493
8/18/2021,561.75,64048
8/17/2021,558.25,67739
8/16/2021,564.75,60693
8/13/2021,568.25,97466
8/12/2021,567,247372
8/11/2021,556.25,184260
8/10/2021,549.25,143634
8/9/2021,550.25,144339
8/6/2021,555,142762
8/5/2021,555.75,92967
8/4/2021,545.75,70049
8/3/2021,550.5,95208
8/2/2021,558.75,83836
7/30/2021,547,65198
7/29/2021,558,71556
7/28/2021,549.25,62378
7/27/2021,548.75,67236
7/26/2021,549.75,72948
7/23/2021,547.25,81447
7/22/2021,564.5,81023
7/21/2021,571.75,78998
7/20/2021,571.75,77004
7/19/2021,556,67343
7/16/2021,556,83019
7/15/2021,564.25,69356
7/14/2021,683,26
7/13/2021,677,329
7/12/2021,669.25,431
7/9/2021,629.75,530
7/8/2021,638,497
7/7/2021,652.5,590
7/6/2021,656,1707
7/2/2021,697.25,4751
7/1/2021,719.75,4706
6/30/2021,720,18226
6/29/2021,694.5,58727
6/28/2021,675.5,83833
6/25/2021,636.5,123016
6/24/2021,653.25,143749
6/23/2021,664.25,127090
6/22/2021,659.75,145930
6/21/2021,659.25,127442
6/18/2021,655.25,184523
6/17/2021,633,192026
6/16/2021,673,169908
6/15/2021,667.5,176454
6/14/2021,659.25,159570
6/11/2021,684.5,233946
6/10/2021,699,256320
6/9/2021,690.75,214261
6/8/2021,680,224000
6/7/2021,679.25,254039
6/4/2021,682.75,142300
6/3/2021,662,166363
6/2/2021,675,163861
6/1/2021,688.75,163972
5/28/2021,656.75,150329
5/27/2021,664.5,160605
5/26/2021,624.5,182610
5/25/2021,620.25,211650
5/24/2021,657.25,106865
5/21/2021,659.5,109618
5/20/2021,664.5,119730
5/19/2021,658.25,136686
5/18/2021,658.25,161908
5/17/2021,652.5,185347
5/14/2021,685,28
5/13/2021,719,307
5/12/2021,757.5,328
5/11/2021,759.5,404
5/10/2021,748,814
5/7/2021,772.75,680
5/6/2021,759.5,2419
5/5/2021,753.25,1778
5/4/2021,744.75,1827
5/3/2021,732.25,3094
4/30/2021,740,9862
4/29/2021,702,30786
4/28/2021,686.25,107987
4/27/2021,695.5,166136
4/26/2021,680.5,157505
4/23/2021,655.5,157732
4/22/2021,650.5,147251
4/21/2021,625.5,163261
4/20/2021,606.5,180193
4/19/2021,592,105991
4/16/2021,585.5,165261
4/15/2021,590,176855
4/14/2021,594,242724
4/13/2021,580,225715
4/12/2021,569,198642
4/9/2021,577.25,249738
4/8/2021,579.75,258786
4/7/2021,560.5,158002
4/6/2021,554.25,134848
4/5/2021,553.25,143679
4/2/2021,559.75,#N/A N/A
4/1/2021,559.75,249753
3/31/2021,564.25,145896
3/30/2021,539.25,136033
3/29/2021,546.75,119797
3/26/2021,552.5,124031
3/25/2021,546.5,142181
3/24/2021,553.25,92011
3/23/2021,551.25,122094
3/22/2021,549,129296
3/19/2021,557.75,158521
3/18/2021,546.5,157912
3/17/2021,558,129647
3/16/2021,554.25,132710
3/15/2021,549.5,140615
3/12/2021,549.25,66
3/11/2021,555,672
3/10/2021,547.75,1986
3/9/2021,562,2224
3/8/2021,565,2320
3/5/2021,562,1441
3/4/2021,546.25,2129
3/3/2021,550.25,3809
3/2/2021,560.75,8112
3/1/2021,547.5,6534
2/26/2021,555.5,21395
2/25/2021,554.75,128538
2/24/2021,559.25,174397
2/23/2021,553.75,134967
2/22/2021,551,140629
2/19/2021,542.75,203468
2/18/2021,550.25,123409
2/17/2021,553,121352
2/16/2021,552.25,146173
2/12/2021,538.75,117970
2/11/2021,541,261046
2/10/2021,534.5,285720
2/9/2021,556.25,390741
2/8/2021,563.75,267647
2/5/2021,548.5,216445
2/4/2021,550,217079
2/3/2021,552,210137
2/2/2021,543,175739
2/1/2021,549.25,219066
1/29/2021,547,279607
1/28/2021,534.5,252543
1/27/2021,534,223887
1/26/2021,532.25,232259
1/25/2021,511.5,264763
1/22/2021,500.5,289548
1/21/2021,524.25,169566
1/20/2021,522,217777
1/19/2021,526,188564
1/15/2021,531.5,167504
1/14/2021,534.25,210370
1/13/2021,524.5,327689
1/12/2021,517.25,248448
1/11/2021,492.25,176563
1/8/2021,496.25,163270
1/7/2021,494,185782
1/6/2021,495,202374
1/5/2021,491.75,219646
1/4/2021,483.75,265157
12/31/2020,484,168459
12/30/2020,474.5,163367
12/29/2020,466,191298
12/28/2020,456.5,145219
12/24/2020,451,74879
12/23/2020,447.25,147651
12/22/2020,443.5,140992
12/21/2020,440,141947
12/18/2020,437.5,128812
12/17/2020,432.5,119655
12/16/2020,427.25,111651
12/15/2020,424.75,98612
12/14/2020,419.25,200
12/11/2020,424.25,1724
12/10/2020,420.25,1262
12/9/2020,422,1079
