Security,S 1 COMB Comdty,
Start Date,12/9/2020 0:00,
End Date,12/10/2025 0:00,
Period,D,
Currency,USd,
,,
Date,PX_LAST,OPEN_INT
12/10/2025,1084.25,#N/A N/A
12/9/2025,1087.25,#N/A N/A
12/8/2025,1093.75,295335
12/5/2025,1105.25,313054
12/4/2025,1119.5,329565
12/3/2025,1115.75,335615
12/2/2025,1124.75,338780
12/1/2025,1128,347646
11/28/2025,1137.75,354968
11/26/2025,1131.5,354944
11/25/2025,1124.75,356128
11/24/2025,1123.25,363665
11/21/2025,1125,364865
11/20/2025,1122.5,375525
11/19/2025,1136.25,384890
11/18/2025,1153.5,387989
11/17/2025,1157.25,396492
11/14/2025,1112.75,6
11/13/2025,1132,51
11/12/2025,1120.5,138
11/11/2025,1113.25,232
11/10/2025,1116,485
11/7/2025,1101.75,831
11/6/2025,1091.75,983
11/5/2025,1119.75,1556
11/4/2025,1108.25,2058
11/3/2025,1119.75,3080
10/31/2025,1099.75,4807
10/30/2025,1091.25,9278
10/29/2025,1080.25,30881
10/28/2025,1078.25,51007
10/27/2025,1067.25,84989
10/24/2025,1041.75,129765
10/23/2025,1044.75,167735
10/22/2025,1034.75,184565
10/21/2025,1030.75,207136
10/20/2025,1031.75,228376
10/17/2025,1019.5,251723
10/16/2025,1010.75,273746
10/15/2025,1006.5,285694
10/14/2025,1006.5,304254
10/13/2025,1007.75,307892
10/10/2025,1006.75,307715
10/9/2025,1022.25,342973
10/8/2025,1029.5,349993
10/7/2025,1022,349866
10/6/2025,1017.75,361143
10/3/2025,1018,370070
10/2/2025,1023.75,375112
10/1/2025,1013,380690
9/30/2025,1001.75,379620
9/29/2025,1010.5,387100
9/26/2025,1013.75,390531
9/25/2025,1012.25,397721
9/24/2025,1009,399008
9/23/2025,1012,399687
9/22/2025,1011,404771
9/19/2025,1025.5,406542
9/18/2025,1037.5,403514
9/17/2025,1043.75,401705
9/16/2025,1049.75,396283
9/15/2025,1042.75,392215
9/12/2025,1025.75,20
9/11/2025,1015.25,24
9/10/2025,1005.5,42
9/9/2025,1011.5,47
9/8/2025,1013.5,79
9/5/2025,1006.5,112
9/4/2025,1012,190
9/3/2025,1016,364
9/2/2025,1025.75,1185
9/1/2025,#N/A N/A,1299
8/29/2025,1036.75,1299
8/28/2025,1028.25,1875
8/27/2025,1027.25,11199
8/26/2025,1028.75,17561
8/25/2025,1025.5,28423
8/22/2025,1036.5,44772
8/21/2025,1034.5,52999
8/20/2025,1015,58145
8/19/2025,1013,58920
8/18/2025,1020.75,60798
8/15/2025,1022.25,62084
8/14/2025,1008.5,3
8/13/2025,1023.5,4
8/12/2025,1011.75,89
8/11/2025,989.5,226
8/8/2025,966.75,246
8/7/2025,971.75,302
8/6/2025,961.5,383
8/5/2025,969,436
8/4/2025,969,574
8/1/2025,961.75,891
7/31/2025,961.75,1369
7/30/2025,967.75,2458
7/29/2025,981.75,13035
7/28/2025,988.75,28880
7/25/2025,998.75,54247
7/24/2025,1004.25,59324
7/23/2025,1005.75,79229
7/22/2025,1010.25,87810
7/21/2025,1015,93022
7/18/2025,1027.75,95090
7/17/2025,1021.5,96784
7/16/2025,1013.5,100436
7/15/2025,995,102785
7/14/2025,997,205
7/11/2025,1004,7
7/10/2025,1012.5,55
7/9/2025,1012.25,380
7/8/2025,1024.25,389
7/7/2025,1031.75,615
7/4/2025,#N/A N/A,1215
7/3/2025,1056.25,1215
7/2/2025,1050.5,1523
7/1/2025,1024.75,1968
6/30/2025,1024.25,3118
6/27/2025,1027.75,5453
6/26/2025,1022.75,19079
6/25/2025,1025.25,45678
6/24/2025,1046.75,81155
6/23/2025,1058.75,107225
6/20/2025,1068,131439
6/19/2025,#N/A N/A,161998
6/18/2025,1074.75,162194
6/17/2025,1074,171585
6/16/2025,1069.75,195743
6/13/2025,1069.75,218448
6/12/2025,1042.25,229701
6/11/2025,1050.5,252703
6/10/2025,1057.75,277065
6/9/2025,1056,292628
6/6/2025,1057.25,310899
6/5/2025,1051.75,324267
6/4/2025,1045,330202
6/3/2025,1040.75,336120
6/2/2025,1033.5,341266
5/30/2025,1041.75,340595
5/29/2025,1051.75,345395
5/28/2025,1048.5,344398
5/27/2025,1062.5,341266
5/23/2025,1060.25,340813
5/22/2025,1067.5,346108
5/21/2025,1062.75,341363
5/20/2025,1053,348836
5/19/2025,1050.75,356035
5/16/2025,1050,358902
5/15/2025,1051.25,362368
5/14/2025,1067,3
5/13/2025,1067.25,5
5/12/2025,1066,72
5/9/2025,1044,129
5/8/2025,1036.75,178
5/7/2025,1030.5,212
5/6/2025,1034.75,342
5/5/2025,1038,557
5/2/2025,1048.75,916
5/1/2025,1040.25,1691
4/30/2025,1034.75,3016
4/29/2025,1041,4852
4/28/2025,1052,26897
4/25/2025,1049.75,59559
4/24/2025,1053,92877
4/23/2025,1040.25,113485
4/22/2025,1035,127964
4/21/2025,1029.5,145365
4/18/2025,#N/A N/A,153408
4/17/2025,1036.5,153408
4/16/2025,1038.75,160082
4/15/2025,1036,178546
4/14/2025,1041.75,190661
4/11/2025,1042.75,196209
4/10/2025,1029,231794
4/9/2025,1012.75,251821
4/8/2025,992.75,282050
4/7/2025,983,303201
4/4/2025,977,335041
4/3/2025,1011.5,329222
4/2/2025,1029.5,331666
4/1/2025,1034.25,337966
3/31/2025,1014.75,348223
3/28/2025,1023,357552
3/27/2025,1016.75,363463
3/26/2025,1001,365789
3/25/2025,1001.75,375352
3/24/2025,1007.25,378001
3/21/2025,1009.75,378716
3/20/2025,1013,388367
3/19/2025,1008.25,380565
3/18/2025,1012.75,375706
3/17/2025,1015.5,373220
3/14/2025,999.25,3
3/13/2025,996.75,31
3/12/2025,987.5,109
3/11/2025,997.75,180
3/10/2025,999.75,192
3/7/2025,1010.25,358
3/6/2025,1014,394
3/5/2025,997.75,832
3/4/2025,984,996
3/3/2025,998.25,1536
2/28/2025,1011.5,2674
2/27/2025,1022.75,3647
2/26/2025,1024.5,25092
2/25/2025,1031.25,52654
2/24/2025,1029,86743
2/21/2025,1039.5,115893
2/20/2025,1045.5,149910
2/19/2025,1031.75,159234
2/18/2025,1038.5,184314
2/14/2025,1036,196155
2/13/2025,1030,209887
2/12/2025,1027.75,228252
2/11/2025,1043.5,255936
2/10/2025,1049.5,272524
2/7/2025,1049.5,283825
2/6/2025,1060.5,301839
2/5/2025,1057,303782
2/4/2025,1075,318340
2/3/2025,1058.25,316850
1/31/2025,1042,318925
1/30/2025,1044,322238
1/29/2025,1060.5,329617
1/28/2025,1045,330417
1/27/2025,1045,336044
1/24/2025,1055.75,341256
1/23/2025,1065.5,353290
1/22/2025,1056,349754
1/21/2025,1067.25,361410
1/17/2025,1034,358757
1/16/2025,1019,356859
1/15/2025,1042.75,366814
1/14/2025,1043,17
1/13/2025,1041.5,149
1/10/2025,1013.5,209
1/9/2025,992.25,287
1/8/2025,987.5,389
1/7/2025,992.25,516
1/6/2025,992.5,647
1/3/2025,981,919
1/2/2025,999.5,1743
12/31/2024,998.25,2388
12/30/2024,982,4523
12/27/2024,980,31384
12/26/2024,988,54165
12/24/2024,975.25,76465
12/23/2024,969.5,85804
12/20/2024,974.5,111975
12/19/2024,963,127227
12/18/2024,951.75,152094
12/17/2024,976.75,169017
12/16/2024,982,192846
12/13/2024,988.25,209365
12/12/2024,995.75,214960
12/11/2024,995.5,236863
12/10/2024,994.75,263435
12/9/2024,990,290550
12/6/2024,993.75,308231
12/5/2024,993.75,326616
12/4/2024,983.75,329113
12/3/2024,991.75,332285
12/2/2024,985.25,330595
11/29/2024,989.5,335146
11/27/2024,988.75,335633
11/26/2024,983.5,342349
11/25/2024,985.75,350173
11/22/2024,983.5,352834
11/21/2024,977.75,353896
11/20/2024,990.5,353132
11/19/2024,998.5,355094
11/18/2024,1009.75,356160
11/15/2024,998.5,356660
11/14/2024,985.75,9
11/13/2024,1004.25,120
11/12/2024,1003.5,159
11/11/2024,1011.75,288
11/8/2024,1016.75,335
11/7/2024,1015.5,551
11/6/2024,994.5,837
11/5/2024,993.75,1042
11/4/2024,987.25,1436
11/1/2024,982.5,2675
10/31/2024,982.5,3904
10/30/2024,976.5,5967
10/29/2024,965.25,33702
10/28/2024,974,74080
10/25/2024,987.75,114956
10/24/2024,996.25,183748
10/23/2024,997.5,208789
10/22/2024,991.75,229931
10/21/2024,981,250668
10/18/2024,970,273766
10/17/2024,988.75,288618
10/16/2024,980,307414
10/15/2024,991,318930
10/14/2024,996,315440
10/11/2024,1005.5,317048
10/10/2024,1014.75,324442
10/9/2024,1020.25,338579
10/8/2024,1016.25,353574
10/7/2024,1034,374017
10/4/2024,1037.75,388818
10/3/2024,1046,385087
10/2/2024,1056,381838
10/1/2024,1057.25,383722
9/30/2024,1057,387833
9/27/2024,1065.75,391190
9/26/2024,1041,392577
9/25/2024,1053.25,395116
9/24/2024,1042.25,399393
9/23/2024,1039.25,406338
9/20/2024,1012,407605
9/19/2024,1013.25,409122
9/18/2024,1014,406386
9/17/2024,1006,409280
9/16/2024,1004.5,408435
9/13/2024,986.75,49
9/12/2024,991.5,6
9/11/2024,979.75,31
9/10/2024,977.5,80
9/9/2024,1000,113
9/6/2024,989.25,170
9/5/2024,1008.25,244
9/4/2024,1006,435
9/3/2024,997,969
8/30/2024,982,1825
8/29/2024,973.75,1921
8/28/2024,958.5,7166
8/27/2024,967.5,11450
8/26/2024,959.75,17696
8/23/2024,952,24697
8/22/2024,941.25,38406
8/21/2024,963,43340
8/20/2024,957.25,46192
8/19/2024,956.25,48238
8/16/2024,938.75,49948
8/15/2024,951.5,51801
8/14/2024,979.75,3
8/13/2024,989,3
8/12/2024,1012,12
8/9/2024,1028,44
8/8/2024,1009.75,51
8/7/2024,1020.25,143
8/6/2024,1028.5,204
8/5/2024,1044.25,754
8/2/2024,1029.25,802
8/1/2024,1022,1098
7/31/2024,1028.5,1765
7/30/2024,1027.25,2727
7/29/2024,1054.75,10281
7/26/2024,1077.5,28037
7/25/2024,1116,52613
7/24/2024,1111,60768
7/23/2024,1117.5,64760
7/22/2024,1117.75,70213
7/19/2024,1097.25,73796
7/18/2024,1098.5,75328
7/17/2024,1097.25,81380
7/16/2024,1090.5,82899
7/15/2024,1078,86839
7/12/2024,1134.5,32
7/11/2024,1142.75,276
7/10/2024,1141.25,354
7/9/2024,1161.5,426
7/8/2024,1174.25,903
7/5/2024,1188.5,1596
7/3/2024,1176.5,2151
7/2/2024,1165,2705
7/1/2024,1159.5,3154
6/28/2024,1150.5,3932
6/27/2024,1152.25,6230
6/26/2024,1162.75,23013
6/25/2024,1163.25,45486
6/24/2024,1175.25,65387
6/21/2024,1160.5,88578
6/20/2024,1155.25,129084
6/18/2024,1174,150873
6/17/2024,1157.75,173530
6/14/2024,1179.75,186256
6/13/2024,1189.5,212320
6/12/2024,1177.25,226309
6/11/2024,1178,248806
6/10/2024,1188.25,275580
6/7/2024,1179.25,294656
6/6/2024,1200,316110
6/5/2024,1177.25,324395
6/4/2024,1179,322485
6/3/2024,1184.5,322988
5/31/2024,1205,323027
5/30/2024,1209.75,324895
5/29/2024,1214,329868
5/28/2024,1229.5,334644
5/24/2024,1248,346561
5/23/2024,1239.25,351782
5/22/2024,1246.25,358194
5/21/2024,1236.25,356220
5/20/2024,1248,369515
5/17/2024,1228,359915
5/16/2024,1216.25,348789
5/15/2024,1213.5,348098
5/14/2024,1199,6
5/13/2024,1205.5,1
5/10/2024,1205,48
5/9/2024,1192.75,125
5/8/2024,1212.75,175
5/7/2024,1232.25,180
5/6/2024,1234.75,193
5/3/2024,1201.75,603
5/2/2024,1190,996
5/1/2024,1155.75,1651
4/30/2024,1145.5,3199
4/29/2024,1160.75,7139
4/26/2024,1159.5,40350
4/25/2024,1162.75,78428
4/24/2024,1166,100123
4/23/2024,1167.5,119682
4/22/2024,1161,146013
4/19/2024,1150.5,164514
4/18/2024,1134.25,181974
4/17/2024,1149.5,199361
4/16/2024,1145,214649
4/15/2024,1158.25,226026
4/12/2024,1174,236195
4/11/2024,1159.25,246200
4/10/2024,1164.75,263607
4/9/2024,1174.5,272287
4/8/2024,1181.5,287416
4/5/2024,1185,301305
4/4/2024,1180,311432
4/3/2024,1182.25,312148
4/2/2024,1174,321515
4/1/2024,1185.75,320353
3/29/2024,#N/A N/A,326585
3/28/2024,1191.5,326585
3/27/2024,1192.5,329008
3/26/2024,1199,333133
3/25/2024,1209.25,332029
3/22/2024,1192.5,336008
3/21/2024,1212,337721
3/20/2024,1209.5,339774
3/19/2024,1185.5,341141
3/18/2024,1187.75,341101
3/15/2024,1198.25,345700
3/14/2024,1180.75,38
3/13/2024,1181.75,46
3/12/2024,1182,52
3/11/2024,1165,67
3/8/2024,1170.5,139
3/7/2024,1157,289
3/6/2024,1140.25,484
3/5/2024,1140.75,781
3/4/2024,1147,1137
3/1/2024,1143,1617
2/29/2024,1128.25,2203
2/28/2024,1134,3667
2/27/2024,1131.25,21446
2/26/2024,1136,51561
2/23/2024,1133,88340
2/22/2024,1147.75,133403
2/21/2024,1160.75,153975
2/20/2024,1179,169009
2/16/2024,1172.25,178758
2/15/2024,1162.25,183945
2/14/2024,1170.5,191646
2/13/2024,1186.25,200440
2/12/2024,1193,224884
2/9/2024,1183.5,240205
2/8/2024,1193.5,253964
2/7/2024,1189,269491
2/6/2024,1199.5,288473
2/5/2024,1196.25,296638
2/2/2024,1188.5,297694
2/1/2024,1203.25,301774
1/31/2024,1222.25,301792
1/30/2024,1218.75,307744
1/29/2024,1194.25,306698
1/26/2024,1209.25,305640
1/25/2024,1223,306288
1/24/2024,1240.25,309536
1/23/2024,1239.5,309416
1/22/2024,1224.25,307884
1/19/2024,1213.25,302323
1/18/2024,1213.5,298811
1/17/2024,1205.75,301985
1/16/2024,1227.25,297053
1/12/2024,1205.75,79
1/11/2024,1231.25,99
1/10/2024,1228.75,470
1/9/2024,1241.5,575
1/8/2024,1239.5,745
1/5/2024,1249.75,920
1/4/2024,1262,1512
1/3/2024,1269.5,1857
1/2/2024,1274,2738
12/29/2023,1293.5,4526
12/28/2023,1305.25,8231
12/27/2023,1316.75,24271
12/26/2023,1313.25,40303
12/22/2023,1299.75,57399
12/21/2023,1297.25,73416
12/20/2023,1308.25,85132
12/19/2023,1312.5,110260
12/18/2023,1327,131827
12/15/2023,1315.75,145123
12/14/2023,1314,158748
12/13/2023,1307.5,167877
12/12/2023,1323.75,180487
12/11/2023,1336,194131
12/8/2023,1304,201394
12/7/2023,1311.75,212913
12/6/2023,1295.5,220648
12/5/2023,1305.5,226272
12/4/2023,1306.25,233319
12/1/2023,1325,244293
11/30/2023,1342.75,253912
11/29/2023,1347,253485
11/28/2023,1346.5,257716
11/27/2023,1329.75,263389
11/24/2023,1330.75,271851
11/22/2023,1356.5,279666
11/21/2023,1377.25,281127
11/20/2023,1367.25,274937
11/17/2023,1340.25,279927
11/16/2023,1360.25,287555
11/15/2023,1385,290404
11/14/2023,1368.75,73
11/13/2023,1368,190
11/10/2023,1333.5,255
11/9/2023,1327.75,347
11/8/2023,1349,552
11/7/2023,1348.75,941
11/6/2023,1340.5,835
11/3/2023,1327.5,1011
11/2/2023,1304,1246
11/1/2023,1291.25,1755
10/31/2023,1287,2853
10/30/2023,1282.75,7048
10/27/2023,1297.25,51432
10/26/2023,1279.5,110501
10/25/2023,1288.25,132553
10/24/2023,1295.25,152035
10/23/2023,1286.75,170736
10/20/2023,1302.25,186491
10/19/2023,1315.5,207462
10/18/2023,1311,229789
10/17/2023,1296.75,243235
10/16/2023,1286.25,247217
10/13/2023,1280.25,254591
10/12/2023,1290,262728
10/11/2023,1252.5,275731
10/10/2023,1271.5,282989
10/9/2023,1264.25,294878
10/6/2023,1266,309932
10/5/2023,1280.75,318266
10/4/2023,1273,322048
10/3/2023,1272.75,320118
10/2/2023,1277,326354
9/29/2023,1275,326892
9/28/2023,1300.5,323141
9/27/2023,1303.25,325056
9/26/2023,1302.75,326020
9/25/2023,1297.75,327638
9/22/2023,1296.25,327788
9/21/2023,1293.75,330055
9/20/2023,1320,327673
9/19/2023,1315.5,329769
9/18/2023,1316.75,328158
9/15/2023,1340.25,329841
9/14/2023,1343.75,220
9/13/2023,1336,502
9/12/2023,1331.75,696
9/11/2023,1352.5,941
9/8/2023,1349.5,965
9/7/2023,1345,1130
9/6/2023,1360.25,1178
9/5/2023,1349,1240
9/1/2023,1356.25,1290
8/31/2023,1360,1550
8/30/2023,1381.25,2210
8/29/2023,1382,7837
8/28/2023,1395.25,12808
8/25/2023,1381,16765
8/24/2023,1365.75,23352
8/23/2023,1359.5,23290
8/22/2023,1351.5,25549
8/21/2023,1370,26612
8/18/2023,1362.75,26973
8/17/2023,1336.75,28171
8/16/2023,1334.75,30112
8/15/2023,1323.25,30977
8/14/2023,1391,41
8/11/2023,1401.25,162
8/10/2023,1412,182
8/9/2023,1431.5,226
8/8/2023,1430,311
8/7/2023,1414.5,503
8/4/2023,1444,585
8/3/2023,1428.75,735
8/2/2023,1429.75,1603
8/1/2023,1446.75,2021
7/31/2023,1445.75,2579
7/28/2023,1486.75,4034
7/27/2023,1532,9852
7/26/2023,1546.25,21026
7/25/2023,1515.5,29559
7/24/2023,1523.25,36177
7/21/2023,1501,44220
7/20/2023,1495,53254
7/19/2023,1491.5,56074
7/18/2023,1492,60137
7/17/2023,1484,62332
7/14/2023,1495.75,11
7/13/2023,1518,134
7/12/2023,1488.5,201
7/11/2023,1520.5,253
7/10/2023,1508,345
7/7/2023,1485.5,391
7/6/2023,1525.75,644
7/5/2023,1547.25,960
7/3/2023,1562,1434
6/30/2023,1557.25,2332
6/29/2023,1483,6044
6/28/2023,1451,14878
6/27/2023,1495,28313
6/26/2023,1521,45376
6/23/2023,1494.5,54332
6/22/2023,1500.5,84484
6/21/2023,1514.75,104750
6/20/2023,1477.25,120808
6/16/2023,1466.5,134917
6/15/2023,1428.25,152640
6/14/2023,1388.25,165908
6/13/2023,1399.25,184131
6/12/2023,1372.75,197411
6/9/2023,1386.5,211129
6/8/2023,1363.25,224621
6/7/2023,1360.75,243861
6/6/2023,1353.25,248062
6/5/2023,1350,251412
6/2/2023,1352.5,258189
6/1/2023,1329.5,259626
5/31/2023,1299.75,265715
5/30/2023,1296.5,264691
5/26/2023,1337.25,268344
5/25/2023,1324,270275
5/24/2023,1324.5,268056
5/23/2023,1322.5,266549
5/22/2023,1341.25,273247
5/19/2023,1307.25,270240
5/18/2023,1333.25,271101
5/17/2023,1337,268504
5/16/2023,1364,274632
5/15/2023,1400.75,277446
5/12/2023,1435,66
5/11/2023,1443.25,68
5/10/2023,1436.5,160
5/9/2023,1451.75,235
5/8/2023,1468.75,482
5/5/2023,1469,657
5/4/2023,1448.5,880
5/3/2023,1448,1129
5/2/2023,1439.5,1516
5/1/2023,1454.75,2024
4/28/2023,1444.25,2405
4/27/2023,1426.75,4736
4/26/2023,1436,16053
4/25/2023,1445.25,36516
4/24/2023,1465.25,59957
4/21/2023,1483.5,83799
4/20/2023,1497.5,112468
4/19/2023,1506.5,119290
4/18/2023,1519.25,131719
4/17/2023,1517,146406
4/14/2023,1500.5,157773
4/13/2023,1501,169639
4/12/2023,1504.25,192989
4/11/2023,1497.25,208077
4/10/2023,1487.25,220764
4/7/2023,1492.5,235744
4/6/2023,1492.5,237751
4/5/2023,1511,247485
4/4/2023,1517.5,261586
4/3/2023,1522,258708
3/31/2023,1505.5,258963
3/30/2023,1474.5,271238
3/29/2023,1477.25,277684
3/28/2023,1467.75,277041
3/27/2023,1442.25,280531
3/24/2023,1428.25,281243
3/23/2023,1419.5,293164
3/22/2023,1448.5,291075
3/21/2023,1467,292694
3/20/2023,1486,292187
3/17/2023,1476.5,303669
3/16/2023,1491.5,307609
3/15/2023,1489.25,309578
3/14/2023,1499.75,1
3/13/2023,1500,38
3/10/2023,1513,165
3/9/2023,1520,465
3/8/2023,1526.75,618
3/7/2023,1525.25,876
3/6/2023,1541,1146
3/3/2023,1530.5,1895
3/2/2023,1519.75,2740
3/1/2023,1504.25,4189
2/28/2023,1490.5,5798
2/27/2023,1518.25,12051
2/24/2023,1529,35671
2/23/2023,1534.25,68742
2/22/2023,1539.5,89462
2/21/2023,1548.75,112869
2/17/2023,1527.25,141372
2/16/2023,1526.5,160839
2/15/2023,1525.75,178509
2/14/2023,1537.5,202352
2/13/2023,1542.75,216418
2/10/2023,1542.5,229851
2/9/2023,1519.25,237847
2/8/2023,1519.75,255896
2/7/2023,1515.25,271115
2/6/2023,1521.25,281651
2/3/2023,1532,282353
2/2/2023,1534.25,291198
2/1/2023,1520.25,293731
1/31/2023,1538,302823
1/30/2023,1535.25,298933
1/27/2023,1509.5,300862
1/26/2023,1523.5,305502
1/25/2023,1502.5,307932
1/24/2023,1488.5,306864
1/23/2023,1490.25,306133
1/20/2023,1506.5,310001
1/19/2023,1514.75,311413
1/18/2023,1524.5,313547
1/17/2023,1539.75,317317
1/13/2023,1538.25,517
1/12/2023,1529.5,791
1/11/2023,1515,1065
1/10/2023,1510,1381
1/9/2023,1503.5,1637
1/6/2023,1501.5,2068
1/5/2023,1466.75,3628
1/4/2023,1478.25,3731
1/3/2023,1487.25,4922
12/30/2022,1519.25,6872
12/29/2022,1508.75,10415
12/28/2022,1506.5,24794
12/27/2022,1482.25,43563
12/23/2022,1479,64294
12/22/2022,1467.75,81218
12/21/2022,1481,95427
12/20/2022,1478.5,112080
12/19/2022,1460.75,122564
12/16/2022,1480,144882
12/15/2022,1473.5,151801
12/14/2022,1482.25,161854
12/13/2022,1479.75,165601
12/12/2022,1460.5,176236
12/9/2022,1483.75,190303
12/8/2022,1486.25,200567
12/7/2022,1472,206214
12/6/2022,1455,209644
12/5/2022,1437.75,221403
12/2/2022,1438.5,224533
12/1/2022,1429.75,228169
11/30/2022,1469.5,236336
11/29/2022,1459.5,234120
11/28/2022,1457.25,239245
11/25/2022,1436.25,234422
11/23/2022,1436,237548
11/22/2022,1429.75,241418
11/21/2022,1436.75,245337
11/18/2022,1428.25,247563
11/17/2022,1417,247249
11/16/2022,1429.25,249321
11/15/2022,1457.25,253238
11/14/2022,1441.75,55
11/11/2022,1455.5,69
11/10/2022,1430.5,217
11/9/2022,1459.75,532
11/8/2022,1444,992
11/7/2022,1440,1648
11/4/2022,1451.5,1518
11/3/2022,1426.75,1699
11/2/2022,1440,2411
11/1/2022,1435.75,2895
10/31/2022,1407,4458
10/28/2022,1387.75,10179
10/27/2022,1382.25,48312
10/26/2022,1381.75,76501
10/25/2022,1382,113721
10/24/2022,1372,135315
10/21/2022,1395.5,157027
10/20/2022,1391.5,187485
10/19/2022,1372.5,206325
10/18/2022,1372,215824
10/17/2022,1385.25,222927
10/14/2022,1383.75,227265
10/13/2022,1395.75,230409
10/12/2022,1396,246335
10/11/2022,1376.25,254818
10/10/2022,1374,264541
10/7/2022,1367,264876
10/6/2022,1358,276091
10/5/2022,1369.75,280071
10/4/2022,1383.5,281724
10/3/2022,1374,284749
9/30/2022,1364.75,295089
9/29/2022,1410.75,294956
9/28/2022,1408.75,315173
9/27/2022,1408,314398
9/26/2022,1411.25,312951
9/23/2022,1425.75,310775
9/22/2022,1457,310938
9/21/2022,1461.25,312289
9/20/2022,1478.75,316262
9/19/2022,1461.25,319329
9/16/2022,1448.5,323470
9/15/2022,1451.5,328423
9/14/2022,1503.75,322
9/13/2022,1534.25,520
9/12/2022,1549.75,685
9/9/2022,1489.25,695
9/8/2022,1470.5,702
9/7/2022,1466.75,743
9/6/2022,1490,794
9/2/2022,1510.5,856
9/1/2022,1472.75,899
8/31/2022,1507.5,832
8/30/2022,1513,1071
8/29/2022,1534.75,3579
8/26/2022,1605.25,7712
8/25/2022,1552.5,19660
8/24/2022,1560.75,21965
8/23/2022,1566.75,23429
8/22/2022,1527,23069
8/19/2022,1488.75,23070
8/18/2022,1495.5,23071
8/17/2022,1475.25,23460
8/16/2022,1454.25,24226
8/15/2022,1494,26091
8/12/2022,1669.25,15
8/11/2022,1709.5,29
8/10/2022,1688.75,98
8/9/2022,1693.25,231
8/8/2022,1619.5,307
8/5/2022,1614.75,427
8/4/2022,1615,575
8/3/2022,1558,879
8/2/2022,1569.25,1387
8/1/2022,1594.25,2012
7/29/2022,1637,2635
7/28/2022,1609.25,4895
7/27/2022,1578.75,11077
7/26/2022,1532.75,19556
7/25/2022,1473,28478
7/22/2022,1434.5,31724
7/21/2022,1418.5,49879
7/20/2022,1449,51828
7/19/2022,1477.25,52336
7/18/2022,1497.25,52384
7/15/2022,1466,53370
7/14/2022,1610,6
7/13/2022,1588.25,65
7/12/2022,1592.75,108
7/11/2022,1641,456
7/8/2022,1630.25,773
7/7/2022,1591.25,1088
7/6/2022,1580.25,1696
7/5/2022,1575.25,3465
7/1/2022,1626,5106
6/30/2022,1675,9175
6/29/2022,1674.25,12916
6/28/2022,1663.75,28114
6/27/2022,1630.5,50439
6/24/2022,1610.75,73111
6/23/2022,1593.25,110711
6/22/2022,1652.75,120207
6/21/2022,1681,136610
6/17/2022,1702,151403
6/16/2022,1709.5,161674
6/15/2022,1693.75,167967
6/14/2022,1698.5,178104
6/13/2022,1707.5,185311
6/10/2022,1745.5,200877
6/9/2022,1769,228998
6/8/2022,1740,238221
6/7/2022,1728.25,246349
6/6/2022,1699.25,258491
6/3/2022,1697.75,265589
6/2/2022,1729.25,275089
6/1/2022,1690.25,275260
5/31/2022,1683.25,281658
5/27/2022,1732.25,296223
5/26/2022,1726.5,296248
5/25/2022,1681,294854
5/24/2022,1693,298166
5/23/2022,1687,302685
5/20/2022,1705.25,305450
5/19/2022,1690.5,311292
5/18/2022,1662.75,307701
5/17/2022,1678,304971
5/16/2022,1656.5,304021
5/13/2022,1723.25,#N/A N/A
5/12/2022,1660.25,10
5/11/2022,1650.25,71
5/10/2022,1630,318
5/9/2022,1621,689
5/6/2022,1655.5,979
5/5/2022,1678.5,1314
5/4/2022,1669.75,1866
5/3/2022,1659,2356
5/2/2022,1674,2965
4/29/2022,1708.25,3870
4/28/2022,1706.5,5548
4/27/2022,1726.5,18723
4/26/2022,1705.25,41219
4/25/2022,1703.5,60142
4/22/2022,1716,79267
4/21/2022,1748.25,106163
4/20/2022,1746.75,125777
4/19/2022,1716.5,130182
4/18/2022,1714.75,134601
4/15/2022,#N/A N/A,142779
4/14/2022,1682.25,142779
4/13/2022,1676,152996
4/12/2022,1670.25,174968
4/11/2022,1655.25,198092
4/8/2022,1689,215116
4/7/2022,1645.5,225509
4/6/2022,1619.5,235928
4/5/2022,1631,243007
4/4/2022,1602.25,247296
4/1/2022,1582.75,253261
3/31/2022,1618.25,261838
3/30/2022,1664,259419
3/29/2022,1643,265579
3/28/2022,1664.25,268430
3/25/2022,1710.25,272177
3/24/2022,1700.75,275474
3/23/2022,1718.75,278677
3/22/2022,1696.5,278073
3/21/2022,1691,280274
3/18/2022,1668,279597
3/17/2022,1668.5,284453
3/16/2022,1649.25,281249
3/15/2022,1658.75,282448
3/14/2022,1687.25,71
3/11/2022,1690.75,196
3/10/2022,1700,330
3/9/2022,1686.5,472
3/8/2022,1704.5,993
3/7/2022,1674.25,1186
3/4/2022,1676.25,1448
3/3/2022,1680.25,1704
3/2/2022,1677.5,2534
3/1/2022,1705.5,3394
2/28/2022,1644.25,4132
2/25/2022,1590.25,6817
2/24/2022,1661.5,20861
2/23/2022,1675,47658
2/22/2022,1635,74561
2/18/2022,1601.5,109006
2/17/2022,1592,133405
2/16/2022,1587.5,155684
2/15/2022,1551.25,168902
2/14/2022,1570,180109
2/11/2022,1583,192171
2/10/2022,1574.25,209733
2/9/2022,1594.75,220629
2/8/2022,1569,231508
2/7/2022,1581.75,244271
2/4/2022,1553.5,257768
2/3/2022,1544.25,261036
2/2/2022,1545.25,266086
2/1/2022,1528.5,274385
1/31/2022,1490.5,272604
1/28/2022,1470,269544
1/27/2022,1448.25,269813
1/26/2022,1440,272267
1/25/2022,1407.25,279888
1/24/2022,1403,282956
1/21/2022,1414.25,286331
1/20/2022,1425.75,290881
1/19/2022,1391.25,287497
1/18/2022,1361.25,285847
1/14/2022,1356.75,38
1/13/2022,1365.25,163
1/12/2022,1391.25,198
1/11/2022,1376.75,108
1/10/2022,1374.75,205
1/7/2022,1401.5,333
1/6/2022,1377.25,538
1/5/2022,1384.25,833
1/4/2022,1378.75,920
1/3/2022,1344,1820
12/31/2021,1328.75,2844
12/30/2021,1327.75,3979
12/29/2021,1356.5,12770
12/28/2021,1359.25,28342
12/27/2021,1362.5,38887
12/23/2021,1332,51530
12/22/2021,1328.75,71439
12/21/2021,1308,79931
12/20/2021,1292.25,91476
12/17/2021,1285.25,100221
12/16/2021,1277.25,120328
12/15/2021,1262.5,129144
12/14/2021,1259.5,140090
12/13/2021,1244,152778
12/10/2021,1267.75,165695
12/9/2021,1264.5,171089
12/8/2021,1261,186458
12/7/2021,1250.25,198625
12/6/2021,1261.5,213373
12/3/2021,1267.25,218608
12/2/2021,1244.25,220589
12/1/2021,1228.25,225490
11/30/2021,1217.25,228347
11/29/2021,1241.5,231093
11/26/2021,1252.75,236347
11/24/2021,1266.5,240422
11/23/2021,1273,245461
11/22/2021,1274.25,250314
11/19/2021,1263.25,251732
11/18/2021,1265.25,250376
11/17/2021,1277,254194
11/16/2021,1251.25,250995
11/15/2021,1257.25,250944
11/12/2021,1234,32
11/11/2021,1212.25,150
11/10/2021,1203.5,515
11/9/2021,1199.5,733
11/8/2021,1178,932
11/5/2021,1192.25,1216
11/4/2021,1209.25,1697
11/3/2021,1231.5,1818
11/2/2021,1244,2048
11/1/2021,1236.75,2820
10/29/2021,1235.75,4355
10/28/2021,1233.75,8658
10/27/2021,1239.25,38166
10/26/2021,1238,72133
10/25/2021,1237.25,92524
10/22/2021,1220.5,126148
10/21/2021,1224,210136
10/20/2021,1245.5,218568
10/19/2021,1228,231299
10/18/2021,1221.5,249722
10/15/2021,1217.75,255687
10/14/2021,1206.25,259022
10/13/2021,1195.25,272743
10/12/2021,1198.25,285327
10/11/2021,1228.25,283525
10/8/2021,1243,290755
10/7/2021,1247.25,300179
10/6/2021,1242,311566
10/5/2021,1250.5,316600
10/4/2021,1235.75,318862
10/1/2021,1246.5,321129
9/30/2021,1256,324251
9/29/2021,1283.75,327527
9/28/2021,1277,327477
9/27/2021,1287.5,329484
9/24/2021,1285,325109
9/23/2021,1284.25,321175
9/22/2021,1282.75,321772
9/21/2021,1274,322276
9/20/2021,1262.5,324452
9/17/2021,1284,325065
9/16/2021,1296,328587
9/15/2021,1294.5,333358
9/14/2021,1276.5,1
9/13/2021,1272.5,48
9/10/2021,1275.25,61
9/9/2021,1258.75,96
9/8/2021,1270.75,157
9/7/2021,1268.75,186
9/3/2021,1283,196
9/2/2021,1279.25,232
9/1/2021,1277.75,430
8/31/2021,1298.75,918
8/30/2021,1304.75,1322
8/27/2021,1359.25,8596
8/26/2021,1367.5,18450
8/25/2021,1346,22738
8/24/2021,1337,26894
8/23/2021,1294,31350
8/20/2021,1293.75,34133
8/19/2021,1323,32856
8/18/2021,1358.25,33191
8/17/2021,1369,33982
8/16/2021,1376,34147
8/13/2021,1424.25,#N/A N/A
8/12/2021,1401.5,36
8/11/2021,1405.5,73
8/10/2021,1447.5,334
8/9/2021,1433.75,922
8/6/2021,1422.25,1244
8/5/2021,1402.5,1721
8/4/2021,1403.5,2286
8/3/2021,1392.25,3954
8/2/2021,1418.75,5518
7/30/2021,1414.75,6335
7/29/2021,1434.25,7920
7/28/2021,1432,17882
7/27/2021,1418.25,24074
7/26/2021,1412.75,28624
7/23/2021,1401,33701
7/22/2021,1416.25,41030
7/21/2021,1439.25,43654
7/20/2021,1443.5,45661
7/19/2021,1428,51778
7/16/2021,1454.75,50787
7/15/2021,1447.5,50512
7/14/2021,1467.75,#N/A N/A
7/13/2021,1438,24
7/12/2021,1432.5,185
7/9/2021,1404,282
7/8/2021,1390.25,536
7/7/2021,1386.5,868
7/6/2021,1363.75,1564
7/2/2021,1451.75,2016
7/1/2021,1446.75,2816
6/30/2021,1450,3842
6/29/2021,1359.75,6439
6/28/2021,1357,14524
6/25/2021,1329.75,35880
6/24/2021,1371.25,107977
6/23/2021,1385,118256
6/22/2021,1394.5,125707
6/21/2021,1415,129169
6/18/2021,1396,135212
6/17/2021,1329.75,145034
6/16/2021,1448.5,152241
6/15/2021,1465.75,156293
6/14/2021,1472.25,164124
6/11/2021,1508.5,177188
6/10/2021,1544,196622
6/9/2021,1562.5,216678
6/8/2021,1580,238462
6/7/2021,1560.25,251079
6/4/2021,1583.75,268784
6/3/2021,1549.25,271324
6/2/2021,1562.5,276142
6/1/2021,1548.5,284513
5/28/2021,1530.5,289265
5/27/2021,1537,291456
5/26/2021,1503.5,294582
5/25/2021,1511.75,297033
5/24/2021,1522.75,300851
5/21/2021,1526.25,303742
5/20/2021,1533.25,302031
5/19/2021,1538.25,303006
5/18/2021,1574.25,311791
5/17/2021,1587.5,314338
5/14/2021,1603.75,22
5/13/2021,1612.25,50
5/12/2021,1660.5,316
5/11/2021,1637.5,364
5/10/2021,1620,436
5/7/2021,1621,762
5/6/2021,1605.5,1227
5/5/2021,1582,1649
5/4/2021,1577,2045
5/3/2021,1560.25,3172
4/30/2021,1571,4422
4/29/2021,1542.5,7130
4/28/2021,1557.75,19172
4/27/2021,1549.75,52604
4/26/2021,1569,77482
4/23/2021,1539.75,98477
4/22/2021,1533.25,131275
4/21/2021,1497.25,147300
4/20/2021,1472,161453
4/19/2021,1449.75,181192
4/16/2021,1433.25,185947
4/15/2021,1418.25,193639
4/14/2021,1410,203858
4/13/2021,1389.5,210160
4/12/2021,1382,222019
4/9/2021,1403,246716
4/8/2021,1415.25,264595
4/7/2021,1408.75,279848
4/6/2021,1418.75,284668
4/5/2021,1412.75,284632
4/2/2021,1402,286234
4/1/2021,1402,286273
3/31/2021,1436.75,296006
3/30/2021,1366.75,301827
3/29/2021,1393,305045
3/26/2021,1400.5,308841
3/25/2021,1414.25,307757
3/24/2021,1432.75,312064
3/23/2021,1423.25,314610
3/22/2021,1417.5,315149
3/19/2021,1416.25,318508
3/18/2021,1392.25,319039
3/17/2021,1417.75,320119
3/16/2021,1423.25,325805
3/15/2021,1419.5,332208
3/12/2021,1415.75,3
3/11/2021,1415.5,26
3/10/2021,1411.5,166
3/9/2021,1441.25,451
3/8/2021,1437.75,581
3/5/2021,1434.25,704
3/4/2021,1415.25,777
3/3/2021,1410.75,1028
3/2/2021,1414,1489
3/1/2021,1392.5,1943
2/26/2021,1405.25,2734
2/25/2021,1406,5150
2/24/2021,1423.75,21712
2/23/2021,1406,48129
2/22/2021,1383.75,70941
2/19/2021,1377.25,99633
2/18/2021,1375,150525
2/17/2021,1383.75,166991
2/16/2021,1384.75,174951
2/12/2021,1372,195952
2/11/2021,1367.5,205732
2/10/2021,1354,222032
2/9/2021,1401.75,236722
2/8/2021,1387.75,255638
2/5/2021,1366.75,270906
2/4/2021,1372.5,291246
2/3/2021,1371.25,295750
2/2/2021,1354.75,299187
2/1/2021,1365.25,300123
1/29/2021,1370,305373
1/28/2021,1353.25,307001
1/27/2021,1374.75,312837
1/26/2021,1370.25,328931
1/25/2021,1343.5,332410
1/22/2021,1311.75,338462
1/21/2021,1370.25,352896
1/20/2021,1369.5,358270
1/19/2021,1385.75,366235
1/15/2021,1416.75,375156
1/14/2021,1436.5,11
1/13/2021,1411,52
1/12/2021,1422,199
1/11/2021,1374.5,462
1/8/2021,1375.75,689
1/7/2021,1360.5,1133
1/6/2021,1365.25,1962
1/5/2021,1350,2499
1/4/2021,1316.5,3071
12/31/2020,1315.25,4198
12/30/2020,1303.75,6001
12/29/2020,1295.5,15691
12/28/2020,1255.25,33750
12/24/2020,1263.5,61607
12/23/2020,1258.75,86074
12/22/2020,1247.25,102115
12/21/2020,1243.25,118882
12/18/2020,1220,129368
12/17/2020,1201.25,141343
12/16/2020,1183.75,148691
12/15/2020,1184.25,163535
12/14/2020,1169.5,171289
12/11/2020,1160.5,179304
12/10/2020,1152.75,193333
12/9/2020,1158.5,208104
