date,c1_bid,c1_oi,c1_vol,c2_bid,c2_oi,c2_vol
2020-12-09,420.0,2327.0,1079.0,423.25,872171.0,87642.0
2020-12-10,419.0,1432.0,1262.0,421.75,870347.0,129701.0
2020-12-11,424.5,219.0,1724.0,423.5,867614.0,105879.0
2020-12-14,,69.0,200.0,424.0,862016.0,108692.0
2020-12-15,424.75,858006.0,98612.0,428.25,246440.0,29411.0
2020-12-16,426.25,852176.0,111651.0,429.0,247669.0,41015.0
2020-12-17,432.0,850530.0,119655.0,434.0,248154.0,23390.0
2020-12-18,436.75,849771.0,128812.0,439.0,250733.0,35957.0
2020-12-21,440.0,845125.0,141947.0,441.75,251932.0,33145.0
2020-12-22,443.0,848793.0,140992.0,443.5,253287.0,34063.0
2020-12-23,447.0,847087.0,147651.0,447.5,255554.0,43217.0
2020-12-24,450.5,844319.0,74879.0,446.25,256070.0,18148.0
2020-12-28,456.5,836060.0,145219.0,456.75,257842.0,39206.0
2020-12-29,466.0,833728.0,191298.0,465.5,265308.0,65840.0
2020-12-30,474.0,831878.0,163367.0,473.0,269386.0,48366.0
2020-12-31,484.0,835996.0,168459.0,483.25,272697.0,43430.0
2021-01-04,484.5,831459.0,265157.0,484.75,281289.0,86562.0
2021-01-05,492.5,826848.0,219646.0,492.5,290294.0,68287.0
2021-01-06,495.25,831675.0,202374.0,495.75,306621.0,79113.0
2021-01-07,494.0,824202.0,185782.0,495.0,325940.0,81336.0
2021-01-08,496.25,819155.0,163270.0,497.0,331130.0,64602.0
2021-01-11,491.25,804053.0,176563.0,492.75,333786.0,65234.0
2021-01-12,517.25,802695.0,248448.0,519.0,350866.0,118998.0
2021-01-13,522.5,799333.0,327689.0,527.0,355642.0,140652.0
2021-01-14,534.0,782102.0,210370.0,537.75,370387.0,100391.0
2021-01-15,530.25,763830.0,167504.0,533.0,375019.0,73837.0
2021-01-19,525.0,745487.0,188564.0,526.5,373260.0,83484.0
2021-01-20,521.75,732214.0,217777.0,523.0,391405.0,89349.0
2021-01-21,524.0,724336.0,169566.0,525.75,400999.0,68678.0
2021-01-22,500.5,697248.0,289548.0,501.5,410286.0,98837.0
2021-01-25,512.0,686154.0,264763.0,514.0,419073.0,100172.0
2021-01-26,530.75,677404.0,232259.0,532.75,433377.0,112746.0
2021-01-27,532.5,663403.0,223887.0,533.5,440299.0,95124.0
2021-01-28,534.0,658302.0,252543.0,531.75,444723.0,130588.0
2021-01-29,547.0,645329.0,279607.0,545.0,456798.0,148724.0
2021-02-01,549.75,629626.0,219066.0,548.25,461440.0,106627.0
2021-02-02,543.0,613697.0,175739.0,541.5,465332.0,89263.0
2021-02-03,551.5,605755.0,210137.0,549.0,476007.0,110263.0
2021-02-04,549.0,592096.0,217079.0,547.5,482552.0,122103.0
2021-02-05,548.0,553608.0,216445.0,546.0,503837.0,144686.0
2021-02-08,564.5,516003.0,267647.0,561.75,527365.0,184673.0
2021-02-09,555.5,461987.0,390741.0,557.0,569897.0,257642.0
2021-02-10,532.5,421496.0,285720.0,532.0,596856.0,187442.0
2021-02-11,540.0,387476.0,261046.0,538.0,629781.0,196468.0
2021-02-12,539.25,374745.0,117970.0,536.5,638460.0,76850.0
2021-02-16,551.5,345313.0,146173.0,548.75,643785.0,93764.0
2021-02-17,552.0,330757.0,121352.0,549.5,658602.0,91859.0
2021-02-18,549.5,310701.0,123409.0,548.0,689393.0,104708.0
2021-02-19,544.0,226599.0,203468.0,542.0,730144.0,187959.0
2021-02-22,550.5,183406.0,140629.0,550.25,749224.0,152270.0
2021-02-23,553.5,154367.0,134967.0,552.5,767566.0,192743.0
2021-02-24,559.75,89614.0,174397.0,556.5,777336.0,230060.0
2021-02-25,555.0,35443.0,128538.0,549.5,779651.0,278936.0
2021-02-26,555.0,21134.0,21395.0,548.0,772922.0,168514.0
2021-03-01,549.0,16588.0,6534.0,538.5,768720.0,148415.0
2021-03-02,560.0,10717.0,8112.0,543.75,759332.0,178021.0
2021-03-03,550.0,8135.0,3809.0,534.25,753435.0,132319.0
2021-03-04,545.0,6801.0,2129.0,532.25,748851.0,153481.0
2021-03-05,546.0,5794.0,1441.0,545.5,743959.0,137762.0
2021-03-08,560.0,4035.0,2320.0,547.0,737340.0,162292.0
2021-03-09,551.75,2283.0,2224.0,545.25,732053.0,138207.0
2021-03-10,541.0,654.0,1986.0,533.0,722846.0,169761.0
2021-03-11,541.0,158.0,672.0,537.75,711911.0,121518.0
2021-03-12,,143.0,66.0,540.0,706090.0,123442.0
2021-03-15,548.0,705501.0,140615.0,535.75,408423.0,56701.0
2021-03-16,553.0,699655.0,132710.0,541.0,409108.0,55959.0
2021-03-17,556.0,690358.0,129647.0,540.25,412976.0,58068.0
2021-03-18,546.5,682472.0,157912.0,530.5,400416.0,82610.0
2021-03-19,557.0,674236.0,158521.0,536.0,395027.0,73556.0
2021-03-22,550.0,668058.0,129296.0,532.75,401128.0,52354.0
2021-03-23,551.5,657706.0,122094.0,533.75,406369.0,53516.0
2021-03-24,552.5,650917.0,92011.0,535.25,408979.0,43878.0
2021-03-25,546.25,646977.0,142181.0,532.5,411915.0,64090.0
2021-03-26,551.75,643481.0,124031.0,534.75,414367.0,53091.0
2021-03-29,546.0,637172.0,119797.0,530.0,420273.0,46087.0
2021-03-30,538.0,628760.0,136033.0,520.75,421513.0,63278.0
2021-03-31,564.25,622246.0,145896.0,547.5,422345.0,87684.0
2021-04-01,558.75,615378.0,249753.0,544.0,429258.0,108989.0
2021-04-02,558.75,615169.0,,544.0,429257.0,
2021-04-05,553.0,602184.0,143679.0,538.25,437398.0,88758.0
2021-04-06,554.5,583487.0,134848.0,541.0,446709.0,77425.0
2021-04-07,560.25,576150.0,158002.0,546.0,455309.0,107171.0
2021-04-08,579.0,556250.0,258786.0,561.0,480754.0,187448.0
2021-04-09,576.25,515588.0,249738.0,561.5,518324.0,172077.0
2021-04-12,568.0,468245.0,198642.0,555.0,560004.0,149566.0
2021-04-13,580.0,424205.0,225715.0,566.25,606470.0,176626.0
2021-04-14,593.75,388909.0,242724.0,579.0,652174.0,186944.0
2021-04-15,589.75,354032.0,176855.0,577.0,678176.0,138034.0
2021-04-16,587.0,323909.0,165261.0,575.0,705249.0,138956.0
2021-04-19,592.0,293449.0,105991.0,580.0,714917.0,81451.0
2021-04-20,607.25,268597.0,180193.0,592.0,721045.0,172258.0
2021-04-21,626.0,248742.0,163261.0,605.25,735313.0,183005.0
2021-04-22,650.5,231523.0,147251.0,631.5,739985.0,179247.0
2021-04-23,657.5,168158.0,157732.0,635.0,750133.0,233004.0
2021-04-26,680.5,127419.0,157505.0,657.5,757581.0,236175.0
2021-04-27,695.75,67729.0,166136.0,654.25,741565.0,384490.0
2021-04-28,687.0,26797.0,107987.0,640.0,745532.0,314724.0
2021-04-29,699.25,12543.0,30786.0,648.0,745500.0,181952.0
2021-04-30,715.0,7296.0,9862.0,673.25,746663.0,148309.0
2021-05-03,729.5,5275.0,3094.0,681.25,735575.0,232788.0
2021-05-04,742.75,4005.0,1827.0,696.75,726355.0,204867.0
2021-05-05,745.0,2715.0,1778.0,708.0,717577.0,199836.0
2021-05-06,750.0,1663.0,2419.0,718.75,719805.0,194339.0
2021-05-07,755.5,1342.0,680.0,731.0,711629.0,192878.0
2021-05-10,735.0,828.0,814.0,714.0,705248.0,190149.0
2021-05-11,759.5,479.0,404.0,723.0,702779.0,180975.0
2021-05-12,751.0,210.0,328.0,714.5,695484.0,200830.0
2021-05-13,579.0,21.0,307.0,674.75,683888.0,247856.0
2021-05-14,,,28.0,645.0,672567.0,313038.0
2021-05-17,652.0,659332.0,185347.0,565.0,274595.0,46183.0
2021-05-18,659.25,650578.0,161908.0,571.75,282330.0,43399.0
2021-05-19,661.0,645771.0,136686.0,569.0,286206.0,34463.0
2021-05-20,664.25,637495.0,119730.0,575.0,290529.0,29772.0
2021-05-21,657.0,629918.0,109618.0,571.25,294457.0,27958.0
2021-05-24,658.0,624460.0,106865.0,569.0,301030.0,28062.0
2021-05-25,620.25,618761.0,211650.0,539.5,305925.0,49767.0
2021-05-26,624.0,612617.0,182610.0,547.0,314717.0,53644.0
2021-05-27,664.5,603409.0,160605.0,583.25,321303.0,61192.0
2021-05-28,657.0,592988.0,150329.0,570.5,325437.0,43448.0
2021-06-01,686.75,585352.0,163972.0,599.75,329650.0,58600.0
2021-06-02,675.0,570127.0,163861.0,593.0,331589.0,71299.0
2021-06-03,662.0,553081.0,166363.0,580.75,334766.0,75031.0
2021-06-04,680.75,539365.0,142300.0,603.5,335241.0,69245.0
2021-06-07,680.0,508319.0,254039.0,621.75,357629.0,143058.0
2021-06-08,681.75,479251.0,224000.0,627.75,378383.0,134656.0
2021-06-09,694.25,441003.0,214261.0,630.5,408825.0,126313.0
2021-06-10,699.0,405171.0,256320.0,635.0,445166.0,142203.0
2021-06-11,685.25,370689.0,233946.0,628.75,474498.0,132241.0
2021-06-14,662.5,353924.0,159570.0,597.0,475132.0,75697.0
2021-06-15,667.5,320374.0,176454.0,591.75,478516.0,74082.0
2021-06-16,671.5,305775.0,169908.0,586.25,485533.0,91211.0
2021-06-17,633.0,277524.0,192026.0,547.75,485993.0,101671.0
2021-06-18,652.5,256431.0,184523.0,575.0,498963.0,105090.0
2021-06-21,659.0,236093.0,127442.0,566.5,497420.0,64277.0
2021-06-22,660.0,192919.0,145930.0,551.5,497383.0,96067.0
2021-06-23,662.25,160881.0,127090.0,547.25,502191.0,83201.0
2021-06-24,653.0,135024.0,143749.0,548.75,504420.0,115512.0
2021-06-25,636.75,79278.0,123016.0,530.0,512255.0,90061.0
2021-06-28,676.5,46210.0,83833.0,555.0,516932.0,93261.0
2021-06-29,693.0,16957.0,58727.0,559.25,514343.0,105609.0
2021-06-30,719.0,7781.0,18226.0,599.25,512739.0,137250.0
2021-07-01,714.0,5174.0,4706.0,601.0,510189.0,121488.0
2021-07-02,690.0,2606.0,4751.0,591.5,509665.0,71037.0
2021-07-06,655.0,1800.0,1707.0,552.0,504181.0,51430.0
2021-07-07,653.0,1334.0,590.0,542.75,494764.0,99672.0
2021-07-08,635.0,918.0,497.0,537.0,482243.0,82853.0
2021-07-09,615.0,529.0,530.0,527.0,481305.0,91100.0
2021-07-12,615.0,245.0,431.0,543.0,477145.0,83984.0
2021-07-13,664.0,95.0,329.0,550.75,470114.0,97432.0
2021-07-14,,77.0,26.0,569.25,461396.0,88996.0
2021-07-15,563.0,456220.0,69356.0,554.5,617357.0,107842.0
2021-07-16,552.75,448567.0,83019.0,551.75,621197.0,130812.0
2021-07-19,556.0,441594.0,67343.0,551.0,622746.0,132571.0
2021-07-20,571.25,436530.0,77004.0,565.75,624313.0,146526.0
2021-07-21,571.25,427615.0,78998.0,568.0,630956.0,143691.0
2021-07-22,565.25,422248.0,81023.0,560.25,630984.0,146619.0
2021-07-23,545.5,413264.0,81447.0,543.0,635524.0,127254.0
2021-07-26,548.75,406177.0,72948.0,546.5,636576.0,112739.0
2021-07-27,549.0,399731.0,67236.0,547.0,639192.0,110873.0
2021-07-28,550.0,392832.0,62378.0,549.5,646689.0,91952.0
2021-07-29,557.0,383903.0,71556.0,555.0,655111.0,106719.0
2021-07-30,546.75,383263.0,65198.0,544.5,653066.0,97008.0
2021-08-02,558.0,372245.0,83836.0,558.25,655011.0,131664.0
2021-08-03,550.5,359615.0,95208.0,551.0,658298.0,155031.0
2021-08-04,546.25,351887.0,70049.0,546.5,654936.0,126044.0
2021-08-05,555.0,344056.0,92967.0,553.0,656185.0,142120.0
2021-08-06,554.5,305769.0,142762.0,556.0,659814.0,182753.0
2021-08-09,550.0,272616.0,144339.0,553.25,674694.0,175984.0
2021-08-10,549.0,239555.0,143634.0,552.0,693518.0,171584.0
2021-08-11,555.0,207242.0,184260.0,558.0,723846.0,232705.0
2021-08-12,565.75,186562.0,247372.0,573.0,758637.0,441563.0
2021-08-13,567.25,170705.0,97466.0,571.0,758996.0,184832.0
2021-08-16,563.75,163845.0,60693.0,568.5,763859.0,116802.0
2021-08-17,558.25,153873.0,67739.0,563.75,766983.0,121559.0
2021-08-18,561.0,144742.0,64048.0,563.25,769198.0,97177.0
2021-08-19,550.0,138455.0,90493.0,552.0,775153.0,165318.0
2021-08-20,537.75,132981.0,83003.0,536.5,779388.0,173056.0
2021-08-23,538.5,125606.0,50271.0,536.5,778467.0,121370.0
2021-08-24,544.0,114389.0,82653.0,544.5,781869.0,145673.0
2021-08-25,550.75,99734.0,80083.0,551.0,785709.0,145502.0
2021-08-26,552.0,82468.0,73859.0,550.0,785215.0,111370.0
2021-08-27,560.0,42261.0,107357.0,553.25,785344.0,155137.0
2021-08-30,540.0,9266.0,73569.0,542.5,797196.0,217903.0
2021-08-31,534.0,4875.0,8135.0,535.0,793811.0,209696.0
2021-09-01,515.5,2787.0,5192.0,522.75,791701.0,200771.0
2021-09-02,505.0,1966.0,1319.0,524.75,787405.0,141425.0
2021-09-03,505.0,1457.0,967.0,524.0,779231.0,115800.0
2021-09-07,489.0,1037.0,734.0,510.75,775012.0,154946.0
2021-09-08,498.25,715.0,451.0,510.25,768138.0,156332.0
2021-09-09,489.0,604.0,164.0,510.0,756401.0,173940.0
2021-09-10,400.0,311.0,370.0,516.0,745929.0,264579.0
2021-09-13,400.0,83.0,313.0,512.5,741803.0,123454.0
2021-09-14,,17.0,81.0,520.75,738290.0,114271.0
2021-09-15,534.25,737030.0,152827.0,540.0,250275.0,50418.0
2021-09-16,529.5,729646.0,118905.0,537.0,248754.0,36680.0
2021-09-17,527.25,729480.0,109533.0,533.75,249889.0,36312.0
2021-09-20,522.0,716956.0,125356.0,534.0,256821.0,45656.0
2021-09-21,516.75,710440.0,119145.0,524.25,256895.0,28616.0
2021-09-22,524.25,709243.0,112326.0,531.5,257080.0,30109.0
2021-09-23,529.0,706502.0,95990.0,536.25,258628.0,18910.0
2021-09-24,526.0,708375.0,93098.0,532.75,259741.0,16835.0
2021-09-27,539.0,705820.0,144946.0,543.5,263727.0,30999.0
2021-09-28,532.5,694638.0,125830.0,540.5,266758.0,31793.0
2021-09-29,539.25,690367.0,107220.0,546.75,269092.0,33968.0
2021-09-30,536.75,691389.0,222135.0,544.5,270622.0,56135.0
2021-10-01,541.5,683752.0,135599.0,549.75,275583.0,43726.0
2021-10-04,540.0,679398.0,132923.0,549.0,281556.0,41834.0
2021-10-05,537.5,667364.0,119598.0,544.75,285481.0,47887.0
2021-10-06,532.0,658921.0,126943.0,540.5,289026.0,45914.0
2021-10-07,534.0,652185.0,104997.0,542.0,295148.0,38664.0
2021-10-08,530.5,645330.0,95481.0,539.0,305309.0,38748.0
2021-10-11,532.5,630724.0,104166.0,542.0,306951.0,40546.0
2021-10-12,523.0,627140.0,196596.0,532.0,315611.0,56169.0
2021-10-13,511.25,620226.0,203330.0,522.0,320049.0,69387.0
2021-10-14,516.0,615150.0,140335.0,525.5,321633.0,68585.0
2021-10-15,525.75,609932.0,130243.0,534.75,322687.0,45121.0
2021-10-18,532.75,609096.0,119583.0,539.5,326056.0,33491.0
2021-10-19,530.0,602920.0,119081.0,538.5,331887.0,49732.0
2021-10-20,539.0,602945.0,129884.0,547.5,341480.0,52009.0
2021-10-21,532.25,599255.0,119388.0,541.5,351569.0,57980.0
2021-10-22,538.0,601139.0,109345.0,546.0,353226.0,37476.0
2021-10-25,538.0,597064.0,107050.0,546.25,356358.0,37948.0
2021-10-26,542.0,592909.0,146995.0,550.25,362038.0,54620.0
2021-10-27,557.0,595216.0,241141.0,565.75,371308.0,90522.0
2021-10-28,562.0,595361.0,164258.0,571.0,379644.0,62907.0
2021-10-29,568.25,597061.0,135195.0,576.0,385588.0,56161.0
2021-11-01,579.0,596163.0,197409.0,586.0,394631.0,79099.0
2021-11-02,572.5,594939.0,174067.0,580.5,399921.0,73354.0
2021-11-03,563.75,594712.0,149892.0,570.5,404623.0,67298.0
2021-11-04,559.0,587231.0,149483.0,567.5,414023.0,62742.0
2021-11-05,552.75,544899.0,192123.0,561.0,444923.0,126171.0
2021-11-08,551.5,514422.0,166976.0,560.25,489618.0,106777.0
2021-11-09,555.0,471804.0,246899.0,565.0,515945.0,155208.0
2021-11-10,568.0,448952.0,209267.0,577.25,540703.0,132801.0
2021-11-11,569.0,431856.0,264523.0,577.25,575553.0,196461.0
2021-11-12,577.0,416851.0,163539.0,584.5,597426.0,107374.0
2021-11-15,576.0,394446.0,128056.0,583.25,606240.0,93300.0
2021-11-16,570.5,376222.0,137344.0,578.0,629166.0,117168.0
2021-11-17,575.0,350087.0,185381.0,580.75,661235.0,139075.0
2021-11-18,573.0,323838.0,171416.0,579.0,682362.0,140698.0
2021-11-19,571.0,305547.0,130524.0,575.0,692016.0,98961.0
2021-11-22,577.0,279935.0,172298.0,584.0,708131.0,155160.0
2021-11-23,580.0,246746.0,179297.0,588.25,731557.0,159453.0
2021-11-24,579.0,187168.0,265928.0,584.0,748762.0,260129.0
2021-11-26,585.75,105685.0,180220.0,591.5,744801.0,179960.0
2021-11-29,578.0,31466.0,158234.0,582.75,754281.0,247451.0
2021-11-30,567.0,16228.0,24986.0,568.0,732521.0,263183.0
2021-12-01,570.0,12744.0,6270.0,570.5,731893.0,146467.0
2021-12-02,575.0,9750.0,6237.0,576.5,729324.0,168404.0
2021-12-03,581.75,7780.0,3442.0,584.0,732028.0,144119.0
2021-12-06,583.5,6225.0,2208.0,583.5,733666.0,103539.0
2021-12-07,581.5,4756.0,1887.0,586.0,734596.0,116946.0
2021-12-08,581.5,2990.0,2372.0,587.0,739177.0,103323.0
2021-12-09,580.0,1654.0,2082.0,590.75,742109.0,146620.0
2021-12-10,590.5,930.0,862.0,589.5,740960.0,82767.0
2021-12-13,580.0,103.0,927.0,584.5,737237.0,99598.0
2021-12-14,,50.0,115.0,590.25,740131.0,117292.0
2021-12-15,586.5,741896.0,138521.0,587.0,233647.0,31959.0
2021-12-16,590.25,741448.0,101262.0,592.25,235278.0,25812.0
2021-12-17,592.25,746588.0,129569.0,593.0,236223.0,31590.0
2021-12-20,591.0,744481.0,106042.0,591.75,236470.0,32195.0
2021-12-21,597.75,745243.0,119312.0,599.0,238089.0,28721.0
2021-12-22,602.0,750652.0,154966.0,602.0,241521.0,41955.0
2021-12-23,605.75,753414.0,108565.0,608.0,244771.0,27237.0
2021-12-27,614.5,759150.0,123211.0,615.75,253094.0,40635.0
2021-12-28,604.25,754145.0,134208.0,606.5,251713.0,35374.0
2021-12-29,605.25,753467.0,117570.0,606.25,250324.0,33784.0
2021-12-30,595.5,743455.0,122776.0,596.0,253688.0,35793.0
2021-12-31,592.75,737808.0,69868.0,595.0,255785.0,23451.0
2022-01-03,589.75,726028.0,146023.0,591.75,256155.0,37391.0
2022-01-04,609.0,732630.0,210268.0,609.0,261535.0,65241.0
2022-01-05,602.0,715414.0,148499.0,603.0,266536.0,48417.0
2022-01-06,603.75,708032.0,151442.0,604.75,268160.0,42837.0
2022-01-07,606.0,700186.0,140371.0,602.75,272777.0,47115.0
2022-01-10,600.0,684517.0,135265.0,600.0,276503.0,52339.0
2022-01-11,601.0,672373.0,128305.0,602.25,279344.0,51271.0
2022-01-12,598.75,668416.0,181633.0,599.5,284907.0,58854.0
2022-01-13,587.0,645791.0,186546.0,589.0,289741.0,66449.0
2022-01-14,597.0,640133.0,140634.0,597.0,290496.0,47417.0
2022-01-18,599.75,627596.0,141742.0,599.0,289393.0,49037.0
2022-01-19,610.0,634241.0,179943.0,610.0,291177.0,62649.0
2022-01-20,610.0,630610.0,127683.0,608.5,299176.0,46079.0
2022-01-21,616.0,640734.0,187471.0,614.0,302425.0,69124.0
2022-01-24,620.5,628781.0,194809.0,617.0,303156.0,81167.0
2022-01-25,619.0,630115.0,298396.0,617.5,317368.0,141754.0
2022-01-26,626.0,618300.0,172723.0,624.0,322341.0,82038.0
2022-01-27,623.75,614101.0,151696.0,621.25,324239.0,60402.0
2022-01-28,635.5,614625.0,188658.0,632.75,330405.0,84350.0
2022-01-31,625.75,588695.0,243891.0,623.25,349928.0,114959.0
2022-02-01,634.0,582122.0,196298.0,633.0,357838.0,89933.0
2022-02-02,622.5,557025.0,275662.0,622.5,368880.0,143508.0
2022-02-03,617.25,537889.0,215871.0,617.25,376558.0,128988.0
2022-02-04,621.5,521967.0,181430.0,621.5,398095.0,122318.0
2022-02-07,636.0,483970.0,232607.0,636.75,431419.0,142660.0
2022-02-08,632.0,448544.0,200583.0,633.5,462733.0,136546.0
2022-02-09,646.0,407843.0,320406.0,644.0,485851.0,246424.0
2022-02-10,641.75,386513.0,372991.0,640.5,517438.0,221805.0
2022-02-11,648.25,355622.0,243969.0,650.0,552406.0,182799.0
2022-02-14,655.25,337004.0,144923.0,653.0,557953.0,111519.0
2022-02-15,637.0,310312.0,177958.0,637.25,570082.0,130659.0
2022-02-16,645.0,293180.0,126554.0,644.25,584032.0,98207.0
2022-02-17,647.0,271475.0,121279.0,647.25,597393.0,98121.0
2022-02-18,654.0,226682.0,154047.0,652.0,624621.0,138413.0
2022-02-22,674.0,163890.0,168824.0,671.0,649962.0,192520.0
2022-02-23,685.0,116325.0,154730.0,679.75,669239.0,204307.0
2022-02-24,693.25,60422.0,161611.0,688.5,688727.0,346312.0
2022-02-25,655.0,18641.0,94802.0,655.75,678503.0,268508.0
2022-02-28,696.5,11260.0,15651.0,690.75,674588.0,169348.0
2022-03-01,730.0,7430.0,7258.0,725.75,677410.0,181422.0
2022-03-02,730.0,5062.0,3350.0,725.0,670439.0,245276.0
2022-03-03,750.0,2950.0,3447.0,747.0,674126.0,216512.0
2022-03-04,710.0,1632.0,2186.0,747.0,651032.0,236077.0
2022-03-07,727.5,818.0,1309.0,750.5,627394.0,161720.0
2022-03-08,635.0,407.0,547.0,755.0,616982.0,151946.0
2022-03-09,735.0,331.0,188.0,732.75,600023.0,136059.0
2022-03-10,635.0,177.0,74.0,750.25,598987.0,147566.0
2022-03-11,635.0,28.0,233.0,762.0,594192.0,102372.0
2022-03-14,,17.0,66.0,746.25,583656.0,104100.0
2022-03-15,757.0,579659.0,89348.0,719.0,368674.0,54240.0
2022-03-16,728.5,574191.0,106537.0,696.75,369987.0,50655.0
2022-03-17,753.0,571190.0,90267.0,716.0,372648.0,42040.0
2022-03-18,742.0,561876.0,84411.0,709.0,376375.0,45033.0
2022-03-21,755.25,559282.0,93775.0,725.0,383773.0,55670.0
2022-03-22,754.5,548077.0,104191.0,729.0,391374.0,69234.0
2022-03-23,757.75,547626.0,112399.0,734.0,396260.0,66388.0
2022-03-24,747.5,533256.0,100951.0,728.0,399558.0,61585.0
2022-03-25,754.0,515280.0,73846.0,730.0,400362.0,41204.0
2022-03-28,747.5,502740.0,89177.0,729.0,402102.0,55980.0
2022-03-29,728.0,485384.0,180171.0,708.0,407011.0,102763.0
2022-03-30,738.5,476330.0,109719.0,719.0,409993.0,62579.0
2022-03-31,748.0,472303.0,173737.0,732.0,418502.0,142791.0
2022-04-01,736.0,450864.0,155927.0,721.75,429229.0,127304.0
2022-04-04,750.0,439180.0,112649.0,739.0,435399.0,92320.0
2022-04-05,759.75,428094.0,123890.0,747.75,446453.0,111969.0
2022-04-06,756.0,415469.0,110915.0,745.75,457258.0,92467.0
2022-04-07,758.0,380135.0,149456.0,749.5,483642.0,144673.0
2022-04-08,767.5,354950.0,170872.0,759.0,512337.0,155533.0
2022-04-11,765.0,310142.0,170234.0,757.25,539324.0,158908.0
2022-04-12,775.0,282839.0,154266.0,770.0,569529.0,153025.0
2022-04-13,783.25,257206.0,182922.0,777.75,598735.0,184615.0
2022-04-14,789.75,243835.0,108878.0,782.75,616230.0,114603.0
2022-04-18,814.0,239919.0,114979.0,807.0,621833.0,132713.0
2022-04-19,803.0,223670.0,133531.0,799.0,627617.0,145333.0
2022-04-20,815.0,208947.0,128911.0,808.75,635563.0,130848.0
2022-04-21,800.0,186646.0,111004.0,795.0,645480.0,126241.0
2022-04-22,793.0,137647.0,140795.0,789.0,652284.0,166689.0
2022-04-25,798.0,95927.0,114116.0,796.5,659856.0,152795.0
2022-04-26,802.0,61279.0,85308.0,802.0,665389.0,140110.0
2022-04-27,815.5,37900.0,70673.0,812.0,679979.0,150904.0
2022-04-28,817.0,13761.0,47633.0,813.0,675509.0,121715.0
2022-04-29,813.0,6202.0,11143.0,812.25,678061.0,104780.0
2022-05-02,812.5,5305.0,2848.0,803.5,670172.0,117450.0
2022-05-03,799.5,4275.0,2214.0,793.0,664936.0,130993.0
2022-05-04,795.5,3673.0,1267.0,793.25,655557.0,102960.0
2022-05-05,800.0,3361.0,410.0,796.25,649679.0,92039.0
2022-05-06,786.0,2472.0,1248.0,784.5,642956.0,132008.0
2022-05-09,780.0,1811.0,745.0,772.0,632841.0,135176.0
2022-05-10,780.0,1326.0,597.0,775.25,625196.0,98595.0
2022-05-11,795.0,829.0,653.0,788.25,617696.0,110381.0
2022-05-12,803.0,85.0,911.0,791.5,612017.0,154543.0
2022-05-13,,62.0,25.0,781.0,611997.0,113807.0
2022-05-16,807.75,606046.0,138859.0,775.0,238177.0,43952.0
2022-05-17,800.5,600384.0,98317.0,772.0,243006.0,35297.0
2022-05-18,782.0,593268.0,120123.0,753.0,246150.0,32382.0
2022-05-19,783.0,585434.0,106424.0,749.5,245323.0,33345.0
2022-05-20,778.75,579286.0,88004.0,744.0,248323.0,29193.0
2022-05-23,786.25,580195.0,88355.0,755.0,256084.0,33454.0
2022-05-24,770.0,573563.0,147022.0,739.5,264168.0,48298.0
2022-05-25,770.75,565978.0,127425.0,737.25,272522.0,44339.0
2022-05-26,764.25,562610.0,104920.0,733.5,276062.0,36557.0
2022-05-27,775.5,555058.0,101090.0,742.0,281346.0,34028.0
2022-05-31,752.25,552619.0,175461.0,721.5,291914.0,52454.0
2022-06-01,731.0,541178.0,210389.0,703.0,303933.0,77839.0
2022-06-02,730.5,528973.0,127143.0,702.75,314401.0,51071.0
2022-06-03,727.0,516752.0,105542.0,701.25,321848.0,45569.0
2022-06-06,742.5,503004.0,131922.0,714.5,331330.0,57687.0
2022-06-07,757.0,464163.0,227575.0,722.75,351122.0,122842.0
2022-06-08,764.5,425870.0,223848.0,724.0,374060.0,142684.0
2022-06-09,771.25,395029.0,226325.0,727.0,395353.0,154631.0
2022-06-10,772.75,367570.0,156100.0,729.0,411401.0,104443.0
2022-06-13,766.0,345140.0,170044.0,727.75,428136.0,109937.0
2022-06-14,766.75,322033.0,125798.0,727.25,432226.0,73516.0
2022-06-15,773.75,314939.0,105906.0,728.5,436160.0,60407.0
2022-06-16,787.25,305521.0,121542.0,741.0,439023.0,64632.0
2022-06-17,784.25,296940.0,116061.0,736.0,439608.0,65586.0
2022-06-21,763.75,268352.0,192144.0,710.0,443402.0,104356.0
2022-06-22,766.0,228635.0,167778.0,702.0,449775.0,109476.0
2022-06-23,746.5,197096.0,215839.0,665.0,456463.0,163822.0
2022-06-24,749.25,123864.0,155989.0,683.0,457137.0,120661.0
2022-06-27,744.0,90566.0,121830.0,661.0,459238.0,123113.0
2022-06-28,756.25,51917.0,86035.0,668.0,461341.0,108109.0
2022-06-29,770.25,19485.0,63702.0,664.0,454390.0,103707.0
2022-06-30,744.0,10467.0,14477.0,634.0,450277.0,131734.0
2022-07-01,740.0,7395.0,5489.0,618.75,449319.0,95069.0
2022-07-05,730.0,5164.0,3775.0,592.0,445158.0,101843.0
2022-07-06,725.0,3880.0,2703.0,599.5,439018.0,91685.0
2022-07-07,725.0,3434.0,784.0,608.75,431938.0,89854.0
2022-07-08,744.0,2479.0,1438.0,633.25,425207.0,83231.0
2022-07-11,765.0,1493.0,1344.0,634.25,419729.0,99865.0
2022-07-12,725.0,420.0,1320.0,594.0,414419.0,137528.0
2022-07-13,724.5,42.0,485.0,600.0,406728.0,103687.0
2022-07-14,,28.0,34.0,604.0,392505.0,102346.0
2022-07-15,604.25,387069.0,81572.0,603.75,575323.0,137877.0
2022-07-18,611.5,377535.0,75978.0,610.0,577162.0,124007.0
2022-07-19,597.0,378992.0,94156.0,594.5,584497.0,144918.0
2022-07-20,591.0,376298.0,76176.0,590.0,587820.0,105103.0
2022-07-21,574.0,377064.0,76755.0,575.0,591163.0,132230.0
2022-07-22,564.25,362849.0,95957.0,562.75,604665.0,153330.0
2022-07-25,578.0,356115.0,103447.0,583.75,606689.0,146016.0
2022-07-26,595.0,346375.0,95701.0,600.75,615267.0,140778.0
2022-07-27,598.25,342235.0,80955.0,605.0,615748.0,107222.0
2022-07-28,614.75,339446.0,72681.0,618.0,618363.0,110362.0
2022-07-29,616.0,336488.0,99164.0,620.0,621720.0,166129.0
2022-08-01,607.0,331112.0,91871.0,610.0,628536.0,134365.0
2022-08-02,591.25,325984.0,107008.0,590.0,632637.0,132700.0
2022-08-03,590.75,319106.0,101905.0,596.0,637083.0,132066.0
2022-08-04,601.0,306926.0,83780.0,606.0,644339.0,116030.0
2022-08-05,608.75,287757.0,125020.0,608.75,646973.0,153143.0
2022-08-08,607.5,252690.0,155070.0,608.5,646072.0,188122.0
2022-08-09,616.0,232509.0,142242.0,612.75,656333.0,183267.0
2022-08-10,621.0,209946.0,134330.0,619.0,669371.0,182513.0
2022-08-11,628.5,186157.0,112043.0,629.0,686678.0,145493.0
2022-08-12,639.0,175049.0,98631.0,639.0,691753.0,188062.0
2022-08-15,624.75,168211.0,56712.0,624.25,693685.0,120189.0
2022-08-16,611.0,161709.0,67190.0,610.0,695262.0,116066.0
2022-08-17,615.0,154523.0,49240.0,612.5,696508.0,94383.0
2022-08-18,616.0,146458.0,52153.0,615.75,696284.0,121799.0
2022-08-19,625.5,141894.0,51219.0,620.75,700115.0,84155.0
2022-08-22,633.0,134529.0,67378.0,628.25,706905.0,125041.0
2022-08-23,657.0,123266.0,95345.0,654.25,710927.0,250781.0
2022-08-24,664.25,113628.0,76015.0,655.75,715110.0,207890.0
2022-08-25,657.5,103507.0,78316.0,649.5,718891.0,183571.0
2022-08-26,669.75,69763.0,75544.0,661.0,725795.0,147031.0
2022-08-29,680.5,40541.0,86635.0,681.0,746500.0,211204.0
2022-08-30,678.0,17063.0,48457.0,677.75,753420.0,167467.0
2022-08-31,662.0,12048.0,7831.0,670.0,755694.0,140086.0
2022-09-01,655.0,6130.0,9013.0,658.0,751321.0,138118.0
2022-09-02,655.0,4908.0,2137.0,665.5,747399.0,82312.0
2022-09-06,675.0,4127.0,1289.0,675.75,752625.0,116558.0
2022-09-07,675.0,3225.0,1269.0,671.0,755519.0,146597.0
2022-09-08,630.75,2582.0,1219.0,668.0,743721.0,111176.0
2022-09-09,630.75,1683.0,1439.0,685.0,743320.0,107791.0
2022-09-12,700.0,651.0,1332.0,695.75,741296.0,192828.0
2022-09-13,661.0,88.0,607.0,691.0,740297.0,141872.0
2022-09-14,,,145.0,682.0,735796.0,117138.0
2022-09-15,677.0,731877.0,111789.0,680.0,211120.0,34459.0
2022-09-16,675.25,727996.0,121327.0,680.0,215108.0,31076.0
2022-09-19,677.5,726063.0,96685.0,683.0,216730.0,31149.0
2022-09-20,691.0,727926.0,123234.0,693.0,219251.0,28898.0
2022-09-21,685.0,724283.0,127215.0,690.0,220022.0,41065.0
2022-09-22,688.0,720874.0,97065.0,689.0,222579.0,29292.0
2022-09-23,676.5,715001.0,154393.0,680.0,226894.0,44822.0
2022-09-26,665.75,714401.0,140725.0,670.0,230865.0,37179.0
2022-09-27,668.0,708132.0,163167.0,672.0,234589.0,39933.0
2022-09-28,670.5,705977.0,137430.0,670.5,246554.0,50152.0
2022-09-29,668.5,695483.0,139450.0,675.0,251499.0,72091.0
2022-09-30,676.0,691225.0,253847.0,676.75,257373.0,80428.0
2022-10-03,680.0,682622.0,132393.0,685.25,261549.0,40113.0
2022-10-04,683.0,680674.0,119212.0,690.0,270191.0,44879.0
2022-10-05,684.0,674648.0,114315.0,690.5,276867.0,43633.0
2022-10-06,675.0,668523.0,128778.0,682.75,286590.0,55692.0
2022-10-07,682.5,669076.0,113581.0,689.75,293666.0,45727.0
2022-10-10,696.0,672693.0,201817.0,701.0,297858.0,81392.0
2022-10-11,693.25,664579.0,140432.0,698.25,306467.0,59572.0
2022-10-12,693.0,656518.0,180209.0,697.0,309814.0,76792.0
2022-10-13,697.75,650738.0,167244.0,700.25,319159.0,70742.0
2022-10-14,690.0,644829.0,108816.0,695.0,322919.0,39142.0
2022-10-17,683.0,641939.0,106164.0,689.75,325426.0,35483.0
2022-10-18,681.0,628792.0,147455.0,690.0,328273.0,62906.0
2022-10-19,678.0,622840.0,112233.0,684.5,330244.0,46260.0
2022-10-20,685.0,619898.0,134819.0,690.0,335745.0,62854.0
2022-10-21,684.0,621455.0,109021.0,688.0,339483.0,41986.0
2022-10-24,681.0,618936.0,119463.0,685.75,347266.0,45014.0
2022-10-25,686.0,618865.0,116661.0,689.0,353485.0,47305.0
2022-10-26,684.5,622279.0,106226.0,689.75,361992.0,53658.0
2022-10-27,681.25,619467.0,112300.0,687.0,366263.0,44545.0
2022-10-28,680.0,614003.0,115074.0,685.0,370581.0,43376.0
2022-10-31,688.5,603945.0,226696.0,690.5,374060.0,110458.0
2022-11-01,697.0,594496.0,146466.0,699.0,376655.0,75693.0
2022-11-02,687.0,582132.0,168334.0,688.75,380266.0,85352.0
2022-11-03,679.25,576342.0,123352.0,684.0,386054.0,67941.0
2022-11-04,680.25,570859.0,112564.0,686.0,389681.0,68372.0
2022-11-07,675.25,550552.0,162563.0,681.25,404244.0,96096.0
2022-11-08,667.0,505175.0,227158.0,672.0,425190.0,142801.0
2022-11-09,664.0,477202.0,246968.0,670.5,444247.0,158321.0
2022-11-10,653.5,444298.0,229081.0,659.0,460595.0,138874.0
2022-11-11,657.0,416611.0,233358.0,662.75,479269.0,161055.0
2022-11-14,657.0,373146.0,181567.0,660.0,483392.0,138971.0
2022-11-15,667.0,342967.0,234097.0,668.5,500637.0,185920.0
2022-11-16,665.0,327834.0,121435.0,667.0,509768.0,103805.0
2022-11-17,665.0,308766.0,138561.0,668.0,511817.0,104283.0
2022-11-18,666.0,290161.0,131275.0,669.0,526687.0,103477.0
2022-11-21,659.5,246295.0,143717.0,662.0,535954.0,115019.0
2022-11-22,657.5,225667.0,107549.0,660.0,545324.0,119012.0
2022-11-23,662.0,198388.0,104569.0,664.5,552019.0,119313.0
2022-11-25,667.25,132945.0,71244.0,670.25,566142.0,92752.0
2022-11-28,668.0,69502.0,149233.0,671.0,586995.0,184890.0
2022-11-29,665.0,18490.0,110381.0,669.0,604643.0,174783.0
2022-11-30,662.0,8855.0,18198.0,667.0,605064.0,120474.0
2022-12-01,650.5,5113.0,8565.0,659.5,599875.0,116810.0
2022-12-02,625.25,3105.0,5678.0,646.25,606152.0,205697.0
2022-12-05,625.0,2647.0,762.0,640.0,592080.0,144282.0
2022-12-06,629.0,1635.0,512.0,637.0,587608.0,145618.0
2022-12-07,625.0,1077.0,662.0,641.0,583861.0,128635.0
2022-12-08,630.5,667.0,425.0,642.0,581058.0,92963.0
2022-12-09,630.5,302.0,453.0,644.0,575976.0,104526.0
2022-12-12,630.5,219.0,263.0,654.0,569287.0,128466.0
2022-12-13,630.5,164.0,184.0,653.0,561541.0,123617.0
2022-12-14,,154.0,36.0,650.0,555777.0,92295.0
2022-12-15,653.0,551733.0,93735.0,649.5,185962.0,19406.0
2022-12-16,653.0,551224.0,66395.0,652.0,185102.0,18006.0
2022-12-19,647.0,547759.0,83168.0,646.0,185826.0,21961.0
2022-12-20,652.0,547278.0,91464.0,650.5,184193.0,19928.0
2022-12-21,662.0,549790.0,125592.0,660.0,182449.0,26722.0
2022-12-22,659.25,547696.0,79924.0,656.0,181985.0,14745.0
2022-12-23,665.75,546663.0,94496.0,662.0,180766.0,29067.0
2022-12-27,674.0,549718.0,123172.0,672.0,181271.0,22094.0
2022-12-28,682.25,558195.0,122193.0,681.5,182706.0,24436.0
2022-12-29,678.0,557481.0,104937.0,673.0,188864.0,26887.0
2022-12-30,675.0,559710.0,90321.0,675.5,189921.0,20468.0
2023-01-03,670.0,548581.0,155538.0,665.75,195498.0,41369.0
2023-01-04,654.0,534711.0,175762.0,654.0,194271.0,49067.0
2023-01-05,654.5,522405.0,138833.0,650.75,198221.0,48054.0
2023-01-06,654.0,513470.0,114158.0,653.25,198210.0,36585.0
2023-01-09,652.0,504863.0,112236.0,652.75,200853.0,38453.0
2023-01-10,654.25,504361.0,181158.0,654.5,204584.0,52282.0
2023-01-11,655.5,494585.0,110880.0,655.0,209962.0,37887.0
2023-01-12,670.75,498373.0,242526.0,668.0,214532.0,73325.0
2023-01-13,674.0,497357.0,158823.0,670.25,222875.0,58930.0
2023-01-17,685.0,503207.0,179918.0,679.0,229705.0,60119.0
2023-01-18,680.0,508135.0,175374.0,676.5,234035.0,56949.0
2023-01-19,677.25,511762.0,149959.0,675.25,235466.0,61274.0
2023-01-20,675.25,500919.0,134978.0,672.75,244631.0,55569.0
2023-01-23,666.5,490095.0,184766.0,664.0,248640.0,58029.0
2023-01-24,676.75,486758.0,165294.0,675.25,257666.0,67121.0
2023-01-25,674.0,479260.0,126030.0,673.0,259836.0,52400.0
2023-01-26,681.0,483153.0,146553.0,677.25,265611.0,61859.0
2023-01-27,681.0,479989.0,141239.0,671.25,269941.0,86479.0
2023-01-30,683.0,471123.0,127942.0,678.0,277012.0,60953.0
2023-01-31,677.75,461974.0,161229.0,675.25,282846.0,68127.0
2023-02-01,681.0,450691.0,144367.0,678.5,287638.0,81852.0
2023-02-02,674.5,443288.0,149905.0,672.5,296414.0,85767.0
2023-02-03,676.5,436303.0,124847.0,670.5,298106.0,62679.0
2023-02-06,677.5,423594.0,123611.0,675.25,305783.0,65212.0
2023-02-07,674.0,408218.0,149454.0,673.0,318673.0,100541.0
2023-02-08,678.0,403295.0,223791.0,676.0,319423.0,152699.0
2023-02-09,670.75,372678.0,214275.0,669.25,350969.0,153515.0
2023-02-10,680.0,358958.0,226648.0,675.0,377040.0,154271.0
2023-02-13,684.0,346403.0,193009.0,680.0,405974.0,155850.0
2023-02-14,682.0,327862.0,137226.0,679.0,416061.0,101942.0
2023-02-15,676.0,305797.0,116550.0,673.75,427505.0,77269.0
2023-02-16,675.0,277433.0,134971.0,675.0,454578.0,108632.0
2023-02-17,677.75,241448.0,144084.0,675.0,473492.0,121915.0
2023-02-21,679.75,194392.0,156078.0,680.0,493354.0,163338.0
2023-02-22,674.0,157723.0,114787.0,674.0,501057.0,125715.0
2023-02-23,660.25,115709.0,173384.0,660.0,515962.0,267746.0
2023-02-24,650.0,64642.0,146407.0,650.0,505854.0,275007.0
2023-02-27,643.5,16999.0,105656.0,643.5,522700.0,222500.0
2023-02-28,630.0,7897.0,15545.0,630.0,525676.0,215887.0
2023-03-01,641.0,4542.0,5431.0,637.0,527219.0,251453.0
2023-03-02,629.5,3422.0,1871.0,633.5,528974.0,176883.0
2023-03-03,645.25,2579.0,1043.0,640.0,524464.0,124389.0
2023-03-06,641.0,2347.0,369.0,637.0,518003.0,110482.0
2023-03-07,640.0,1800.0,702.0,635.0,516969.0,101173.0
2023-03-08,623.0,1278.0,808.0,625.5,516552.0,161081.0
2023-03-09,620.0,824.0,597.0,613.0,523246.0,223647.0
2023-03-10,615.0,442.0,540.0,617.0,519612.0,142248.0
2023-03-13,624.0,159.0,542.0,610.0,510901.0,141049.0
2023-03-14,,55.0,120.0,621.0,508014.0,153530.0
2023-03-15,627.0,503287.0,156411.0,612.0,341459.0,80308.0
2023-03-16,632.0,502447.0,167311.0,614.25,344735.0,101739.0
2023-03-17,634.0,500488.0,141477.0,617.0,349792.0,79435.0
2023-03-20,632.0,493243.0,115794.0,613.0,352937.0,52271.0
2023-03-21,630.0,490922.0,133312.0,611.25,358250.0,82328.0
2023-03-22,633.0,489754.0,154747.0,611.0,363256.0,100209.0
2023-03-23,630.0,489628.0,186439.0,610.5,367624.0,105503.0
2023-03-24,642.5,477432.0,191256.0,620.0,367148.0,107005.0
2023-03-27,646.25,472122.0,145573.0,625.0,370751.0,93582.0
2023-03-28,645.0,460883.0,135236.0,629.0,373460.0,89081.0
2023-03-29,649.75,449550.0,156693.0,630.0,373548.0,104472.0
2023-03-30,649.0,440957.0,119486.0,627.25,379360.0,77526.0
2023-03-31,658.5,428034.0,201892.0,637.0,381379.0,147976.0
2023-04-03,656.75,422481.0,153870.0,635.25,384674.0,108786.0
2023-04-04,653.75,412455.0,140103.0,628.0,381475.0,102240.0
2023-04-05,652.25,403101.0,143556.0,626.5,379811.0,101162.0
2023-04-06,643.5,396753.0,132983.0,619.0,391988.0,92395.0
2023-04-07,643.5,396306.0,,619.0,391982.0,
2023-04-10,653.0,373931.0,150098.0,627.25,400313.0,119716.0
2023-04-11,651.0,342892.0,200256.0,627.5,432150.0,175051.0
2023-04-12,655.5,318692.0,150111.0,628.0,446102.0,129867.0
2023-04-13,651.5,292437.0,147150.0,625.0,471329.0,133764.0
2023-04-14,665.25,268362.0,154000.0,634.75,497883.0,140985.0
2023-04-17,676.0,244287.0,146895.0,641.5,495337.0,134404.0
2023-04-18,676.0,230387.0,130891.0,641.0,501202.0,141155.0
2023-04-19,672.0,209140.0,114514.0,635.5,509436.0,133596.0
2023-04-20,663.75,188846.0,120915.0,625.0,517630.0,165632.0
2023-04-21,661.0,146101.0,127468.0,616.0,535854.0,195001.0
2023-04-24,652.0,102694.0,134977.0,607.5,531453.0,223860.0
2023-04-25,648.0,77812.0,100633.0,607.75,530493.0,186483.0
2023-04-26,642.0,49429.0,65293.0,601.0,525554.0,145390.0
2023-04-27,628.25,19964.0,59707.0,582.25,530952.0,262135.0
2023-04-28,630.0,11302.0,13722.0,585.0,535918.0,239363.0
2023-05-01,639.5,9675.0,2753.0,584.5,540125.0,159586.0
2023-05-02,631.0,6620.0,5508.0,578.75,544056.0,153683.0
2023-05-03,635.0,5041.0,2081.0,588.0,540419.0,170044.0
2023-05-04,643.25,3759.0,2272.0,588.0,543544.0,140182.0
2023-05-05,652.75,2894.0,1223.0,596.5,540720.0,117948.0
2023-05-08,657.0,2361.0,677.0,594.75,540474.0,117348.0
2023-05-09,642.0,1390.0,1588.0,585.0,542381.0,163762.0
2023-05-10,640.0,875.0,1067.0,591.0,533680.0,172509.0
2023-05-11,620.0,240.0,987.0,580.75,531343.0,140276.0
2023-05-12,,45.0,237.0,583.0,532654.0,169418.0
2023-05-15,592.0,520472.0,164174.0,517.0,257212.0,73918.0
2023-05-16,581.5,522405.0,133849.0,502.75,258532.0,59683.0
2023-05-17,561.0,516282.0,265000.0,494.0,261034.0,109339.0
2023-05-18,554.75,502981.0,181018.0,494.0,266808.0,84092.0
2023-05-19,555.0,501144.0,183019.0,491.0,266619.0,107316.0
2023-05-22,570.0,501555.0,148542.0,504.0,270175.0,63151.0
2023-05-23,577.5,496433.0,133375.0,510.0,276633.0,58076.0
2023-05-24,587.25,495187.0,152816.0,510.0,286408.0,75077.0
2023-05-25,590.0,494567.0,145545.0,510.0,293713.0,66933.0
2023-05-26,604.0,481348.0,178644.0,522.0,301258.0,81011.0
2023-05-30,595.0,478674.0,176207.0,519.0,306577.0,82798.0
2023-05-31,594.0,477075.0,170159.0,516.0,316085.0,78627.0
2023-06-01,591.75,461380.0,153589.0,523.0,321144.0,73162.0
2023-06-02,605.0,455755.0,199864.0,533.5,326137.0,87286.0
2023-06-05,600.0,436455.0,168376.0,530.0,330745.0,64878.0
2023-06-06,605.0,422317.0,185929.0,530.25,337967.0,91378.0
2023-06-07,602.5,395424.0,174301.0,525.0,346120.0,101533.0
2023-06-08,608.75,374973.0,178765.0,526.0,352474.0,116618.0
2023-06-09,604.0,350762.0,174688.0,524.0,361873.0,100227.0
2023-06-12,617.0,324757.0,208159.0,540.0,369733.0,124355.0
2023-06-13,611.0,292224.0,202991.0,545.0,386489.0,153731.0
2023-06-14,610.0,266227.0,187535.0,543.0,381347.0,142040.0
2023-06-15,620.0,241605.0,194030.0,567.0,384176.0,159383.0
2023-06-16,638.75,220592.0,223694.0,584.5,391687.0,189708.0
2023-06-20,643.0,197590.0,151986.0,592.0,392781.0,132596.0
2023-06-21,667.25,180382.0,150762.0,621.25,401022.0,148071.0
2023-06-22,660.0,167124.0,117760.0,615.0,409858.0,119695.0
2023-06-23,630.75,118769.0,142972.0,583.75,419761.0,156537.0
2023-06-26,637.0,95709.0,117529.0,585.25,436432.0,144640.0
2023-06-27,623.0,67870.0,93042.0,556.0,435528.0,164190.0
2023-06-28,591.0,27220.0,89617.0,534.75,444044.0,199310.0
2023-06-29,578.25,9069.0,42588.0,523.0,449670.0,131752.0
2023-06-30,560.0,5233.0,6458.0,488.5,457829.0,199016.0
2023-07-03,552.0,4241.0,1610.0,488.0,460252.0,113417.0
2023-07-05,540.25,2882.0,1921.0,485.0,452155.0,130702.0
2023-07-06,566.5,2181.0,1410.0,500.0,447126.0,101908.0
2023-07-07,555.0,1241.0,1322.0,488.5,431820.0,75169.0
2023-07-10,555.25,1007.0,518.0,492.0,425046.0,76776.0
2023-07-11,540.0,565.0,789.0,494.25,416607.0,85646.0
2023-07-12,547.5,143.0,713.0,476.0,419614.0,144147.0
2023-07-13,540.0,56.0,129.0,493.25,416582.0,94238.0
2023-07-14,,39.0,83.0,507.0,415066.0,107632.0
2023-07-17,497.0,413015.0,87969.0,506.5,567007.0,158671.0
2023-07-18,525.0,409424.0,132495.0,532.0,570757.0,239502.0
2023-07-19,540.75,402527.0,193393.0,550.0,569849.0,352033.0
2023-07-20,537.0,398589.0,123962.0,546.0,576124.0,196636.0
2023-07-21,526.5,390162.0,121026.0,536.25,582772.0,168336.0
2023-07-24,556.0,384009.0,115440.0,568.5,585055.0,219717.0
2023-07-25,557.0,378385.0,104803.0,564.5,582660.0,158025.0
2023-07-26,540.0,379972.0,106980.0,549.0,589581.0,141413.0
2023-07-27,532.75,381658.0,95908.0,542.25,602300.0,133794.0
2023-07-28,521.0,375478.0,90547.0,530.5,607036.0,152886.0
2023-07-31,504.0,375770.0,111158.0,513.25,603870.0,165409.0
2023-08-01,497.0,377090.0,116230.0,507.5,610425.0,161799.0
2023-08-02,488.5,368394.0,158406.0,500.0,595118.0,239214.0
2023-08-03,480.75,362535.0,101378.0,495.0,590256.0,153402.0
2023-08-04,484.0,357545.0,96911.0,498.0,591547.0,147093.0
2023-08-07,482.0,323834.0,164880.0,497.0,596526.0,197391.0
2023-08-08,485.0,304574.0,124554.0,498.5,601357.0,148414.0
2023-08-09,480.5,285520.0,120224.0,495.0,599257.0,150704.0
2023-08-10,483.0,269016.0,93318.0,496.0,602653.0,116399.0
2023-08-11,475.5,241506.0,174425.0,487.0,616390.0,258751.0
2023-08-14,475.0,239969.0,73606.0,486.5,621677.0,117460.0
2023-08-15,462.0,229833.0,89967.0,475.0,636717.0,147687.0
2023-08-16,469.75,231858.0,70843.0,482.0,650755.0,126939.0
2023-08-17,472.25,222480.0,69172.0,486.25,657573.0,109612.0
2023-08-18,478.0,214865.0,66477.0,492.5,661511.0,112802.0
2023-08-21,470.0,203659.0,74711.0,481.5,660695.0,148221.0
2023-08-22,467.75,195844.0,72976.0,480.0,660982.0,130499.0
2023-08-23,476.0,179898.0,84523.0,489.0,665541.0,137734.0
2023-08-24,471.0,160426.0,85162.0,487.25,673960.0,159873.0
2023-08-25,469.5,109984.0,84408.0,487.5,679533.0,134901.0
2023-08-28,478.0,81835.0,87576.0,496.25,686177.0,139743.0
2023-08-29,469.5,47015.0,98795.0,487.0,682661.0,177417.0
2023-08-30,460.0,10395.0,74605.0,481.0,691876.0,192731.0
2023-08-31,461.0,4839.0,12073.0,478.0,699873.0,147281.0
2023-09-01,461.25,3161.0,3311.0,481.5,705496.0,100839.0
2023-09-05,463.25,1971.0,1553.0,486.0,704007.0,125749.0
2023-09-06,472.0,1306.0,841.0,485.0,714070.0,113919.0
2023-09-07,,915.0,741.0,486.0,713945.0,109792.0
2023-09-08,,705.0,233.0,482.25,709844.0,106651.0
2023-09-11,,319.0,430.0,485.0,709805.0,133254.0
2023-09-12,460.5,169.0,174.0,476.25,714371.0,198455.0
2023-09-13,,83.0,120.0,482.0,710648.0,152906.0
2023-09-14,,4.0,94.0,479.75,704469.0,113552.0
2023-09-15,475.25,702175.0,110377.0,490.0,234248.0,39853.0
2023-09-18,472.0,712080.0,143316.0,485.5,234466.0,43454.0
2023-09-19,475.25,718227.0,139647.0,489.75,237016.0,45570.0
2023-09-20,481.0,726529.0,162298.0,495.5,242233.0,69683.0
2023-09-21,475.0,730978.0,115196.0,491.0,244141.0,42863.0
2023-09-22,477.0,732497.0,88610.0,492.25,247291.0,31711.0
2023-09-25,481.0,735512.0,101591.0,495.75,250168.0,29903.0
2023-09-26,479.75,736270.0,117585.0,495.0,250316.0,36869.0
2023-09-27,483.5,737302.0,125713.0,499.0,251342.0,41309.0
2023-09-28,487.75,735785.0,114318.0,502.0,252971.0,27833.0
2023-09-29,477.0,737107.0,209423.0,491.5,255047.0,60350.0
2023-10-02,487.5,743517.0,159224.0,502.0,258136.0,37663.0
2023-10-03,487.5,736568.0,138101.0,503.0,259742.0,50523.0
2023-10-04,485.5,731143.0,129880.0,500.75,262065.0,50374.0
2023-10-05,496.0,719175.0,186342.0,510.75,263961.0,61886.0
2023-10-06,492.0,711413.0,125225.0,508.0,265222.0,35685.0
2023-10-09,488.0,701982.0,115532.0,503.5,271952.0,43565.0
2023-10-10,485.25,696227.0,110081.0,501.0,281200.0,43946.0
2023-10-11,487.75,692075.0,102590.0,503.0,288040.0,36444.0
2023-10-12,495.0,671450.0,208365.0,510.0,296025.0,65287.0
2023-10-13,493.5,665444.0,138232.0,508.5,300827.0,47743.0
2023-10-16,489.75,655706.0,113486.0,504.0,304727.0,43577.0
2023-10-17,488.5,652884.0,102031.0,507.0,309277.0,35585.0
2023-10-18,492.0,645649.0,119274.0,507.0,314837.0,36878.0
2023-10-19,503.5,660223.0,279440.0,515.25,341123.0,157505.0
2023-10-20,492.5,639801.0,264540.0,509.0,351905.0,131190.0
2023-10-23,490.0,631771.0,126442.0,504.75,356104.0,44155.0
2023-10-24,483.75,627459.0,161081.0,498.5,360594.0,57107.0
2023-10-25,480.0,627519.0,177281.0,494.5,363163.0,67368.0
2023-10-26,479.25,613603.0,190730.0,493.0,365797.0,91469.0
2023-10-27,479.25,617030.0,126300.0,495.25,364956.0,49663.0
2023-10-30,478.25,610452.0,136565.0,492.5,370184.0,58288.0
2023-10-31,478.75,604103.0,136045.0,493.0,376486.0,67164.0
2023-11-01,475.0,604646.0,180119.0,490.0,381297.0,76750.0
2023-11-02,470.0,592749.0,202193.0,485.0,381984.0,104993.0
2023-11-03,477.0,588922.0,200217.0,492.25,382523.0,87032.0
2023-11-06,477.0,579149.0,131646.0,492.0,388154.0,68103.0
2023-11-07,469.0,555808.0,215810.0,484.0,410301.0,138203.0
2023-11-08,475.0,525297.0,322782.0,490.0,427127.0,228214.0
2023-11-09,468.0,509630.0,257163.0,482.75,441040.0,197547.0
2023-11-10,463.25,494163.0,230543.0,479.5,451579.0,167474.0
2023-11-13,477.0,466121.0,249727.0,490.75,478663.0,167509.0
2023-11-14,477.5,448042.0,183143.0,494.0,489279.0,132800.0
2023-11-15,471.0,419785.0,245509.0,488.5,520627.0,188610.0
2023-11-16,473.0,389947.0,182325.0,492.25,541247.0,139095.0
2023-11-17,467.0,368084.0,132235.0,485.25,555964.0,106976.0
2023-11-20,469.0,347630.0,139825.0,488.0,564366.0,111050.0
2023-11-21,469.5,316296.0,173228.0,487.0,584025.0,142275.0
2023-11-22,468.0,286657.0,126935.0,487.5,599416.0,131956.0
2023-11-24,463.75,214856.0,113555.0,482.5,613078.0,109596.0
2023-11-27,455.5,155173.0,180939.0,475.5,631422.0,211127.0
2023-11-28,450.5,81497.0,181371.0,473.75,645229.0,263235.0
2023-11-29,447.0,10547.0,139560.0,475.75,672269.0,257318.0
2023-11-30,458.0,4098.0,14188.0,481.75,670523.0,189360.0
2023-12-01,456.75,2573.0,3312.0,484.5,668131.0,144247.0
2023-12-04,470.0,1691.0,1925.0,485.0,667527.0,121319.0
2023-12-05,456.0,938.0,639.0,489.75,665869.0,136197.0
2023-12-06,461.5,711.0,347.0,484.0,658416.0,143848.0
2023-12-07,455.0,690.0,322.0,487.0,654529.0,104157.0
2023-12-08,455.0,670.0,319.0,485.25,649305.0,122550.0
2023-12-11,455.0,591.0,379.0,481.5,645377.0,116266.0
2023-12-12,462.5,290.0,265.0,484.5,643832.0,100301.0
2023-12-13,453.25,322.0,256.0,480.5,637088.0,130775.0
2023-12-14,,8.0,10.0,479.25,634529.0,106424.0
2023-12-15,482.0,636711.0,108554.0,494.5,165590.0,29297.0
2023-12-18,477.0,632060.0,129446.0,490.0,164614.0,39914.0
2023-12-19,472.5,636285.0,130033.0,485.0,164957.0,28898.0
2023-12-20,469.75,635146.0,131027.0,482.5,164743.0,32895.0
2023-12-21,472.0,633390.0,108597.0,484.5,166409.0,30332.0
2023-12-22,472.0,630668.0,80484.0,484.5,169368.0,28256.0
2023-12-26,479.5,627507.0,114198.0,493.0,170905.0,25122.0
2023-12-27,476.25,629538.0,107950.0,488.5,173760.0,25718.0
2023-12-28,474.0,627543.0,99398.0,486.0,174940.0,20156.0
2023-12-29,471.0,632023.0,109649.0,483.5,177231.0,24648.0
2024-01-02,464.25,636886.0,187193.0,477.5,183774.0,48784.0
2024-01-03,465.0,641667.0,147913.0,477.5,184799.0,40707.0
2024-01-04,466.5,648146.0,127034.0,479.0,184538.0,31593.0
2024-01-05,461.5,651949.0,151589.0,473.75,188886.0,43857.0
2024-01-08,455.0,657079.0,214324.0,467.0,194662.0,53251.0
2024-01-09,459.0,653038.0,215153.0,471.5,203481.0,79952.0
2024-01-10,459.0,651044.0,193507.0,470.75,211752.0,66817.0
2024-01-11,457.0,647650.0,165189.0,468.5,221153.0,55534.0
2024-01-12,447.0,651194.0,314095.0,460.25,232077.0,96235.0
2024-01-16,443.0,654605.0,175650.0,455.0,240623.0,51735.0
2024-01-17,442.0,658109.0,205711.0,453.75,251085.0,70045.0
2024-01-18,444.0,652459.0,180948.0,454.25,263903.0,75538.0
2024-01-19,444.25,658556.0,148101.0,456.0,275799.0,64616.0
2024-01-22,445.75,659790.0,112771.0,455.75,278478.0,40277.0
2024-01-23,446.0,662400.0,152301.0,457.0,284013.0,68953.0
2024-01-24,451.0,665707.0,156004.0,462.0,284451.0,71520.0
2024-01-25,451.0,662702.0,169289.0,460.0,283627.0,81817.0
2024-01-26,446.5,655972.0,135726.0,455.0,286555.0,51684.0
2024-01-29,439.5,653937.0,203565.0,450.0,289649.0,90722.0
2024-01-30,447.0,647869.0,194898.0,458.0,291050.0,69395.0
2024-01-31,448.0,652302.0,135485.0,457.75,294132.0,55424.0
2024-02-01,446.0,639995.0,153724.0,457.25,295245.0,88273.0
2024-02-02,442.5,628058.0,129450.0,453.25,302062.0,58992.0
2024-02-05,442.75,621685.0,137664.0,454.0,309664.0,59867.0
2024-02-06,438.5,594080.0,193360.0,449.5,318445.0,114462.0
2024-02-07,434.25,557750.0,245418.0,446.25,338498.0,150030.0
2024-02-08,433.0,525360.0,222878.0,445.0,359000.0,141632.0
2024-02-09,430.0,494428.0,206271.0,443.0,380934.0,136375.0
2024-02-12,430.0,451019.0,198795.0,442.0,415392.0,133709.0
2024-02-13,431.25,429166.0,182682.0,443.0,441139.0,133841.0
2024-02-14,423.75,390325.0,230224.0,437.0,462102.0,150646.0
2024-02-15,417.5,358997.0,217729.0,429.75,480632.0,176163.0
2024-02-16,416.5,331070.0,176972.0,429.0,502781.0,141725.0
2024-02-20,418.5,300044.0,217838.0,431.75,526936.0,154802.0
2024-02-21,410.0,274027.0,180048.0,423.5,556434.0,162908.0
2024-02-22,406.25,235652.0,199941.0,418.5,584284.0,228789.0
2024-02-23,399.75,180751.0,218218.0,413.0,603165.0,223022.0
2024-02-26,407.0,115990.0,227175.0,421.5,607049.0,317455.0
2024-02-27,406.5,61735.0,139596.0,423.5,624882.0,223742.0
2024-02-28,414.0,10073.0,118959.0,429.75,646890.0,227188.0
2024-02-29,415.0,6564.0,8781.0,429.75,644197.0,145905.0
2024-03-01,405.5,5292.0,3475.0,424.5,646743.0,152580.0
2024-03-04,410.0,4063.0,2214.0,430.0,646812.0,146093.0
2024-03-05,410.0,3174.0,1544.0,425.75,643051.0,132187.0
2024-03-06,410.0,2459.0,2542.0,428.75,644339.0,132542.0
2024-03-07,422.0,1406.0,1645.0,437.5,640083.0,197196.0
2024-03-08,405.0,905.0,755.0,439.75,630493.0,194454.0
2024-03-11,405.0,444.0,615.0,441.25,627055.0,151654.0
2024-03-12,405.0,77.0,527.0,441.5,623191.0,136537.0
2024-03-13,405.0,58.0,75.0,441.0,625709.0,126196.0
2024-03-14,,30.0,50.0,434.25,621296.0,153348.0
2024-03-15,437.75,612241.0,140242.0,449.75,355918.0,69638.0
2024-03-18,436.25,616651.0,121822.0,449.25,364738.0,59454.0
2024-03-19,439.0,617656.0,115115.0,452.0,366790.0,57764.0
2024-03-20,439.25,618267.0,131971.0,452.5,372745.0,68933.0
2024-03-21,441.0,615881.0,158789.0,454.5,374192.0,67959.0
2024-03-22,439.0,610133.0,132898.0,451.5,375830.0,61303.0
2024-03-25,437.0,609148.0,118606.0,450.25,383499.0,60164.0
2024-03-26,432.0,606384.0,155311.0,445.0,384974.0,81267.0
2024-03-27,426.5,599541.0,165189.0,438.75,387405.0,88530.0
2024-03-28,442.0,606556.0,360086.0,454.0,404349.0,183709.0
2024-04-01,435.75,593347.0,200474.0,449.25,408750.0,105532.0
2024-04-02,427.75,579428.0,235504.0,442.75,413187.0,147589.0
2024-04-03,432.25,557257.0,187684.0,445.5,419012.0,109702.0
2024-04-04,435.5,546430.0,153811.0,447.5,413429.0,97859.0
2024-04-05,433.5,515692.0,192940.0,446.0,427711.0,141718.0
2024-04-08,435.25,473882.0,215991.0,447.25,445981.0,177641.0
2024-04-09,431.25,448890.0,219304.0,442.0,470248.0,172979.0
2024-04-10,433.75,420453.0,210255.0,445.0,490306.0,176851.0
2024-04-11,428.5,374891.0,250695.0,440.75,535975.0,189338.0
2024-04-12,434.75,352924.0,202052.0,446.25,537361.0,121697.0
2024-04-15,431.0,332425.0,152252.0,444.0,548008.0,103077.0
2024-04-16,430.75,304759.0,148116.0,442.75,561942.0,122877.0
2024-04-17,430.0,288539.0,139235.0,440.5,572647.0,122102.0
2024-04-18,426.75,272580.0,180777.0,436.5,590146.0,168928.0
2024-04-19,432.75,259237.0,163574.0,442.5,601214.0,152758.0
2024-04-22,439.0,229395.0,192556.0,449.75,625351.0,202243.0
2024-04-23,443.0,197308.0,144096.0,452.5,638992.0,173811.0
2024-04-24,438.0,165819.0,161654.0,448.25,651825.0,228268.0
2024-04-25,440.25,140606.0,168023.0,451.75,671105.0,235154.0
2024-04-26,439.0,74450.0,165048.0,450.0,686631.0,225497.0
2024-04-29,441.5,17713.0,117196.0,449.0,697341.0,211471.0
2024-04-30,438.25,8257.0,14833.0,447.0,700144.0,149008.0
2024-05-01,437.0,6064.0,4184.0,450.0,705795.0,151383.0
2024-05-02,446.0,5072.0,2944.0,459.75,717704.0,240171.0
2024-05-03,446.0,3520.0,2540.0,460.0,695547.0,303314.0
2024-05-06,445.0,2361.0,1907.0,468.75,690098.0,248355.0
2024-05-07,451.0,1544.0,1021.0,467.25,675805.0,208392.0
2024-05-08,430.0,1222.0,634.0,458.75,670427.0,221307.0
2024-05-09,430.0,539.0,573.0,456.75,673757.0,184154.0
2024-05-10,436.5,384.0,316.0,468.5,679724.0,245388.0
2024-05-13,430.0,152.0,317.0,471.5,670323.0,269735.0
2024-05-14,,56.0,27.0,467.75,662401.0,246243.0
2024-05-15,462.75,656302.0,222335.0,473.25,285374.0,53692.0
2024-05-16,457.25,666229.0,200532.0,467.5,287427.0,55014.0
2024-05-17,452.75,663442.0,217848.0,463.25,286816.0,81817.0
2024-05-20,460.0,664185.0,185086.0,470.5,284853.0,49868.0
2024-05-21,458.0,658600.0,168069.0,468.5,290738.0,51251.0
2024-05-22,461.0,649055.0,175899.0,470.0,290724.0,61301.0
2024-05-23,464.5,644173.0,166864.0,473.5,293916.0,45834.0
2024-05-24,464.75,636180.0,169182.0,474.0,300945.0,59086.0
2024-05-28,463.0,637874.0,166128.0,472.0,308558.0,46479.0
2024-05-29,455.5,639809.0,166319.0,465.25,321334.0,58607.0
2024-05-30,448.75,644302.0,225176.0,457.25,332476.0,77150.0
2024-05-31,446.0,645643.0,174860.0,454.0,343241.0,70748.0
2024-06-03,443.0,656873.0,262804.0,449.25,358321.0,114865.0
2024-06-04,442.0,644932.0,221274.0,448.0,371781.0,89333.0
2024-06-05,439.0,645323.0,183305.0,445.5,381431.0,80968.0
2024-06-06,453.0,630884.0,261537.0,458.5,388318.0,96372.0
2024-06-07,448.75,596354.0,238072.0,454.75,393814.0,114924.0
2024-06-10,451.0,543756.0,230930.0,455.25,412634.0,126902.0
2024-06-11,449.0,492869.0,271960.0,454.0,431786.0,155757.0
2024-06-12,453.0,442671.0,276468.0,455.0,456340.0,144560.0
2024-06-13,458.0,396211.0,296248.0,463.0,487211.0,172683.0
2024-06-14,448.75,365424.0,228388.0,455.0,497703.0,135417.0
2024-06-17,444.0,340196.0,172134.0,450.0,503238.0,87762.0
2024-06-18,448.0,302203.0,191652.0,453.75,509573.0,106453.0
2024-06-20,439.75,276679.0,229750.0,444.75,516995.0,147816.0
2024-06-21,434.75,230150.0,217553.0,440.5,526545.0,163094.0
2024-06-24,433.0,177061.0,203582.0,439.5,538743.0,162494.0
2024-06-25,424.25,119349.0,172164.0,431.25,563969.0,177837.0
2024-06-26,420.0,68198.0,161453.0,425.25,590609.0,234606.0
2024-06-27,414.5,11636.0,142693.0,422.25,619566.0,257427.0
2024-06-28,397.25,3944.0,15899.0,408.5,616113.0,314602.0
2024-07-01,392.25,2404.0,1731.0,407.5,615475.0,158704.0
2024-07-02,388.75,1755.0,764.0,407.75,615160.0,121577.0
2024-07-03,398.0,1474.0,584.0,404.75,610631.0,110943.0
2024-07-05,407.0,1235.0,398.0,410.25,609976.0,90317.0
2024-07-08,,732.0,666.0,393.5,619921.0,183880.0
2024-07-09,399.75,438.0,585.0,394.0,624539.0,158713.0
2024-07-10,399.75,168.0,214.0,395.5,626075.0,221922.0
2024-07-11,,78.0,65.0,400.0,616899.0,197071.0
2024-07-12,,111.0,125.0,402.25,606796.0,211323.0
2024-07-15,390.5,601725.0,140155.0,403.0,662564.0,168499.0
2024-07-16,395.25,600450.0,133849.0,409.5,667345.0,146694.0
2024-07-17,398.0,596891.0,115086.0,412.25,675209.0,136923.0
2024-07-18,391.0,591826.0,114790.0,405.75,676716.0,123126.0
2024-07-19,391.0,591097.0,111883.0,405.25,677470.0,113812.0
2024-07-22,399.75,588706.0,150907.0,414.75,679609.0,170637.0
2024-07-23,401.75,585918.0,143835.0,417.0,691420.0,175647.0
2024-07-24,402.5,582594.0,149625.0,418.0,698378.0,166658.0
2024-07-25,405.75,577434.0,119013.0,420.75,687955.0,155681.0
2024-07-26,394.5,570595.0,154397.0,410.25,687322.0,161574.0
2024-07-29,396.0,563259.0,142225.0,412.5,687433.0,169459.0
2024-07-30,387.75,560382.0,123321.0,404.75,692237.0,136869.0
2024-07-31,382.0,545904.0,156261.0,400.0,692422.0,207179.0
2024-08-01,382.0,539069.0,116742.0,399.5,691211.0,152322.0
2024-08-02,386.0,535497.0,113751.0,403.5,693136.0,150808.0
2024-08-05,390.0,517731.0,157029.0,407.0,687361.0,172739.0
2024-08-06,387.75,510290.0,107227.0,404.0,685866.0,135712.0
2024-08-07,383.25,481320.0,199142.0,401.25,694427.0,207130.0
2024-08-08,379.0,462358.0,157714.0,396.5,698564.0,184321.0
2024-08-09,376.5,440799.0,157231.0,395.0,706215.0,182297.0
2024-08-12,383.0,408939.0,203695.0,401.5,729367.0,295709.0
2024-08-13,377.25,389937.0,172577.0,397.0,745087.0,212080.0
2024-08-14,380.25,368456.0,125031.0,400.75,755455.0,175723.0
2024-08-15,375.0,344356.0,151990.0,397.0,758203.0,217108.0
2024-08-16,369.75,330222.0,137465.0,392.0,766487.0,215487.0
2024-08-19,378.0,303880.0,151084.0,400.25,766469.0,201011.0
2024-08-20,375.0,288016.0,122507.0,398.0,773682.0,156422.0
2024-08-21,374.75,277239.0,96191.0,398.25,775235.0,148027.0
2024-08-22,370.5,250684.0,131932.0,393.25,783351.0,189304.0
2024-08-23,367.25,198825.0,138358.0,391.0,799221.0,190430.0
2024-08-26,361.0,162944.0,143588.0,386.0,807238.0,251693.0
2024-08-27,366.0,114395.0,161618.0,392.25,810594.0,283622.0
2024-08-28,363.25,53327.0,160784.0,390.25,799755.0,270537.0
2024-08-29,371.0,7178.0,100531.0,395.5,807931.0,236853.0
2024-08-30,378.0,3702.0,6393.0,401.25,802870.0,187444.0
2024-09-03,376.25,1901.0,3017.0,408.75,797215.0,238850.0
2024-09-04,386.25,1231.0,1519.0,413.0,793671.0,205919.0
2024-09-05,386.25,737.0,485.0,410.5,784991.0,162780.0
2024-09-06,376.0,475.0,504.0,406.0,784244.0,174629.0
2024-09-09,378.0,310.0,381.0,407.0,782268.0,139745.0
2024-09-10,378.0,197.0,296.0,404.0,779858.0,132473.0
2024-09-11,381.0,168.0,117.0,405.0,778588.0,156927.0
2024-09-12,360.0,65.0,123.0,406.5,775734.0,271824.0
2024-09-13,,9.0,40.0,413.25,790357.0,229028.0
2024-09-16,410.0,790622.0,150818.0,429.0,268726.0,53577.0
2024-09-17,412.0,788859.0,123973.0,430.0,269616.0,46857.0
2024-09-18,412.0,794764.0,134644.0,430.25,275113.0,43227.0
2024-09-19,405.75,791138.0,166204.0,424.25,278598.0,60412.0
2024-09-20,401.75,789437.0,178231.0,419.75,288562.0,68392.0
2024-09-23,413.0,783858.0,228072.0,431.0,287451.0,59689.0
2024-09-24,411.75,787020.0,210496.0,430.25,293058.0,69004.0
2024-09-25,415.0,774105.0,158957.0,432.75,295114.0,60585.0
2024-09-26,413.25,780378.0,204872.0,431.0,296194.0,75196.0
2024-09-27,417.25,769606.0,218578.0,434.0,302984.0,80136.0
2024-09-30,424.0,770713.0,272926.0,440.0,304578.0,91078.0
2024-10-01,428.25,763499.0,262757.0,445.0,314175.0,108872.0
2024-10-02,431.5,768074.0,239747.0,449.0,321898.0,99767.0
2024-10-03,427.5,766116.0,181331.0,445.0,326876.0,56802.0
2024-10-04,425.0,745402.0,165354.0,442.0,326688.0,51141.0
2024-10-07,426.25,735558.0,161439.0,443.0,331988.0,61891.0
2024-10-08,420.25,731486.0,229659.0,437.75,344084.0,108529.0
2024-10-09,421.0,729095.0,148815.0,438.25,343664.0,73814.0
2024-10-10,418.25,731988.0,171360.0,436.0,355464.0,75221.0
2024-10-11,416.25,731177.0,224069.0,433.0,359323.0,90250.0
2024-10-14,408.0,741732.0,257782.0,424.25,368176.0,127701.0
2024-10-15,401.25,754065.0,305403.0,418.0,372497.0,156923.0
2024-10-16,404.5,756853.0,214285.0,420.0,386686.0,97243.0
2024-10-17,406.75,755132.0,255482.0,421.0,391954.0,123123.0
2024-10-18,404.0,749701.0,193538.0,418.75,391958.0,90708.0
2024-10-21,409.0,750384.0,241760.0,422.75,405513.0,100157.0
2024-10-22,416.5,747736.0,267224.0,429.0,424231.0,124172.0
2024-10-23,418.75,747184.0,246005.0,431.75,437875.0,121702.0
2024-10-24,421.0,736366.0,287987.0,435.0,445989.0,145630.0
2024-10-25,415.5,729535.0,247609.0,429.5,445421.0,135638.0
2024-10-28,410.25,724007.0,251359.0,424.75,455798.0,151513.0
2024-10-29,413.5,712894.0,197431.0,426.75,460994.0,101919.0
2024-10-30,411.25,706835.0,170092.0,425.75,465717.0,85342.0
2024-10-31,411.0,690634.0,238814.0,426.0,459267.0,151615.0
2024-11-01,414.25,687117.0,197406.0,428.75,471903.0,105048.0
2024-11-04,416.25,671250.0,219138.0,430.0,473988.0,112143.0
2024-11-05,418.25,654158.0,167928.0,431.5,477309.0,80448.0
2024-11-06,426.0,644100.0,283193.0,438.75,480468.0,124895.0
2024-11-07,428.0,611209.0,310584.0,440.25,493200.0,186635.0
2024-11-08,431.0,590371.0,347310.0,443.5,510713.0,222605.0
2024-11-11,429.5,543747.0,250205.0,442.75,531025.0,168405.0
2024-11-12,429.0,518244.0,250503.0,440.0,546859.0,170400.0
2024-11-13,426.0,478864.0,235165.0,437.0,579340.0,172933.0
2024-11-14,418.75,455774.0,292267.0,430.0,592033.0,190127.0
2024-11-15,423.75,438710.0,218570.0,435.0,608802.0,149876.0
2024-11-18,428.75,413176.0,190964.0,439.0,620186.0,149251.0
2024-11-19,427.25,385585.0,215160.0,437.0,638444.0,165885.0
2024-11-20,430.25,361594.0,224875.0,440.0,658108.0,184194.0
2024-11-21,427.0,326876.0,187445.0,436.0,672414.0,184039.0
2024-11-22,426.0,267939.0,159873.0,435.25,695076.0,175792.0
2024-11-25,424.75,174062.0,226269.0,433.0,717989.0,271395.0
2024-11-26,419.5,89422.0,210241.0,427.5,752049.0,323713.0
2024-11-27,414.5,17675.0,145009.0,427.75,789048.0,264979.0
2024-11-29,420.0,12409.0,7903.0,433.0,788186.0,124100.0
2024-12-02,424.0,9402.0,3895.0,433.0,785925.0,173212.0
2024-12-03,421.0,6416.0,4091.0,432.25,795460.0,150614.0
2024-12-04,420.0,4913.0,1723.0,429.75,791507.0,138433.0
2024-12-05,426.5,3579.0,2566.0,435.75,785976.0,164265.0
2024-12-06,425.0,2669.0,1372.0,439.75,800470.0,216789.0
2024-12-09,431.0,1603.0,1586.0,441.0,798843.0,228237.0
2024-12-10,438.0,657.0,1685.0,448.5,804784.0,296082.0
2024-12-11,435.25,319.0,570.0,447.75,807644.0,265284.0
2024-12-12,421.5,189.0,334.0,443.5,801600.0,224320.0
2024-12-13,,43.0,17.0,442.25,793751.0,170867.0
2024-12-16,445.0,789079.0,157167.0,451.5,273269.0,42915.0
2024-12-17,443.5,778582.0,164416.0,449.75,274326.0,51033.0
2024-12-18,437.5,773388.0,176178.0,443.75,275616.0,44396.0
2024-12-19,440.25,775208.0,182519.0,446.0,276478.0,54082.0
2024-12-20,446.0,773714.0,191422.0,451.25,274442.0,47534.0
2024-12-23,447.5,773308.0,132878.0,453.0,276236.0,38337.0
2024-12-24,448.25,765553.0,88153.0,453.0,275634.0,42256.0
2024-12-26,453.5,765265.0,176165.0,457.5,280183.0,48769.0
2024-12-27,453.5,749899.0,162024.0,460.75,290183.0,53865.0
2024-12-30,452.5,743912.0,217069.0,460.0,294749.0,71065.0
2024-12-31,458.25,746247.0,172882.0,465.75,300407.0,53677.0
2025-01-02,459.5,743840.0,163449.0,467.0,304171.0,55292.0
2025-01-03,450.75,726805.0,199340.0,458.25,303542.0,45256.0
2025-01-06,456.5,720713.0,227403.0,464.25,316130.0,74520.0
2025-01-07,458.0,718953.0,211629.0,465.0,319031.0,67746.0
2025-01-08,453.75,706036.0,192588.0,462.0,332705.0,87037.0
2025-01-09,456.25,696482.0,157712.0,465.0,333996.0,66201.0
2025-01-10,470.5,725603.0,467086.0,479.0,356926.0,209013.0
2025-01-13,475.75,724076.0,376883.0,485.75,380066.0,183530.0
2025-01-14,474.25,717966.0,278017.0,484.25,394637.0,131176.0
2025-01-15,478.75,722959.0,218140.0,488.0,401241.0,99883.0
2025-01-16,474.5,723691.0,209824.0,482.5,404511.0,86161.0
2025-01-17,484.25,734986.0,305007.0,493.0,425406.0,157985.0
2025-01-21,489.5,731108.0,295105.0,499.0,441569.0,124155.0
2025-01-22,484.25,730560.0,264538.0,493.5,445933.0,116651.0
2025-01-23,489.0,739097.0,250550.0,498.5,463172.0,118837.0
2025-01-24,485.75,704672.0,208959.0,495.75,469160.0,97323.0
2025-01-27,482.25,693686.0,216234.0,492.5,478214.0,83981.0
2025-01-28,485.0,688017.0,225855.0,495.5,491257.0,98934.0
2025-01-29,495.75,699507.0,277207.0,506.0,503185.0,129134.0
2025-01-30,490.0,696397.0,218110.0,501.75,519219.0,102614.0
2025-01-31,482.5,680248.0,318483.0,492.0,516787.0,151879.0
2025-02-03,488.0,666145.0,322166.0,499.0,518311.0,158846.0
2025-02-04,493.75,654135.0,279780.0,504.0,526984.0,167842.0
2025-02-05,493.0,640625.0,226004.0,504.25,533339.0,126818.0
2025-02-06,495.5,607712.0,299134.0,507.5,545245.0,203499.0
2025-02-07,487.5,553885.0,287303.0,501.0,574798.0,197726.0
2025-02-10,491.75,519665.0,250904.0,504.25,605648.0,173332.0
2025-02-11,483.75,467202.0,311257.0,498.0,635605.0,222792.0
2025-02-12,490.5,420862.0,271391.0,504.0,674346.0,190528.0
2025-02-13,493.0,384127.0,269316.0,505.25,707836.0,211061.0
2025-02-14,496.5,369697.0,195600.0,508.25,726295.0,160764.0
2025-02-18,501.75,345971.0,238775.0,515.0,752766.0,173575.0
2025-02-19,497.5,297547.0,210080.0,512.0,787861.0,185421.0
2025-02-20,497.75,265543.0,163804.0,511.5,803214.0,167194.0
2025-02-21,490.5,166183.0,168137.0,505.0,805571.0,225966.0
2025-02-24,483.0,119591.0,189315.0,497.25,818765.0,280980.0
2025-02-25,480.25,77419.0,116438.0,494.75,814449.0,233372.0
2025-02-26,478.25,46457.0,101750.0,493.5,823658.0,221417.0
2025-02-27,464.75,8313.0,86413.0,481.0,833922.0,323813.0
2025-02-28,453.0,4482.0,7600.0,469.5,834087.0,268768.0
2025-03-03,437.75,2787.0,3364.0,456.5,807222.0,353207.0
2025-03-04,435.0,1901.0,2273.0,452.25,792062.0,391274.0
2025-03-05,431.0,1460.0,1169.0,456.5,773488.0,277827.0
2025-03-06,444.0,885.0,668.0,464.0,756635.0,313858.0
2025-03-07,445.0,682.0,311.0,469.5,748076.0,170217.0
2025-03-10,449.5,335.0,479.0,472.0,729182.0,158427.0
2025-03-11,451.0,297.0,76.0,469.0,723465.0,189880.0
2025-03-12,446.0,132.0,233.0,461.5,721958.0,231919.0
2025-03-13,425.0,70.0,101.0,464.0,718058.0,189221.0
2025-03-14,,68.0,32.0,458.5,698506.0,242039.0
2025-03-17,460.75,684690.0,180875.0,469.5,454484.0,98696.0
2025-03-18,458.25,673772.0,177170.0,466.75,460139.0,94661.0
2025-03-19,462.25,663462.0,185225.0,469.25,459452.0,98580.0
2025-03-20,467.5,658785.0,219751.0,474.0,465624.0,133221.0
2025-03-21,463.0,656332.0,182427.0,470.5,480310.0,108350.0
2025-03-24,464.0,650835.0,125182.0,471.5,484235.0,67046.0
2025-03-25,458.75,652322.0,148189.0,466.0,490780.0,96901.0
2025-03-26,451.5,645623.0,154487.0,459.0,497311.0,84966.0
2025-03-27,450.0,646262.0,170192.0,458.0,505044.0,126025.0
2025-03-28,453.0,623072.0,206960.0,460.0,523746.0,163002.0
2025-03-31,457.5,619538.0,282804.0,464.0,551585.0,216324.0
2025-04-01,460.25,607630.0,179571.0,467.0,557388.0,126856.0
2025-04-02,457.25,601505.0,159591.0,464.5,569169.0,107473.0
2025-04-03,458.0,579860.0,203152.0,465.5,577802.0,139283.0
2025-04-04,460.25,562971.0,212888.0,466.25,580622.0,126896.0
2025-04-07,464.75,515571.0,216782.0,468.0,587793.0,140908.0
2025-04-08,468.5,475642.0,255177.0,474.25,608680.0,206915.0
2025-04-09,473.25,446751.0,257173.0,479.5,618144.0,200946.0
2025-04-10,482.0,405090.0,326270.0,487.0,578804.0,333680.0
2025-04-11,489.0,355026.0,284335.0,496.0,612526.0,275411.0
2025-04-14,485.0,338513.0,201393.0,492.0,635751.0,188941.0
2025-04-15,480.75,313243.0,178411.0,488.75,647520.0,189549.0
2025-04-16,483.75,293755.0,136221.0,491.0,651145.0,142357.0
2025-04-17,483.0,279832.0,117566.0,490.0,660700.0,115218.0
2025-04-21,482.0,261497.0,128840.0,490.0,666016.0,132427.0
2025-04-22,475.25,240636.0,152079.0,483.0,667834.0,162010.0
2025-04-23,472.0,213016.0,147853.0,479.5,674953.0,165328.0
2025-04-24,477.0,176861.0,146915.0,483.25,672170.0,183145.0
2025-04-25,477.0,120641.0,129454.0,484.25,671411.0,172391.0
2025-04-28,475.0,55681.0,176588.0,482.5,689553.0,281192.0
2025-04-29,462.0,10534.0,100359.0,470.5,677764.0,318620.0
2025-04-30,462.5,5076.0,10991.0,475.25,665212.0,196430.0
2025-05-01,464.25,3513.0,3008.0,472.25,666763.0,163168.0
2025-05-02,459.0,1966.0,2624.0,469.0,665836.0,163656.0
2025-05-05,442.5,1201.0,1098.0,454.5,676223.0,270570.0
2025-05-06,442.5,957.0,466.0,456.0,668587.0,218024.0
2025-05-07,439.5,725.0,617.0,449.75,674660.0,248109.0
2025-05-08,425.0,500.0,438.0,448.75,678978.0,256171.0
2025-05-09,425.0,324.0,240.0,449.5,674777.0,179566.0
2025-05-12,422.0,228.0,205.0,447.5,670475.0,249867.0
2025-05-13,422.0,110.0,66.0,443.0,674385.0,241737.0
2025-05-14,,76.0,44.0,445.0,675892.0,177064.0
2025-05-15,448.0,679315.0,191182.0,425.0,310899.0,78515.0
2025-05-16,443.25,682405.0,173410.0,420.75,317870.0,87124.0
2025-05-19,447.25,687629.0,179623.0,426.75,324632.0,71629.0
2025-05-20,454.5,679970.0,194894.0,435.25,326447.0,89154.0
2025-05-21,459.75,676564.0,201425.0,441.75,328023.0,79331.0
2025-05-22,462.75,669733.0,192800.0,441.0,328983.0,71803.0
2025-05-23,459.25,669855.0,167356.0,437.25,331551.0,70787.0
2025-05-27,458.25,663164.0,153148.0,432.75,335785.0,53721.0
2025-05-28,450.75,663834.0,196402.0,430.0,342895.0,91024.0
2025-05-29,447.0,651774.0,157586.0,427.25,348687.0,52939.0
2025-05-30,444.0,644804.0,140113.0,423.75,351813.0,78834.0
2025-06-02,438.25,633846.0,211154.0,420.0,352455.0,87669.0
2025-06-03,438.5,631008.0,209493.0,423.75,365885.0,91583.0
2025-06-04,438.25,618917.0,220751.0,427.5,370737.0,108753.0
2025-06-05,438.0,602011.0,199450.0,430.75,378433.0,127453.0
2025-06-06,442.0,568794.0,229798.0,433.0,387154.0,154725.0
2025-06-09,433.5,531803.0,228598.0,422.75,402508.0,158917.0
2025-06-10,438.75,488572.0,245097.0,424.75,413379.0,165595.0
2025-06-11,436.25,456412.0,201677.0,425.0,432306.0,126178.0
2025-06-12,438.25,420160.0,190442.0,426.0,458177.0,130969.0
2025-06-13,444.25,391830.0,179124.0,428.5,469594.0,104075.0
2025-06-16,435.0,361355.0,177619.0,420.0,480762.0,106249.0
2025-06-17,431.75,322271.0,231168.0,424.25,501578.0,151154.0
2025-06-18,432.5,287534.0,225878.0,428.5,520033.0,154947.0
2025-06-20,428.75,245013.0,189743.0,425.5,526403.0,125508.0
2025-06-23,419.0,199288.0,197265.0,417.5,542587.0,165835.0
2025-06-24,415.0,158136.0,192057.0,412.0,566978.0,185361.0
2025-06-25,410.0,110852.0,144137.0,405.25,583352.0,192101.0
2025-06-26,408.0,61017.0,159014.0,404.0,600733.0,205559.0
2025-06-27,414.75,11135.0,106238.0,411.5,620155.0,189078.0
2025-06-30,422.0,4795.0,12555.0,409.0,620261.0,161235.0
2025-07-01,415.0,3641.0,4103.0,406.0,621498.0,147773.0
2025-07-02,430.0,2173.0,3639.0,417.5,617613.0,165858.0
2025-07-03,427.0,1362.0,1493.0,420.5,611705.0,153367.0
2025-07-07,415.0,997.0,709.0,403.75,601656.0,163226.0
2025-07-08,407.0,718.0,573.0,398.25,598367.0,199608.0
2025-07-09,412.5,486.0,349.0,399.25,587265.0,177946.0
2025-07-10,407.25,186.0,571.0,399.0,576999.0,132798.0
2025-07-11,411.75,98.0,315.0,396.0,566189.0,145838.0
2025-07-14,,29.0,76.0,400.25,563411.0,185262.0
2025-07-15,400.25,551764.0,182568.0,419.0,607106.0,210298.0
2025-07-16,405.0,550700.0,163241.0,424.25,606235.0,186715.0
2025-07-17,401.25,547121.0,103691.0,420.75,602096.0,122209.0
2025-07-18,408.25,549256.0,127464.0,427.75,605616.0,156897.0
2025-07-21,404.25,550384.0,112066.0,422.25,602025.0,137079.0
2025-07-22,399.25,553582.0,114958.0,417.5,611485.0,121714.0
2025-07-23,398.75,560074.0,92982.0,417.25,617561.0,95249.0
2025-07-24,401.5,561416.0,111447.0,420.25,624247.0,119505.0
2025-07-25,399.5,572810.0,97166.0,418.75,626580.0,92307.0
2025-07-28,393.0,561180.0,141670.0,413.25,635882.0,160905.0
2025-07-29,389.0,561408.0,169994.0,410.75,652976.0,209242.0
2025-07-30,391.5,550024.0,132091.0,412.0,659207.0,148306.0
2025-07-31,394.0,544779.0,124175.0,413.5,669939.0,167472.0
2025-08-01,389.25,547532.0,111475.0,410.75,671118.0,137743.0
2025-08-04,387.0,532079.0,133486.0,407.25,677416.0,165950.0
2025-08-05,380.5,541509.0,166267.0,402.0,682821.0,205896.0
2025-08-06,380.0,527913.0,151730.0,401.25,681657.0,188249.0
2025-08-07,384.0,496158.0,154983.0,407.0,691777.0,209898.0
2025-08-08,382.75,453518.0,174531.0,405.5,714292.0,218129.0
2025-08-11,384.75,408077.0,180486.0,407.5,719646.0,222153.0
2025-08-12,371.5,358517.0,252732.0,394.0,757435.0,418565.0
2025-08-13,372.75,325989.0,167774.0,396.75,788739.0,249115.0
2025-08-14,376.0,303212.0,112000.0,398.25,797139.0,186631.0
2025-08-15,383.5,293035.0,129521.0,405.25,797828.0,202741.0
2025-08-18,382.75,281768.0,104730.0,406.25,815847.0,167859.0
2025-08-19,379.0,264679.0,79845.0,402.75,819067.0,141707.0
2025-08-20,380.0,241826.0,109776.0,404.0,819974.0,143806.0
2025-08-21,387.5,224194.0,116898.0,412.0,833839.0,256769.0
2025-08-22,388.25,166237.0,108358.0,411.25,832390.0,180162.0
2025-08-25,389.25,128240.0,123992.0,412.0,834884.0,195064.0
2025-08-26,387.0,80835.0,170218.0,409.25,838348.0,266957.0
2025-08-27,381.75,45810.0,108482.0,406.0,854543.0,204078.0
2025-08-28,385.0,6606.0,81216.0,410.5,874978.0,208709.0
2025-08-29,399.0,3227.0,7520.0,419.5,871220.0,277558.0
2025-09-02,382.5,2207.0,1546.0,422.75,870263.0,246406.0
2025-09-03,397.75,1484.0,1025.0,417.75,861943.0,187053.0
2025-09-04,399.0,759.0,863.0,420.0,859314.0,153762.0
2025-09-05,380.0,618.0,417.0,417.5,852452.0,166147.0
2025-09-08,380.0,327.0,549.0,421.25,848697.0,133439.0
2025-09-09,401.0,265.0,146.0,419.5,849058.0,116928.0
2025-09-10,380.0,227.0,57.0,417.0,847269.0,98507.0
2025-09-11,376.0,52.0,120.0,419.75,851601.0,138704.0
2025-09-12,,36.0,37.0,427.25,849543.0,363844.0
2025-09-15,423.25,832723.0,192792.0,441.0,292165.0,47758.0
2025-09-16,428.5,840309.0,178779.0,446.25,298059.0,48310.0
2025-09-17,426.75,842604.0,146851.0,444.5,297580.0,54777.0
2025-09-18,424.0,835078.0,113263.0,441.75,300309.0,34380.0
2025-09-19,424.0,834005.0,162409.0,441.25,305612.0,50971.0
2025-09-22,421.75,823431.0,189769.0,438.75,302836.0,57003.0
2025-09-23,425.5,825997.0,145931.0,442.25,301454.0,45199.0
2025-09-24,424.0,819886.0,134256.0,440.75,302416.0,36114.0
2025-09-25,425.0,823224.0,146851.0,441.75,305728.0,49216.0
2025-09-26,421.75,807029.0,131813.0,438.75,309694.0,39744.0
2025-09-29,421.25,802928.0,146154.0,438.5,314597.0,38562.0
2025-09-30,415.75,796993.0,279177.0,431.75,323250.0,93763.0
2025-10-01,418.25,800920.0,285170.0,434.25,334085.0,98996.0
2025-10-02,421.0,806589.0,192896.0,437.25,338405.0,64088.0
2025-10-03,419.25,797271.0,179524.0,436.75,338053.0,71210.0
2025-10-06,421.75,796524.0,141859.0,438.5,342502.0,42733.0
2025-10-07,419.0,793763.0,219828.0,435.75,358443.0,112486.0
2025-10-08,422.0,800496.0,167360.0,437.5,358612.0,78418.0
2025-10-09,418.25,795860.0,207206.0,434.25,364859.0,111236.0
2025-10-10,414.25,810959.0,233653.0,430.0,381786.0,83936.0
2025-10-13,411.0,811077.0,181175.0,427.25,381785.0,73056.0
2025-10-14,413.0,801281.0,192433.0,429.25,386430.0,84369.0
2025-10-15,416.75,789452.0,195171.0,432.75,388722.0,77812.0
2025-10-16,421.5,784881.0,304262.0,435.75,400742.0,150002.0
2025-10-17,422.5,777668.0,185452.0,436.5,401025.0,84956.0
2025-10-20,423.5,767650.0,179465.0,437.25,404995.0,69823.0
2025-10-21,419.5,760197.0,181051.0,434.75,413917.0,71473.0
2025-10-22,423.0,757156.0,186819.0,436.25,420528.0,80548.0
2025-10-23,427.5,761344.0,206571.0,440.0,429374.0,101270.0
2025-10-24,423.25,754980.0,211852.0,437.75,435038.0,104489.0
2025-10-27,428.0,733586.0,295622.0,443.25,437982.0,145056.0
2025-10-28,431.25,715271.0,378016.0,445.5,437468.0,215857.0
2025-10-29,434.25,689660.0,239879.0,447.0,438246.0,157844.0
2025-10-30,429.25,670246.0,301183.0,443.0,443530.0,158864.0
2025-10-31,430.5,661306.0,214312.0,443.25,441115.0,127060.0
2025-11-03,434.5,653871.0,207957.0,446.5,447211.0,109257.0
2025-11-04,430.75,642443.0,183033.0,444.75,451453.0,114456.0
2025-11-05,434.75,628029.0,201307.0,449.0,462888.0,115841.0
2025-11-06,428.75,609681.0,228266.0,443.0,468140.0,122797.0
2025-11-07,426.75,582623.0,186066.0,442.0,477537.0,114033.0
2025-11-10,429.25,549705.0,220392.0,444.0,502897.0,149131.0
2025-11-11,431.5,505590.0,221848.0,446.25,506392.0,165446.0
2025-11-12,435.0,483348.0,271699.0,449.0,512494.0,215669.0
2025-11-13,442.0,450169.0,400924.0,455.0,563744.0,304493.0
2025-11-14,430.0,414388.0,411585.0,443.5,576329.0,314292.0
2025-11-17,434.75,393282.0,219642.0,447.75,579528.0,173671.0
2025-11-18,435.5,376028.0,162294.0,448.75,585736.0,140864.0
2025-11-19,429.75,345372.0,198902.0,442.0,598157.0,178328.0
2025-11-20,426.25,308966.0,195292.0,437.75,619695.0,227070.0
2025-11-21,425.75,223441.0,194578.0,437.5,646444.0,195235.0
2025-11-24,424.0,154559.0,227312.0,437.0,682949.0,259740.0
2025-11-25,423.5,77870.0,227795.0,437.75,716267.0,281855.0
2025-11-26,428.0,13468.0,158325.0,445.5,745324.0,310045.0
2025-11-28,426.5,8066.0,8642.0,447.5,739987.0,87644.0
2025-12-01,433.5,5861.0,3265.0,445.0,727008.0,168991.0
2025-12-02,436.5,4358.0,2267.0,449.5,738669.0,211525.0
2025-12-03,431.0,3888.0,1340.0,443.0,730114.0,187591.0
2025-12-04,435.0,3395.0,1242.0,446.25,730678.0,151430.0
2025-12-05,435.5,2517.0,1038.0,444.5,727826.0,112552.0
2025-12-08,434.0,1423.0,1738.0,443.5,724884.0,114701.0
2025-12-09,435.0,,873.0,447.75,,168071.0
