date,s1_bid,s1_oi,s1_vol,s2_bid,s2_oi,s2_vol
2020-12-09,1158.25,208104.0,121502.0,1163.5,300525.0,90650.0
2020-12-10,1154.0,193333.0,202110.0,1157.0,311111.0,121428.0
2020-12-11,1156.0,179304.0,129424.0,1160.0,326259.0,82893.0
2020-12-14,1168.5,171289.0,101997.0,1173.5,326249.0,58809.0
2020-12-15,1182.5,163535.0,128713.0,1189.0,334272.0,71589.0
2020-12-16,1181.75,148691.0,122886.0,1185.0,350634.0,95554.0
2020-12-17,1204.5,141343.0,125030.0,1205.5,363880.0,102177.0
2020-12-18,1217.0,129368.0,110919.0,1220.5,376005.0,102066.0
2020-12-21,1241.5,118882.0,129147.0,1247.0,389479.0,154422.0
2020-12-22,1247.75,102115.0,102551.0,1251.0,391121.0,127913.0
2020-12-23,1256.0,86074.0,93382.0,1262.0,394312.0,121837.0
2020-12-24,1261.0,61607.0,41312.0,1261.25,399338.0,69536.0
2020-12-28,1249.0,33750.0,56756.0,1256.75,400329.0,147552.0
2020-12-29,1295.0,15691.0,43283.0,1296.0,409271.0,162644.0
2020-12-30,1295.5,6001.0,24625.0,1298.0,411939.0,150666.0
2020-12-31,1312.0,4198.0,3634.0,1307.0,410499.0,115566.0
2021-01-04,1307.0,3071.0,2421.0,1311.0,412568.0,200649.0
2021-01-05,1342.0,2499.0,1194.0,1356.75,407859.0,204605.0
2021-01-06,1345.0,1962.0,880.0,1368.0,408541.0,161320.0
2021-01-07,1350.0,1133.0,1097.0,1355.0,406514.0,150334.0
2021-01-08,1351.75,689.0,810.0,1375.0,405929.0,140360.0
2021-01-11,1374.5,462.0,365.0,1372.5,392369.0,143484.0
2021-01-12,1351.75,199.0,331.0,1418.0,389247.0,167397.0
2021-01-13,1271.5,52.0,242.0,1405.0,382289.0,137450.0
2021-01-14,,11.0,12.0,1432.25,378606.0,109224.0
2021-01-15,1421.75,375156.0,102084.0,1414.75,172516.0,36396.0
2021-01-19,1385.0,366235.0,129335.0,1383.0,172091.0,48297.0
2021-01-20,1368.75,358270.0,182300.0,1362.25,173185.0,53327.0
2021-01-21,1367.5,352896.0,118977.0,1365.0,174200.0,34117.0
2021-01-22,1307.75,338462.0,203991.0,1311.5,176526.0,70399.0
2021-01-25,1345.75,332410.0,150390.0,1343.0,177441.0,47324.0
2021-01-26,1368.75,328931.0,116570.0,1369.0,182148.0,46000.0
2021-01-27,1370.75,312837.0,176959.0,1370.0,185524.0,78654.0
2021-01-28,1350.0,307001.0,147312.0,1347.75,184991.0,71449.0
2021-01-29,1363.75,305373.0,140139.0,1361.0,186293.0,64239.0
2021-02-01,1365.0,300123.0,122610.0,1363.0,189703.0,56122.0
2021-02-02,1351.0,299187.0,101229.0,1344.0,188845.0,43557.0
2021-02-03,1368.0,295750.0,104412.0,1362.75,192480.0,48151.0
2021-02-04,1370.0,291246.0,105595.0,1363.0,191770.0,66828.0
2021-02-05,1366.75,270906.0,125252.0,1365.0,206118.0,86959.0
2021-02-08,1389.0,255638.0,132805.0,1389.0,213979.0,89280.0
2021-02-09,1404.25,236722.0,183992.0,1402.0,234957.0,114104.0
2021-02-10,1352.5,222032.0,171264.0,1352.5,254701.0,104938.0
2021-02-11,1368.0,205732.0,133481.0,1361.5,269773.0,92718.0
2021-02-12,1371.0,195952.0,89711.0,1362.5,274257.0,58887.0
2021-02-16,1385.0,174951.0,115890.0,1382.5,275168.0,95224.0
2021-02-17,1384.0,166991.0,75855.0,1384.75,281494.0,68554.0
2021-02-18,1377.0,150525.0,114634.0,1379.75,296114.0,85745.0
2021-02-19,1374.75,99633.0,140822.0,1379.0,322754.0,118332.0
2021-02-22,1380.0,70941.0,124120.0,1388.5,339586.0,131827.0
2021-02-23,1405.5,48129.0,88637.0,1408.0,360520.0,169884.0
2021-02-24,1420.0,21712.0,66143.0,1420.25,361949.0,140127.0
2021-02-25,1407.0,5150.0,44673.0,1405.0,360501.0,184671.0
2021-02-26,1380.0,2734.0,5701.0,1406.25,356633.0,117310.0
2021-03-01,1391.0,1943.0,1258.0,1392.5,356975.0,106588.0
2021-03-02,1385.0,1489.0,680.0,1412.5,353265.0,110167.0
2021-03-03,1405.0,1028.0,619.0,1407.5,351828.0,83314.0
2021-03-04,1405.0,777.0,385.0,1410.0,353933.0,140366.0
2021-03-05,1420.0,704.0,171.0,1430.0,356513.0,94022.0
2021-03-08,1430.0,581.0,149.0,1433.0,358690.0,103932.0
2021-03-09,1405.0,451.0,186.0,1439.75,352602.0,115316.0
2021-03-10,1405.0,166.0,340.0,1410.0,347640.0,124169.0
2021-03-11,1336.5,26.0,180.0,1413.5,342592.0,95557.0
2021-03-12,,3.0,25.0,1410.0,337704.0,100480.0
2021-03-15,1419.0,332208.0,82218.0,1407.5,180822.0,39929.0
2021-03-16,1423.0,325805.0,71215.0,1407.75,185881.0,37661.0
2021-03-17,1413.75,320119.0,69409.0,1400.75,187967.0,41004.0
2021-03-18,1391.75,319039.0,93486.0,1378.25,188804.0,44260.0
2021-03-19,1415.0,318508.0,86775.0,1400.0,189840.0,36302.0
2021-03-22,1416.0,315149.0,77293.0,1402.0,190122.0,30152.0
2021-03-23,1422.25,314610.0,108200.0,1409.0,189836.0,60235.0
2021-03-24,1431.5,312064.0,78103.0,1415.0,189194.0,49085.0
2021-03-25,1414.25,307757.0,104662.0,1400.25,189525.0,56548.0
2021-03-26,1400.0,308841.0,100389.0,1390.0,193487.0,61670.0
2021-03-29,1390.0,305045.0,98533.0,1385.5,195315.0,47810.0
2021-03-30,1366.5,301827.0,96925.0,1357.75,197178.0,44744.0
2021-03-31,1436.75,296006.0,128593.0,1427.75,205455.0,101574.0
2021-04-01,1401.25,286273.0,169783.0,1394.0,206949.0,117768.0
2021-04-02,1401.25,286234.0,,1394.0,206977.0,
2021-04-05,1411.0,284632.0,63975.0,1404.0,205605.0,39408.0
2021-04-06,1416.75,284668.0,81203.0,1409.0,203207.0,47331.0
2021-04-07,1407.5,279848.0,84843.0,1402.0,208462.0,57559.0
2021-04-08,1415.0,264595.0,98187.0,1406.0,224341.0,77897.0
2021-04-09,1403.0,246716.0,113734.0,1400.0,242798.0,92190.0
2021-04-12,1382.25,222019.0,134732.0,1376.0,266527.0,102693.0
2021-04-13,1389.5,210160.0,119433.0,1383.0,285142.0,96049.0
2021-04-14,1406.0,203858.0,113554.0,1400.5,298628.0,93320.0
2021-04-15,1412.75,193639.0,85081.0,1409.5,305807.0,76933.0
2021-04-16,1433.0,185947.0,88555.0,1418.0,316745.0,97086.0
2021-04-19,1449.0,181192.0,78228.0,1435.75,327161.0,91840.0
2021-04-20,1474.25,161453.0,91627.0,1457.75,334682.0,122053.0
2021-04-21,1496.25,147300.0,88608.0,1477.0,347938.0,126879.0
2021-04-22,1532.75,131275.0,115383.0,1514.5,357638.0,158657.0
2021-04-23,1539.75,98477.0,112190.0,1514.25,362769.0,139849.0
2021-04-26,1571.0,77482.0,84662.0,1540.5,364721.0,160823.0
2021-04-27,1547.0,52604.0,77706.0,1518.25,368565.0,195808.0
2021-04-28,1547.0,19172.0,66001.0,1507.75,370885.0,188637.0
2021-04-29,1532.5,7130.0,22542.0,1500.5,371672.0,122271.0
2021-04-30,1529.25,4422.0,4669.0,1534.0,373710.0,108723.0
2021-05-03,1529.0,3172.0,1617.0,1524.0,370249.0,107742.0
2021-05-04,1550.75,2045.0,1618.0,1540.0,365278.0,93057.0
2021-05-05,1550.75,1649.0,631.0,1542.0,359479.0,87263.0
2021-05-06,1550.75,1227.0,588.0,1566.5,358033.0,112467.0
2021-05-07,1605.0,762.0,508.0,1580.25,349906.0,108531.0
2021-05-10,1595.0,436.0,396.0,1587.0,344294.0,94978.0
2021-05-11,1595.0,364.0,128.0,1615.0,343499.0,116837.0
2021-05-12,1627.75,316.0,172.0,1640.75,342661.0,153357.0
2021-05-13,1448.25,50.0,199.0,1581.75,329910.0,164120.0
2021-05-14,,22.0,22.0,1586.0,319606.0,104663.0
2021-05-17,1587.0,314338.0,84850.0,1525.0,36315.0,11064.0
2021-05-18,1574.0,311791.0,100081.0,1521.0,38189.0,12493.0
2021-05-19,1545.25,303006.0,125738.0,1484.25,38597.0,16429.0
2021-05-20,1533.0,302031.0,74949.0,1476.75,39795.0,8877.0
2021-05-21,1528.5,303742.0,87016.0,1455.0,39787.0,10391.0
2021-05-24,1522.75,300851.0,78380.0,1460.0,39421.0,6996.0
2021-05-25,1506.0,297033.0,98163.0,1461.0,39590.0,8711.0
2021-05-26,1503.25,294582.0,101218.0,1452.0,39506.0,12077.0
2021-05-27,1535.5,291456.0,87612.0,1487.75,39509.0,11348.0
2021-05-28,1525.5,289265.0,74559.0,1481.25,40037.0,7952.0
2021-06-01,1548.5,284513.0,97373.0,1500.25,40029.0,12705.0
2021-06-02,1559.0,276142.0,93696.0,1493.0,41002.0,16380.0
2021-06-03,1545.0,271324.0,91793.0,1504.0,42542.0,15518.0
2021-06-04,1576.25,268784.0,80384.0,1537.5,45203.0,14114.0
2021-06-07,1560.25,251079.0,145331.0,1516.0,45523.0,27535.0
2021-06-08,1575.75,238462.0,141918.0,1542.0,45998.0,22571.0
2021-06-09,1559.0,216678.0,117025.0,1517.0,47513.0,18927.0
2021-06-10,1543.25,196622.0,144526.0,1509.75,49112.0,33488.0
2021-06-11,1508.0,177188.0,155417.0,1473.25,53601.0,42102.0
2021-06-14,1471.75,164124.0,106170.0,1428.0,53769.0,25399.0
2021-06-15,1460.0,156293.0,103081.0,1426.0,56477.0,33517.0
2021-06-16,1442.0,152241.0,74804.0,1396.75,58787.0,22625.0
2021-06-17,1329.0,145034.0,121978.0,1285.25,60575.0,45786.0
2021-06-18,1390.0,135212.0,100857.0,1330.0,60634.0,36497.0
2021-06-21,1415.0,129169.0,64081.0,1371.25,60688.0,25418.0
2021-06-22,1392.25,125707.0,67595.0,1349.75,61779.0,23546.0
2021-06-23,1381.5,118256.0,65951.0,1344.0,64077.0,26508.0
2021-06-24,1364.75,107977.0,57347.0,1322.5,64363.0,29887.0
2021-06-25,1325.75,35880.0,97444.0,1303.0,69530.0,39509.0
2021-06-28,1357.0,14524.0,51276.0,1326.5,69007.0,40249.0
2021-06-29,1365.0,6439.0,20510.0,1338.0,70242.0,33736.0
2021-06-30,1408.0,3842.0,4559.0,1422.25,70971.0,41059.0
2021-07-01,1446.0,2816.0,2182.0,1429.0,71169.0,29448.0
2021-07-02,1408.0,2016.0,1542.0,1434.5,69563.0,20783.0
2021-07-06,1355.0,1564.0,586.0,1342.0,67248.0,27205.0
2021-07-07,1355.0,868.0,795.0,1366.0,66034.0,31220.0
2021-07-08,1377.75,536.0,507.0,1368.25,64664.0,28358.0
2021-07-09,1387.5,282.0,329.0,1374.5,62106.0,21974.0
2021-07-12,1412.5,185.0,105.0,1395.0,59967.0,26870.0
2021-07-13,1438.0,24.0,172.0,1407.25,57214.0,32508.0
2021-07-14,,,29.0,1453.0,52512.0,36423.0
2021-07-15,1444.0,50512.0,30128.0,1382.0,39080.0,20699.0
2021-07-16,1440.0,50787.0,31628.0,1396.25,40482.0,19555.0
2021-07-19,1429.0,51778.0,24475.0,1382.0,40292.0,14626.0
2021-07-20,1446.0,45661.0,33664.0,1396.0,43278.0,18663.0
2021-07-21,1435.0,43654.0,21426.0,1389.0,43649.0,15092.0
2021-07-22,1416.0,41030.0,30714.0,1350.75,43131.0,23583.0
2021-07-23,1395.0,33701.0,23499.0,1352.0,42487.0,16471.0
2021-07-26,1403.75,28624.0,25875.0,1364.5,41874.0,16569.0
2021-07-27,1423.0,24074.0,22129.0,1367.25,41683.0,20185.0
2021-07-28,1420.0,17882.0,21549.0,1369.0,43083.0,19531.0
2021-07-29,1428.5,7920.0,17953.0,1375.25,44654.0,17419.0
2021-07-30,1409.25,6335.0,2967.0,1352.0,44854.0,16017.0
2021-08-02,1398.0,5518.0,1153.0,1352.25,44893.0,11372.0
2021-08-03,1381.75,3954.0,2286.0,1324.0,42979.0,23947.0
2021-08-04,1398.0,2286.0,2841.0,1329.25,42511.0,16795.0
2021-08-05,1381.75,1721.0,1246.0,1335.75,41360.0,13114.0
2021-08-06,1410.5,1244.0,957.0,1343.75,41848.0,13011.0
2021-08-09,1430.0,922.0,446.0,1338.5,40439.0,12251.0
2021-08-10,1445.25,334.0,812.0,1347.75,40341.0,14056.0
2021-08-11,1388.0,73.0,285.0,1346.75,38212.0,18931.0
2021-08-12,1370.0,36.0,37.0,1340.75,36356.0,21963.0
2021-08-13,,,43.0,1361.75,35024.0,20560.0
2021-08-16,1375.0,34147.0,13440.0,1368.0,371774.0,75607.0
2021-08-17,1364.75,33982.0,12021.0,1361.5,370274.0,86757.0
2021-08-18,1355.5,33191.0,10179.0,1351.0,373347.0,66371.0
2021-08-19,1319.0,32856.0,17626.0,1321.0,376325.0,109711.0
2021-08-20,1280.0,34133.0,18268.0,1292.5,377331.0,118551.0
2021-08-23,1292.25,31350.0,13922.0,1299.0,375261.0,91589.0
2021-08-24,1337.0,26894.0,25598.0,1331.75,376463.0,120283.0
2021-08-25,1340.0,22738.0,24442.0,1331.75,374897.0,91317.0
2021-08-26,1354.5,18450.0,23771.0,1324.5,372561.0,77535.0
2021-08-27,1341.5,8596.0,16506.0,1318.5,373014.0,75646.0
2021-08-30,1260.0,1322.0,7248.0,1303.0,373598.0,102394.0
2021-08-31,1260.0,918.0,1682.0,1292.5,375261.0,111697.0
2021-09-01,1260.0,430.0,663.0,1275.0,375798.0,111522.0
2021-09-02,1260.0,232.0,354.0,1281.75,368070.0,93827.0
2021-09-03,1260.0,196.0,62.0,1295.0,361928.0,73697.0
2021-09-07,1260.0,186.0,31.0,1278.0,357381.0,73517.0
2021-09-08,1260.0,157.0,30.0,1279.0,355388.0,88642.0
2021-09-09,,96.0,175.0,1270.0,350919.0,84691.0
2021-09-10,,61.0,49.0,1281.0,345844.0,139989.0
2021-09-13,,48.0,22.0,1284.75,338221.0,67956.0
2021-09-14,,1.0,48.0,1281.75,332888.0,72169.0
2021-09-15,1296.75,333358.0,91389.0,1297.5,94906.0,26380.0
2021-09-16,1295.5,328587.0,75853.0,1304.5,96978.0,22434.0
2021-09-17,1284.0,325065.0,72388.0,1294.0,99649.0,21742.0
2021-09-20,1262.0,324452.0,94112.0,1271.25,100953.0,25308.0
2021-09-21,1272.0,322276.0,78941.0,1278.5,102568.0,21709.0
2021-09-22,1281.25,321772.0,75666.0,1291.0,104918.0,17218.0
2021-09-23,1283.25,321175.0,70612.0,1288.0,108895.0,23358.0
2021-09-24,1284.25,325109.0,64911.0,1291.75,111084.0,19547.0
2021-09-27,1286.75,329484.0,96607.0,1295.25,114019.0,29974.0
2021-09-28,1276.0,327477.0,88017.0,1285.75,116738.0,25099.0
2021-09-29,1283.0,327527.0,91807.0,1293.25,117516.0,22001.0
2021-09-30,1255.75,324251.0,202394.0,1267.0,122212.0,63540.0
2021-10-01,1245.0,321129.0,117447.0,1255.0,127977.0,42014.0
2021-10-04,1232.25,318862.0,111356.0,1245.0,133892.0,42979.0
2021-10-05,1249.5,316600.0,119391.0,1255.5,137322.0,44297.0
2021-10-06,1240.0,311566.0,83888.0,1252.0,143591.0,31521.0
2021-10-07,1245.0,300179.0,120772.0,1258.25,153309.0,69219.0
2021-10-08,1242.0,290755.0,143586.0,1254.25,160244.0,75695.0
2021-10-11,1226.0,283525.0,112209.0,1237.75,173605.0,58966.0
2021-10-12,1198.25,285327.0,183780.0,1208.25,189048.0,90880.0
2021-10-13,1194.0,272743.0,186725.0,1206.75,198192.0,116240.0
2021-10-14,1205.25,259022.0,127035.0,1210.0,200352.0,76473.0
2021-10-15,1216.75,255687.0,111808.0,1226.0,207499.0,69986.0
2021-10-18,1222.0,249722.0,99058.0,1227.5,214043.0,49531.0
2021-10-19,1228.5,231299.0,139462.0,1236.0,217446.0,88095.0
2021-10-20,1242.0,218568.0,134395.0,1253.75,224895.0,73665.0
2021-10-21,1222.0,210136.0,105786.0,1230.75,235833.0,63993.0
2021-10-22,1219.0,126148.0,176315.0,1226.0,240469.0,76621.0
2021-10-25,1236.0,92524.0,137468.0,1242.0,247998.0,99035.0
2021-10-26,1236.75,72133.0,94349.0,1244.5,253112.0,86774.0
2021-10-27,1238.0,38166.0,122469.0,1248.0,260762.0,167187.0
2021-10-28,1235.0,8658.0,73201.0,1245.0,265872.0,131176.0
2021-10-29,1235.0,4355.0,10990.0,1248.0,265140.0,87766.0
2021-11-01,1230.5,2820.0,3899.0,1248.0,263771.0,85984.0
2021-11-02,1236.0,2048.0,2003.0,1253.5,265133.0,87428.0
2021-11-03,1220.0,1818.0,1263.0,1243.75,261440.0,78352.0
2021-11-04,1211.25,1697.0,2676.0,1223.0,262827.0,107991.0
2021-11-05,1190.0,1216.0,776.0,1204.0,264711.0,92046.0
2021-11-08,1175.5,932.0,596.0,1187.75,263749.0,108733.0
2021-11-09,1170.0,733.0,512.0,1212.0,261359.0,148532.0
2021-11-10,1200.0,515.0,825.0,1216.0,260248.0,89601.0
2021-11-11,1170.0,150.0,336.0,1221.5,256126.0,78391.0
2021-11-12,,32.0,62.0,1244.0,252275.0,104151.0
2021-11-15,1255.75,250944.0,94353.0,1259.0,169232.0,36677.0
2021-11-16,1250.0,250995.0,80591.0,1263.25,173043.0,32325.0
2021-11-17,1277.0,254194.0,146987.0,1288.0,177843.0,68463.0
2021-11-18,1264.0,250376.0,103205.0,1272.5,182368.0,53047.0
2021-11-19,1263.0,251732.0,78709.0,1276.75,188280.0,38418.0
2021-11-22,1274.0,250314.0,70634.0,1286.25,190712.0,28376.0
2021-11-23,1273.25,245461.0,65548.0,1280.75,193963.0,30430.0
2021-11-24,1265.75,240422.0,72906.0,1273.25,192276.0,30067.0
2021-11-26,1250.0,236347.0,88520.0,1257.0,189057.0,39386.0
2021-11-29,1234.75,231093.0,82284.0,1251.0,191350.0,36408.0
2021-11-30,1217.25,228347.0,132640.0,1224.0,189419.0,69779.0
2021-12-01,1225.0,225490.0,105476.0,1233.0,194716.0,60566.0
2021-12-02,1242.5,220589.0,94962.0,1247.5,197081.0,53695.0
2021-12-03,1265.0,218608.0,94245.0,1267.0,203391.0,54807.0
2021-12-06,1261.0,213373.0,75260.0,1265.25,207425.0,52035.0
2021-12-07,1250.0,198625.0,171655.0,1258.0,215053.0,133880.0
2021-12-08,1258.0,186458.0,122041.0,1267.0,223335.0,81296.0
2021-12-09,1264.25,171089.0,102868.0,1266.25,230126.0,81084.0
2021-12-10,1264.5,165695.0,112572.0,1272.25,236771.0,87900.0
2021-12-13,1243.5,152778.0,116561.0,1250.0,240767.0,78306.0
2021-12-14,1257.75,140090.0,102492.0,1260.25,243290.0,75910.0
2021-12-15,1260.0,129144.0,91939.0,1262.0,248052.0,74625.0
2021-12-16,1276.0,120328.0,115189.0,1275.0,255753.0,92487.0
2021-12-17,1282.0,100221.0,122742.0,1285.0,259290.0,103739.0
2021-12-20,1292.0,91476.0,83928.0,1294.75,268114.0,70137.0
2021-12-21,1307.75,79931.0,81517.0,1310.0,282737.0,100579.0
2021-12-22,1320.0,71439.0,68991.0,1333.0,290230.0,105913.0
2021-12-23,1331.0,51530.0,60005.0,1335.75,294262.0,90260.0
2021-12-27,1355.75,38887.0,54478.0,1370.5,303239.0,103758.0
2021-12-28,1354.0,28342.0,40328.0,1367.25,306941.0,107536.0
2021-12-29,1354.25,12770.0,51167.0,1365.5,311552.0,110446.0
2021-12-30,1319.0,3979.0,16224.0,1337.0,308835.0,102595.0
2021-12-31,1326.0,2844.0,2572.0,1337.75,308445.0,58165.0
2022-01-03,1331.0,1820.0,3434.0,1355.0,311812.0,90234.0
2022-01-04,1366.0,920.0,2450.0,1389.25,315354.0,122661.0
2022-01-05,1375.0,833.0,1101.0,1390.0,314826.0,96172.0
2022-01-06,1368.0,538.0,691.0,1386.75,309316.0,99489.0
2022-01-07,1388.5,333.0,254.0,1402.0,311883.0,129914.0
2022-01-10,1357.75,205.0,73.0,1383.75,304999.0,120554.0
2022-01-11,1357.75,108.0,57.0,1381.5,299820.0,97943.0
2022-01-12,1360.0,198.0,293.0,1398.5,297751.0,118595.0
2022-01-13,1340.0,163.0,415.0,1377.0,293310.0,109592.0
2022-01-14,,38.0,42.0,1369.0,290153.0,86045.0
2022-01-18,1361.0,285847.0,124254.0,1363.5,127644.0,35772.0
2022-01-19,1389.25,287497.0,107595.0,1397.0,130078.0,30942.0
2022-01-20,1421.0,290881.0,149817.0,1425.0,133637.0,48768.0
2022-01-21,1413.75,286331.0,104361.0,1415.0,135456.0,34276.0
2022-01-24,1401.5,282956.0,134866.0,1408.0,139175.0,41538.0
2022-01-25,1405.75,279888.0,107870.0,1413.25,143272.0,36180.0
2022-01-26,1434.0,272267.0,139954.0,1444.75,146991.0,50702.0
2022-01-27,1442.5,269813.0,143879.0,1444.75,150843.0,53477.0
2022-01-28,1465.0,269544.0,148673.0,1472.0,153355.0,79062.0
2022-01-31,1485.0,272604.0,111725.0,1487.0,155914.0,48133.0
2022-02-01,1528.0,274385.0,157814.0,1532.0,163227.0,80294.0
2022-02-02,1544.75,266086.0,175949.0,1548.0,169240.0,85944.0
2022-02-03,1543.0,261036.0,133829.0,1544.0,174426.0,60937.0
2022-02-04,1553.5,257768.0,116119.0,1556.75,182330.0,69923.0
2022-02-07,1577.25,244271.0,178009.0,1584.25,194105.0,99837.0
2022-02-08,1565.25,231508.0,176069.0,1565.0,204945.0,107484.0
2022-02-09,1592.0,220629.0,190630.0,1594.0,221190.0,119209.0
2022-02-10,1573.0,209733.0,255540.0,1575.0,236514.0,142970.0
2022-02-11,1586.0,192171.0,184659.0,1585.0,245184.0,114726.0
2022-02-14,1569.0,180109.0,125494.0,1569.5,252222.0,84618.0
2022-02-15,1549.0,168902.0,147743.0,1554.0,259074.0,101382.0
2022-02-16,1585.25,155684.0,100187.0,1590.0,258888.0,79385.0
2022-02-17,1590.25,133405.0,114032.0,1594.0,265593.0,86167.0
2022-02-18,1598.5,109006.0,107148.0,1597.0,278215.0,93752.0
2022-02-22,1635.0,74561.0,117091.0,1635.0,291404.0,154679.0
2022-02-23,1674.75,47658.0,98545.0,1661.75,307309.0,166301.0
2022-02-24,1661.5,20861.0,70087.0,1650.5,307833.0,234273.0
2022-02-25,1572.5,6817.0,26189.0,1580.0,302314.0,173833.0
2022-02-28,1628.0,4132.0,4729.0,1634.0,304117.0,122901.0
2022-03-01,1680.25,3394.0,1432.0,1686.0,304102.0,108758.0
2022-03-02,1665.0,2534.0,1342.0,1653.0,297828.0,111268.0
2022-03-03,1670.0,1704.0,1585.0,1667.75,301430.0,101002.0
2022-03-04,1656.0,1448.0,305.0,1650.0,297966.0,95910.0
2022-03-07,1667.0,1186.0,298.0,1660.0,296905.0,82378.0
2022-03-08,1686.0,993.0,243.0,1689.0,296823.0,110023.0
2022-03-09,1680.0,472.0,566.0,1672.25,292164.0,116468.0
2022-03-10,1696.0,330.0,223.0,1686.0,291933.0,104946.0
2022-03-11,1600.0,196.0,333.0,1675.0,281366.0,90790.0
2022-03-14,,71.0,48.0,1678.0,283145.0,73458.0
2022-03-15,1656.0,282448.0,70449.0,1628.25,164431.0,27205.0
2022-03-16,1649.75,281249.0,65232.0,1622.0,164544.0,26542.0
2022-03-17,1668.25,284453.0,74317.0,1638.25,165633.0,28153.0
2022-03-18,1665.5,279597.0,67110.0,1632.0,169030.0,32132.0
2022-03-21,1692.25,280274.0,82394.0,1673.0,168587.0,33887.0
2022-03-22,1696.0,278073.0,80750.0,1682.75,172369.0,40231.0
2022-03-23,1720.0,278677.0,75495.0,1701.5,175239.0,36274.0
2022-03-24,1700.25,275474.0,72414.0,1677.0,178530.0,43423.0
2022-03-25,1717.0,272177.0,64501.0,1689.0,181670.0,28488.0
2022-03-28,1662.0,268430.0,76627.0,1643.0,184493.0,39448.0
2022-03-29,1643.0,265579.0,107185.0,1620.0,184137.0,42177.0
2022-03-30,1662.0,259419.0,67718.0,1650.0,184230.0,34305.0
2022-03-31,1628.5,261838.0,96368.0,1598.0,187225.0,59928.0
2022-04-01,1586.0,253261.0,102861.0,1565.0,189736.0,58822.0
2022-04-04,1603.25,247296.0,71525.0,1586.0,193183.0,42435.0
2022-04-05,1627.5,243007.0,66277.0,1611.0,194822.0,36991.0
2022-04-06,1618.5,235928.0,75082.0,1603.0,199633.0,44390.0
2022-04-07,1642.75,225509.0,114549.0,1625.25,205901.0,79385.0
2022-04-08,1680.5,215116.0,116406.0,1656.0,214759.0,89195.0
2022-04-11,1658.0,198092.0,113893.0,1638.0,228736.0,88914.0
2022-04-12,1665.75,174968.0,104828.0,1657.0,239974.0,90606.0
2022-04-13,1671.25,152996.0,117939.0,1665.0,254783.0,102774.0
2022-04-14,1679.5,142779.0,78738.0,1664.0,262978.0,76410.0
2022-04-18,1715.0,134601.0,83054.0,1691.0,274605.0,72236.0
2022-04-19,1714.0,130182.0,71593.0,1685.25,281257.0,80905.0
2022-04-20,1738.0,125777.0,89812.0,1716.0,290020.0,89889.0
2022-04-21,1747.0,106163.0,86056.0,1718.0,299841.0,98298.0
2022-04-22,1715.0,79267.0,85149.0,1684.25,302707.0,109862.0
2022-04-25,1700.0,60142.0,76951.0,1672.75,309999.0,106284.0
2022-04-26,1705.0,41219.0,59609.0,1671.0,316081.0,106782.0
2022-04-27,1735.0,18723.0,49610.0,1692.75,318900.0,119531.0
2022-04-28,1704.25,5548.0,26981.0,1684.5,323333.0,74500.0
2022-04-29,1704.25,3870.0,3083.0,1685.0,322128.0,72602.0
2022-05-02,1662.0,2965.0,1445.0,1645.0,322789.0,98828.0
2022-05-03,1655.0,2356.0,706.0,1630.75,321713.0,77552.0
2022-05-04,1654.0,1866.0,869.0,1640.0,321844.0,75744.0
2022-05-05,1671.0,1314.0,843.0,1649.5,322216.0,81208.0
2022-05-06,1652.5,979.0,352.0,1624.75,318462.0,74867.0
2022-05-09,1612.0,689.0,309.0,1585.25,313943.0,96276.0
2022-05-10,1621.5,318.0,395.0,1593.75,313102.0,71400.0
2022-05-11,1641.5,71.0,319.0,1606.0,309856.0,73046.0
2022-05-12,1604.0,10.0,66.0,1614.25,304400.0,91722.0
2022-05-13,,,20.0,1639.0,302943.0,83090.0
2022-05-16,1653.0,304021.0,63372.0,1600.5,23126.0,5793.0
2022-05-17,1675.25,304971.0,76915.0,1620.0,23580.0,5831.0
2022-05-18,1661.25,307701.0,86177.0,1600.0,23749.0,10197.0
2022-05-19,1692.0,311292.0,102891.0,1627.0,23762.0,9480.0
2022-05-20,1704.25,305450.0,90964.0,1613.25,23810.0,10893.0
2022-05-23,1688.75,302685.0,87419.0,1610.25,24610.0,10280.0
2022-05-24,1688.0,298166.0,78583.0,1628.75,25326.0,10325.0
2022-05-25,1679.25,294854.0,82862.0,1614.5,26354.0,7979.0
2022-05-26,1724.75,296248.0,144069.0,1655.0,27932.0,16339.0
2022-05-27,1731.75,296223.0,93346.0,1649.5,29157.0,9489.0
2022-05-31,1685.0,281658.0,147012.0,1613.0,29925.0,12945.0
2022-06-01,1687.0,275260.0,104722.0,1612.5,30562.0,10877.0
2022-06-02,1728.75,275089.0,111106.0,1646.0,31989.0,12109.0
2022-06-03,1697.0,265589.0,86973.0,1630.0,33314.0,13461.0
2022-06-06,1699.5,258491.0,82275.0,1630.0,33413.0,8929.0
2022-06-07,1728.25,246349.0,147738.0,1648.25,34377.0,20323.0
2022-06-08,1741.0,238221.0,138385.0,1660.75,35803.0,24095.0
2022-06-09,1767.5,228998.0,172229.0,1679.5,39938.0,31461.0
2022-06-10,1744.0,200877.0,140826.0,1655.0,42028.0,24285.0
2022-06-13,1708.75,185311.0,125077.0,1620.0,43024.0,16644.0
2022-06-14,1702.0,178104.0,100752.0,1616.5,45674.0,23469.0
2022-06-15,1689.0,167967.0,101623.0,1605.75,47896.0,18774.0
2022-06-16,1709.5,161674.0,70574.0,1630.75,49545.0,13235.0
2022-06-17,1700.25,151403.0,84650.0,1620.0,51170.0,19693.0
2022-06-21,1675.5,136610.0,100676.0,1594.0,51721.0,22240.0
2022-06-22,1654.0,120207.0,102256.0,1564.5,55381.0,28464.0
2022-06-23,1592.0,110711.0,128173.0,1500.0,54545.0,41287.0
2022-06-24,1603.5,73111.0,92486.0,1525.0,54350.0,27161.0
2022-06-27,1629.5,50439.0,69643.0,1527.75,56858.0,35648.0
2022-06-28,1666.5,28114.0,59698.0,1552.0,63630.0,49475.0
2022-06-29,1666.5,12916.0,35558.0,1562.0,68085.0,42356.0
2022-06-30,1665.0,9175.0,6466.0,1560.0,67402.0,35532.0
2022-07-01,1620.0,5106.0,5313.0,1512.25,67297.0,31167.0
2022-07-05,1572.0,3465.0,2235.0,1440.0,65010.0,33910.0
2022-07-06,1570.0,1696.0,2309.0,1446.0,64600.0,25138.0
2022-07-07,1580.0,1088.0,744.0,1479.0,63170.0,31878.0
2022-07-08,1595.0,773.0,399.0,1513.25,62223.0,24739.0
2022-07-11,1632.5,456.0,384.0,1519.5,59839.0,22527.0
2022-07-12,1590.0,108.0,395.0,1468.0,56782.0,26782.0
2022-07-13,1570.0,65.0,60.0,1475.0,56082.0,20230.0
2022-07-14,,6.0,21.0,1470.0,55353.0,23094.0
2022-07-15,1456.0,53370.0,22609.0,1345.0,22861.0,6943.0
2022-07-18,1484.25,52384.0,22423.0,1384.25,23390.0,8832.0
2022-07-19,1478.0,52336.0,19403.0,1371.75,23248.0,8554.0
2022-07-20,1445.0,51828.0,26111.0,1351.0,23504.0,9140.0
2022-07-21,1418.0,49879.0,27254.0,1314.75,24636.0,11410.0
2022-07-22,1410.0,31724.0,27240.0,1306.0,24444.0,13054.0
2022-07-25,1463.0,28478.0,24846.0,1351.0,25790.0,18226.0
2022-07-26,1516.0,19556.0,28936.0,1388.0,27009.0,23102.0
2022-07-27,1576.0,11077.0,31657.0,1417.5,30248.0,30684.0
2022-07-28,1597.0,4895.0,14499.0,1467.0,32581.0,26009.0
2022-07-29,1619.0,2635.0,4783.0,1495.75,35098.0,31109.0
2022-08-01,1563.0,2012.0,1378.0,1417.25,34070.0,23924.0
2022-08-02,1573.0,1387.0,1342.0,1400.0,33138.0,23005.0
2022-08-03,1545.75,879.0,872.0,1405.75,32352.0,15039.0
2022-08-04,1545.75,575.0,396.0,1461.0,33104.0,24346.0
2022-08-05,1560.0,427.0,240.0,1452.0,31935.0,19469.0
2022-08-08,1604.5,307.0,350.0,1453.5,31177.0,12337.0
2022-08-09,1672.5,231.0,427.0,1512.25,30598.0,24357.0
2022-08-10,1663.0,98.0,239.0,1497.25,30325.0,24068.0
2022-08-11,1682.5,29.0,93.0,1514.25,28677.0,14757.0
2022-08-12,,15.0,21.0,1523.5,26809.0,17217.0
2022-08-15,1495.0,26091.0,13073.0,1409.0,317804.0,114275.0
2022-08-16,1447.0,24226.0,12286.0,1379.0,314354.0,93291.0
2022-08-17,1472.0,23460.0,8838.0,1389.0,312741.0,71049.0
2022-08-18,1486.0,23071.0,8579.0,1401.5,311481.0,81698.0
2022-08-19,1482.5,23070.0,5821.0,1401.5,310177.0,64962.0
2022-08-22,1519.0,23069.0,10433.0,1430.0,312754.0,103045.0
2022-08-23,1558.0,23429.0,13082.0,1460.0,313884.0,135174.0
2022-08-24,1551.0,21965.0,12242.0,1457.0,313654.0,121782.0
2022-08-25,1550.75,19660.0,9648.0,1431.5,311541.0,110359.0
2022-08-26,1606.0,7712.0,14850.0,1459.0,315851.0,95204.0
2022-08-29,1520.0,3579.0,11281.0,1437.75,316874.0,94429.0
2022-08-30,1454.25,1071.0,4540.0,1432.0,318298.0,81730.0
2022-08-31,1488.0,832.0,578.0,1420.0,320211.0,77314.0
2022-09-01,1454.25,899.0,697.0,1395.0,316188.0,89549.0
2022-09-02,1454.25,856.0,123.0,1416.0,316105.0,66349.0
2022-09-06,1485.25,794.0,82.0,1399.0,308317.0,97907.0
2022-09-07,1450.0,743.0,54.0,1381.25,311935.0,123177.0
2022-09-08,1450.0,702.0,59.0,1393.0,309696.0,87702.0
2022-09-09,1450.0,695.0,9.0,1408.0,310158.0,77088.0
2022-09-12,1472.5,685.0,25.0,1485.5,319758.0,161988.0
2022-09-13,1424.0,520.0,170.0,1477.0,323587.0,141611.0
2022-09-14,,322.0,201.0,1456.5,327835.0,110615.0
2022-09-15,1449.5,328423.0,100629.0,1458.0,102933.0,32266.0
2022-09-16,1446.0,323470.0,85172.0,1445.0,104284.0,23172.0
2022-09-19,1461.25,319329.0,88514.0,1466.0,107959.0,28373.0
2022-09-20,1471.0,316262.0,107521.0,1460.5,113791.0,38605.0
2022-09-21,1460.0,312289.0,95500.0,1466.75,122198.0,38505.0
2022-09-22,1457.0,310938.0,115426.0,1458.0,128950.0,40722.0
2022-09-23,1425.75,310775.0,120138.0,1425.75,133467.0,35895.0
2022-09-26,1410.0,312951.0,125611.0,1413.0,142905.0,49551.0
2022-09-27,1408.0,314398.0,144461.0,1412.0,150197.0,52053.0
2022-09-28,1408.0,315173.0,153869.0,1406.0,156736.0,62777.0
2022-09-29,1410.0,294956.0,157471.0,1416.75,143932.0,84901.0
2022-09-30,1366.5,295089.0,185769.0,1380.0,144446.0,70261.0
2022-10-03,1374.0,284749.0,122444.0,1384.0,144417.0,49092.0
2022-10-04,1383.0,281724.0,119917.0,1390.0,148726.0,51687.0
2022-10-05,1369.0,280071.0,108763.0,1379.75,149199.0,42867.0
2022-10-06,1358.0,276091.0,110344.0,1365.0,150452.0,55248.0
2022-10-07,1365.0,264876.0,140543.0,1375.25,156187.0,78851.0
2022-10-10,1370.0,264541.0,196819.0,1387.0,170522.0,85174.0
2022-10-11,1369.0,254818.0,126082.0,1386.0,176241.0,63256.0
2022-10-12,1390.0,246335.0,220285.0,1402.75,188708.0,125375.0
2022-10-13,1394.0,230409.0,145762.0,1405.0,196705.0,90499.0
2022-10-14,1383.25,227265.0,123738.0,1391.75,204208.0,69354.0
2022-10-17,1383.75,222927.0,116449.0,1392.75,209171.0,67903.0
2022-10-18,1368.0,215824.0,143267.0,1377.0,214178.0,90377.0
2022-10-19,1371.5,206325.0,105181.0,1382.0,219766.0,66078.0
2022-10-20,1389.25,187485.0,130958.0,1400.0,221617.0,71513.0
2022-10-21,1393.25,157027.0,116214.0,1409.0,225402.0,68703.0
2022-10-24,1370.0,135315.0,118812.0,1382.25,233744.0,97491.0
2022-10-25,1380.0,113721.0,98749.0,1392.0,238678.0,95739.0
2022-10-26,1380.75,76501.0,107710.0,1392.0,241316.0,123276.0
2022-10-27,1382.0,48312.0,79221.0,1393.25,241534.0,121756.0
2022-10-28,1380.0,10179.0,66790.0,1393.25,245887.0,142052.0
2022-10-31,1399.0,4458.0,10073.0,1417.0,247860.0,111149.0
2022-11-01,1433.0,2895.0,5327.0,1445.0,259647.0,127557.0
2022-11-02,1415.0,2411.0,2357.0,1453.0,258154.0,99926.0
2022-11-03,1415.0,1699.0,989.0,1436.0,256837.0,86407.0
2022-11-04,1431.0,1518.0,473.0,1460.0,259520.0,88740.0
2022-11-07,1431.0,1648.0,1472.0,1445.25,258007.0,76580.0
2022-11-08,1425.0,992.0,1250.0,1446.0,258187.0,78572.0
2022-11-09,1425.0,532.0,820.0,1450.25,256412.0,99754.0
2022-11-10,1425.0,217.0,510.0,1420.25,250272.0,128761.0
2022-11-11,1425.0,69.0,236.0,1448.0,253920.0,113217.0
2022-11-14,,55.0,33.0,1440.25,252373.0,78858.0
2022-11-15,1449.0,253238.0,99988.0,1461.5,139744.0,43536.0
2022-11-16,1429.75,249321.0,96622.0,1429.5,139589.0,36608.0
2022-11-17,1410.0,247249.0,88314.0,1420.0,145121.0,37627.0
2022-11-18,1422.25,247563.0,63078.0,1429.0,148957.0,26953.0
2022-11-21,1435.0,245337.0,69911.0,1441.0,150627.0,25556.0
2022-11-22,1430.5,241418.0,69272.0,1434.0,151488.0,36707.0
2022-11-23,1435.0,237548.0,67115.0,1440.0,151792.0,35737.0
2022-11-25,1432.5,234422.0,41566.0,1438.25,154668.0,17950.0
2022-11-28,1457.0,239245.0,102364.0,1462.75,156396.0,42009.0
2022-11-29,1458.0,234120.0,91119.0,1461.75,158592.0,52336.0
2022-11-30,1466.0,236336.0,93201.0,1473.0,160948.0,42604.0
2022-12-01,1429.0,228169.0,134068.0,1434.5,163203.0,67598.0
2022-12-02,1438.0,224533.0,91648.0,1440.0,165888.0,45191.0
2022-12-05,1438.25,221403.0,82713.0,1442.0,168938.0,55122.0
2022-12-06,1451.0,209644.0,126974.0,1460.0,170451.0,76524.0
2022-12-07,1470.25,206214.0,145108.0,1470.0,181050.0,110202.0
2022-12-08,1484.5,200567.0,141915.0,1486.0,189399.0,102955.0
2022-12-09,1479.75,190303.0,96091.0,1482.75,195853.0,69692.0
2022-12-12,1460.75,176236.0,125861.0,1466.0,210158.0,85999.0
2022-12-13,1478.25,165601.0,145783.0,1481.75,223103.0,93220.0
2022-12-14,1482.0,161854.0,112117.0,1483.0,231497.0,81518.0
2022-12-15,1469.0,151801.0,97511.0,1475.0,235781.0,66697.0
2022-12-16,1479.0,144882.0,69325.0,1480.0,237838.0,53188.0
2022-12-19,1463.0,122564.0,101717.0,1464.0,243452.0,75524.0
2022-12-20,1474.5,112080.0,111696.0,1480.5,253341.0,79823.0
2022-12-21,1477.0,95427.0,84786.0,1480.5,260524.0,75590.0
2022-12-22,1465.5,81218.0,75905.0,1470.5,265129.0,77197.0
2022-12-23,1475.0,64294.0,52836.0,1482.25,272554.0,75413.0
2022-12-27,1477.0,43563.0,61925.0,1488.5,274955.0,127609.0
2022-12-28,1503.0,24794.0,42705.0,1513.75,282248.0,100570.0
2022-12-29,1503.25,10415.0,27307.0,1513.5,286465.0,93137.0
2022-12-30,1505.0,6872.0,7092.0,1522.5,290229.0,81441.0
2023-01-03,1487.5,4922.0,2951.0,1490.25,294046.0,116145.0
2023-01-04,1470.0,3731.0,2200.0,1483.0,295669.0,90605.0
2023-01-05,1461.0,3628.0,1169.0,1470.75,295982.0,100638.0
2023-01-06,1460.0,2068.0,2024.0,1491.75,291526.0,99606.0
2023-01-09,1501.5,1637.0,446.0,1488.25,292198.0,84196.0
2023-01-10,1500.0,1381.0,350.0,1485.0,296787.0,96683.0
2023-01-11,1511.0,1065.0,617.0,1492.25,299400.0,70343.0
2023-01-12,1500.0,791.0,491.0,1517.25,307376.0,139892.0
2023-01-13,,517.0,295.0,1527.0,315277.0,104971.0
2023-01-17,1537.0,317317.0,118314.0,1532.5,135798.0,47119.0
2023-01-18,1524.75,313547.0,133372.0,1517.0,136691.0,57662.0
2023-01-19,1514.25,311413.0,124401.0,1510.0,141212.0,61658.0
2023-01-20,1507.0,310001.0,98916.0,1499.5,142857.0,44278.0
2023-01-23,1490.25,306133.0,134889.0,1480.0,146824.0,47780.0
2023-01-24,1488.25,306864.0,129464.0,1486.5,149801.0,52296.0
2023-01-25,1505.0,307932.0,119104.0,1496.0,148980.0,44665.0
2023-01-26,1519.0,305502.0,123245.0,1511.0,152954.0,52035.0
2023-01-27,1509.0,300862.0,101755.0,1501.0,157301.0,48773.0
2023-01-30,1531.5,298933.0,123619.0,1522.25,162229.0,50753.0
2023-01-31,1537.25,302823.0,126434.0,1527.5,166640.0,70316.0
2023-02-01,1519.25,293731.0,129978.0,1513.0,171120.0,69089.0
2023-02-02,1534.0,291198.0,99742.0,1522.75,177721.0,53632.0
2023-02-03,1530.0,282353.0,101436.0,1520.0,183819.0,48831.0
2023-02-06,1520.0,281651.0,131712.0,1514.0,192284.0,82282.0
2023-02-07,1515.0,271115.0,164240.0,1508.5,204219.0,110627.0
2023-02-08,1515.25,255896.0,177793.0,1513.5,212808.0,114052.0
2023-02-09,1517.0,237847.0,189473.0,1509.0,225699.0,126930.0
2023-02-10,1540.0,229851.0,173799.0,1520.25,240990.0,116600.0
2023-02-13,1542.5,216418.0,162409.0,1533.0,258472.0,118030.0
2023-02-14,1536.75,202352.0,115529.0,1527.0,268366.0,91284.0
2023-02-15,1525.75,178509.0,132117.0,1516.25,278982.0,94634.0
2023-02-16,1522.5,160839.0,115376.0,1520.25,288999.0,92686.0
2023-02-17,1525.0,141372.0,93637.0,1518.75,296384.0,78428.0
2023-02-21,1543.0,112869.0,115702.0,1539.25,320623.0,119108.0
2023-02-22,1542.75,89462.0,90517.0,1533.75,322139.0,95296.0
2023-02-23,1534.25,68742.0,85546.0,1521.0,323993.0,108904.0
2023-02-24,1527.0,35671.0,71895.0,1518.25,329790.0,142777.0
2023-02-27,1518.5,12051.0,43689.0,1510.5,331945.0,127314.0
2023-02-28,1487.25,5798.0,9027.0,1481.5,329047.0,162737.0
2023-03-01,1504.5,4189.0,2793.0,1494.25,329951.0,131485.0
2023-03-02,1512.25,2740.0,2029.0,1509.0,326820.0,109071.0
2023-03-03,1525.25,1895.0,1607.0,1518.0,329440.0,91127.0
2023-03-06,1530.0,1146.0,1130.0,1526.25,327659.0,116698.0
2023-03-07,1525.25,876.0,645.0,1514.5,323470.0,99283.0
2023-03-08,1523.0,618.0,272.0,1517.0,318671.0,105386.0
2023-03-09,1515.0,465.0,224.0,1510.0,321464.0,119981.0
2023-03-10,1511.25,165.0,467.0,1501.0,321627.0,109997.0
2023-03-13,1485.0,38.0,139.0,1490.5,316881.0,124759.0
2023-03-14,,1.0,37.0,1492.5,313380.0,108201.0
2023-03-15,1489.0,309578.0,115247.0,1472.5,168542.0,59870.0
2023-03-16,1494.0,307609.0,107038.0,1472.5,170056.0,54178.0
2023-03-17,1475.0,303669.0,119474.0,1458.0,170936.0,65606.0
2023-03-20,1485.0,292187.0,122780.0,1464.75,173233.0,69546.0
2023-03-21,1467.0,292694.0,101494.0,1445.0,172952.0,57548.0
2023-03-22,1449.0,291075.0,141743.0,1425.0,177684.0,84373.0
2023-03-23,1418.0,293164.0,157574.0,1396.0,182683.0,98415.0
2023-03-24,1428.25,281243.0,143036.0,1407.0,186372.0,87385.0
2023-03-27,1442.0,280531.0,98099.0,1419.25,191137.0,53101.0
2023-03-28,1466.25,277041.0,122627.0,1443.0,196080.0,68709.0
2023-03-29,1477.0,277684.0,105996.0,1448.0,202457.0,63756.0
2023-03-30,1472.75,271238.0,110079.0,1445.0,206690.0,69643.0
2023-03-31,1498.25,258963.0,167862.0,1470.5,205859.0,107907.0
2023-04-03,1519.75,258708.0,121608.0,1490.0,210017.0,89933.0
2023-04-04,1516.0,261586.0,112285.0,1483.25,215467.0,74141.0
2023-04-05,1507.5,247485.0,124119.0,1476.5,213582.0,97867.0
2023-04-06,1490.0,237751.0,115777.0,1462.5,213609.0,83352.0
2023-04-07,1490.0,235744.0,,1462.5,213609.0,
2023-04-10,1487.0,220764.0,105039.0,1460.0,220542.0,83272.0
2023-04-11,1497.0,208077.0,156745.0,1471.0,230652.0,119871.0
2023-04-12,1504.25,192989.0,132897.0,1470.25,237847.0,110360.0
2023-04-13,1501.25,169639.0,132337.0,1473.0,242470.0,107964.0
2023-04-14,1494.25,157773.0,118382.0,1467.0,251557.0,100214.0
2023-04-17,1515.75,146406.0,85451.0,1479.5,257703.0,97585.0
2023-04-18,1516.5,131719.0,99155.0,1489.25,265996.0,117213.0
2023-04-19,1505.5,119290.0,95853.0,1475.0,274293.0,114328.0
2023-04-20,1496.0,112468.0,95685.0,1462.0,279718.0,124845.0
2023-04-21,1483.5,83799.0,89795.0,1445.75,279198.0,159617.0
2023-04-24,1466.75,59957.0,87803.0,1434.0,284000.0,149433.0
2023-04-25,1445.0,36516.0,62592.0,1417.5,284756.0,181764.0
2023-04-26,1434.5,16053.0,51187.0,1414.75,280185.0,151492.0
2023-04-27,1420.0,4736.0,22194.0,1406.25,281433.0,134937.0
2023-04-28,1426.0,2405.0,3373.0,1418.0,283388.0,140642.0
2023-05-01,1426.0,2024.0,601.0,1427.25,281418.0,77070.0
2023-05-02,1435.0,1516.0,634.0,1409.75,279857.0,110515.0
2023-05-03,1435.0,1129.0,733.0,1417.0,277076.0,129015.0
2023-05-04,1446.5,880.0,424.0,1416.75,277582.0,98587.0
2023-05-05,1431.0,657.0,242.0,1432.0,277446.0,98676.0
2023-05-08,1468.0,482.0,267.0,1432.25,277305.0,88249.0
2023-05-09,1450.75,235.0,327.0,1414.0,271867.0,102276.0
2023-05-10,1419.0,160.0,106.0,1403.5,273809.0,91083.0
2023-05-11,1391.0,68.0,137.0,1405.0,276032.0,117774.0
2023-05-12,,66.0,3.0,1389.0,275654.0,124961.0
2023-05-15,1400.0,277446.0,111854.0,1326.75,34571.0,8612.0
2023-05-16,1363.75,274632.0,149242.0,1297.25,34099.0,13869.0
2023-05-17,1334.25,268504.0,145517.0,1270.25,34125.0,20211.0
2023-05-18,1332.25,271101.0,124325.0,1267.25,35300.0,17356.0
2023-05-19,1302.5,270240.0,135856.0,1245.0,35539.0,17843.0
2023-05-22,1341.0,273247.0,143213.0,1273.0,37685.0,18825.0
2023-05-23,1322.5,266549.0,111359.0,1258.5,38937.0,17692.0
2023-05-24,1323.75,268056.0,95312.0,1256.75,38613.0,12492.0
2023-05-25,1324.75,270275.0,131878.0,1250.5,41608.0,29174.0
2023-05-26,1335.75,268344.0,104197.0,1259.25,45387.0,24325.0
2023-05-30,1296.0,264691.0,128256.0,1217.25,50684.0,24547.0
2023-05-31,1300.0,265715.0,137386.0,1216.75,50568.0,28478.0
2023-06-01,1327.5,259626.0,132076.0,1240.25,49939.0,27929.0
2023-06-02,1352.0,258189.0,120303.0,1260.75,50755.0,24216.0
2023-06-05,1350.5,251412.0,98182.0,1259.25,51790.0,16669.0
2023-06-06,1353.0,248062.0,129813.0,1264.25,53260.0,26376.0
2023-06-07,1359.0,243861.0,143477.0,1265.0,56415.0,34105.0
2023-06-08,1362.0,224621.0,152587.0,1276.5,54302.0,42300.0
2023-06-09,1385.5,211129.0,142158.0,1296.0,54918.0,28871.0
2023-06-12,1372.75,197411.0,122300.0,1291.25,54454.0,25524.0
2023-06-13,1398.75,184131.0,161567.0,1319.5,52941.0,42211.0
2023-06-14,1388.75,165908.0,124157.0,1318.5,49279.0,36858.0
2023-06-15,1426.25,152640.0,144129.0,1366.75,46729.0,56129.0
2023-06-16,1465.75,134917.0,158732.0,1400.0,48704.0,46265.0
2023-06-20,1476.75,120808.0,126378.0,1406.25,52288.0,40927.0
2023-06-21,1516.75,104750.0,105944.0,1444.0,57198.0,39549.0
2023-06-22,1499.5,84484.0,100736.0,1419.0,63007.0,36642.0
2023-06-23,1482.0,54332.0,83289.0,1393.5,64506.0,37440.0
2023-06-26,1519.5,45376.0,51073.0,1418.0,67415.0,38033.0
2023-06-27,1490.0,28313.0,50206.0,1392.0,68326.0,41889.0
2023-06-28,1445.0,14878.0,34817.0,1360.75,69116.0,45693.0
2023-06-29,1466.0,6044.0,23201.0,1365.75,73249.0,41257.0
2023-06-30,1550.25,2332.0,5228.0,1430.5,71555.0,50788.0
2023-07-03,1550.0,1434.0,1870.0,1471.5,75345.0,48983.0
2023-07-05,1538.25,960.0,1034.0,1458.75,76418.0,32788.0
2023-07-06,1523.5,644.0,507.0,1448.0,73723.0,27983.0
2023-07-07,1420.0,391.0,417.0,1428.0,70151.0,23412.0
2023-07-10,1500.0,345.0,94.0,1453.25,67624.0,23023.0
2023-07-11,1500.0,253.0,209.0,1471.0,66093.0,22924.0
2023-07-12,1420.0,201.0,132.0,1441.5,63473.0,29298.0
2023-07-13,1420.0,134.0,72.0,1482.0,64113.0,22982.0
2023-07-14,,11.0,134.0,1460.25,65323.0,27708.0
2023-07-17,1476.25,62332.0,25571.0,1404.25,52539.0,10914.0
2023-07-18,1491.0,60137.0,26908.0,1418.75,51848.0,13762.0
2023-07-19,1486.0,56074.0,33338.0,1426.5,51103.0,22971.0
2023-07-20,1493.75,53254.0,28198.0,1423.75,52976.0,19042.0
2023-07-21,1500.0,44220.0,28372.0,1426.5,56581.0,16198.0
2023-07-24,1522.0,36177.0,29203.0,1452.25,56830.0,23800.0
2023-07-25,1514.0,29559.0,25259.0,1448.0,58919.0,26669.0
2023-07-26,1547.5,21026.0,30605.0,1468.0,59043.0,28242.0
2023-07-27,1524.25,9852.0,25445.0,1451.25,59462.0,36997.0
2023-07-28,1486.5,4034.0,13888.0,1427.75,57558.0,27966.0
2023-07-31,1432.5,2579.0,2352.0,1369.0,53472.0,29410.0
2023-08-01,1447.25,2021.0,2092.0,1386.25,51765.0,19509.0
2023-08-02,1431.0,1603.0,744.0,1375.75,51053.0,16640.0
2023-08-03,1410.75,735.0,1505.0,1380.0,47395.0,20946.0
2023-08-04,1410.75,585.0,323.0,1384.0,45993.0,11911.0
2023-08-07,1400.0,503.0,212.0,1355.0,43086.0,16826.0
2023-08-08,1430.0,311.0,382.0,1357.5,40641.0,11568.0
2023-08-09,1342.0,226.0,104.0,1355.5,38773.0,10419.0
2023-08-10,1342.0,182.0,82.0,1349.75,35019.0,13854.0
2023-08-11,,162.0,25.0,1333.75,34257.0,13326.0
2023-08-14,,41.0,121.0,1350.25,33484.0,7906.0
2023-08-15,1321.75,30977.0,15884.0,1304.0,307905.0,120643.0
2023-08-16,1336.25,30112.0,9256.0,1324.5,312203.0,125297.0
2023-08-17,1335.75,28171.0,12549.0,1330.0,314688.0,113511.0
2023-08-18,1361.25,26973.0,11335.0,1352.25,312316.0,124309.0
2023-08-21,1368.5,26612.0,13759.0,1361.75,317104.0,131126.0
2023-08-22,1348.0,25549.0,8855.0,1346.0,315202.0,108534.0
2023-08-23,1359.75,23290.0,16285.0,1360.0,318300.0,113865.0
2023-08-24,1365.5,23352.0,8107.0,1371.25,322821.0,104388.0
2023-08-25,1380.0,16765.0,14320.0,1385.75,324923.0,116665.0
2023-08-28,1391.5,12808.0,10112.0,1401.25,331527.0,122343.0
2023-08-29,1378.0,7837.0,9140.0,1391.0,331089.0,109302.0
2023-08-30,1350.0,2210.0,9727.0,1384.0,333598.0,112189.0
2023-08-31,1350.0,1550.0,853.0,1368.0,330116.0,98055.0
2023-09-01,1350.0,1290.0,422.0,1368.0,331916.0,109733.0
2023-09-05,1319.0,1240.0,85.0,1368.0,329188.0,103574.0
2023-09-06,1339.0,1178.0,102.0,1376.0,326881.0,114632.0
2023-09-07,1340.0,1130.0,310.0,1360.0,332994.0,99113.0
2023-09-08,1339.0,965.0,198.0,1363.0,332744.0,103976.0
2023-09-11,1190.0,941.0,36.0,1369.25,328813.0,98684.0
2023-09-12,1190.0,696.0,274.0,1343.75,327054.0,189114.0
2023-09-13,1190.0,502.0,201.0,1349.75,328636.0,124646.0
2023-09-14,,220.0,387.0,1360.0,325326.0,138778.0
2023-09-15,1338.0,329841.0,114647.0,1353.5,120012.0,44781.0
2023-09-18,1316.75,328158.0,137195.0,1332.75,120454.0,51187.0
2023-09-19,1314.75,329769.0,138842.0,1330.75,120713.0,47967.0
2023-09-20,1320.0,327673.0,112121.0,1335.5,121568.0,38757.0
2023-09-21,1293.5,330055.0,140563.0,1310.25,121414.0,41891.0
2023-09-22,1295.0,327788.0,121669.0,1312.0,121990.0,38563.0
2023-09-25,1297.0,327638.0,101011.0,1316.5,123793.0,34163.0
2023-09-26,1302.75,326020.0,135125.0,1321.0,127143.0,60756.0
2023-09-27,1302.75,325056.0,146484.0,1321.75,124739.0,70820.0
2023-09-28,1300.5,323141.0,151183.0,1319.0,132110.0,65586.0
2023-09-29,1274.75,326892.0,169945.0,1295.0,137099.0,80583.0
2023-10-02,1276.0,326354.0,156106.0,1295.75,142979.0,57389.0
2023-10-03,1272.75,320118.0,191994.0,1292.0,140504.0,86989.0
2023-10-04,1271.5,322048.0,126709.0,1290.5,142861.0,49099.0
2023-10-05,1279.0,318266.0,143482.0,1297.0,143906.0,66268.0
2023-10-06,1264.0,309932.0,156382.0,1282.0,152308.0,83363.0
2023-10-09,1260.5,294878.0,162794.0,1282.0,157815.0,70154.0
2023-10-10,1271.0,282989.0,161646.0,1292.0,169998.0,87157.0
2023-10-11,1252.5,275731.0,185252.0,1272.25,172345.0,110239.0
2023-10-12,1286.75,262728.0,235474.0,1306.25,183426.0,126090.0
2023-10-13,1279.25,254591.0,139748.0,1298.75,189400.0,64032.0
2023-10-16,1285.25,247217.0,111494.0,1305.0,191024.0,58602.0
2023-10-17,1296.25,243235.0,135410.0,1316.0,200719.0,71166.0
2023-10-18,1311.0,229789.0,163209.0,1329.25,210378.0,102840.0
2023-10-19,1315.0,207462.0,182300.0,1331.0,220639.0,124076.0
2023-10-20,1301.0,186491.0,143729.0,1320.0,225925.0,92861.0
2023-10-23,1287.0,170736.0,119491.0,1305.0,234678.0,76926.0
2023-10-24,1292.25,152035.0,125254.0,1312.75,249437.0,96781.0
2023-10-25,1287.75,132553.0,111043.0,1308.0,261631.0,110768.0
2023-10-26,1279.0,110501.0,105810.0,1301.75,271774.0,124371.0
2023-10-27,1285.0,51432.0,108290.0,1317.0,277649.0,160757.0
2023-10-30,1283.75,7048.0,77497.0,1307.0,275669.0,161864.0
2023-10-31,1287.25,2853.0,7814.0,1310.0,278026.0,106183.0
2023-11-01,1290.25,1755.0,2816.0,1314.75,279336.0,79093.0
2023-11-02,1296.0,1246.0,1729.0,1328.0,282493.0,92230.0
2023-11-03,1321.75,1011.0,2203.0,1350.0,284439.0,139957.0
2023-11-06,1341.5,835.0,1020.0,1358.0,289199.0,144882.0
2023-11-07,1327.75,941.0,2165.0,1361.25,290730.0,192413.0
2023-11-08,1327.75,552.0,217.0,1365.5,293957.0,167214.0
2023-11-09,1281.0,347.0,92.0,1343.75,288756.0,175301.0
2023-11-10,1281.0,255.0,163.0,1347.5,289366.0,81934.0
2023-11-13,1369.0,190.0,284.0,1382.0,290892.0,133136.0
2023-11-14,,73.0,55.0,1389.0,290063.0,121756.0
2023-11-15,1385.0,290404.0,112125.0,1399.25,172999.0,49911.0
2023-11-16,1360.0,287555.0,139084.0,1375.0,173526.0,55740.0
2023-11-17,1343.25,279927.0,125658.0,1357.25,173349.0,55682.0
2023-11-20,1365.0,274937.0,126688.0,1382.25,173989.0,38793.0
2023-11-21,1374.75,281127.0,131504.0,1390.75,171591.0,54049.0
2023-11-22,1358.25,279666.0,123978.0,1374.75,175775.0,53999.0
2023-11-24,1329.75,271851.0,79518.0,1347.5,175528.0,32176.0
2023-11-27,1328.75,263389.0,108127.0,1346.0,176842.0,48216.0
2023-11-28,1345.75,257716.0,122211.0,1363.75,178221.0,67613.0
2023-11-29,1346.5,253485.0,110829.0,1366.0,181360.0,51042.0
2023-11-30,1342.0,253912.0,106352.0,1361.75,184557.0,60799.0
2023-12-01,1324.5,244293.0,133231.0,1345.0,182734.0,76427.0
2023-12-04,1306.25,233319.0,145541.0,1326.75,180783.0,77720.0
2023-12-05,1308.0,226272.0,127531.0,1329.25,184329.0,67387.0
2023-12-06,1295.5,220648.0,114902.0,1315.75,187148.0,84208.0
2023-12-07,1309.75,212913.0,142340.0,1328.5,197706.0,101593.0
2023-12-08,1304.25,201394.0,143886.0,1324.75,206348.0,88796.0
2023-12-11,1335.5,194131.0,156810.0,1351.0,217790.0,104180.0
2023-12-12,1323.0,180487.0,151132.0,1341.75,229254.0,119638.0
2023-12-13,1308.0,167877.0,134421.0,1327.25,237133.0,101067.0
2023-12-14,1315.25,158748.0,92835.0,1333.5,244252.0,64333.0
2023-12-15,1315.25,145123.0,104871.0,1332.25,255918.0,87543.0
2023-12-18,1326.75,131827.0,105952.0,1339.75,262846.0,94942.0
2023-12-19,1313.0,110260.0,136922.0,1322.25,267542.0,127196.0
2023-12-20,1308.0,85132.0,101196.0,1315.75,261791.0,121941.0
2023-12-21,1297.0,73416.0,71637.0,1301.25,269127.0,98809.0
2023-12-22,1297.0,57399.0,52365.0,1305.5,270679.0,82295.0
2023-12-26,1300.0,40303.0,34317.0,1317.0,271990.0,73156.0
2023-12-27,1316.0,24271.0,37407.0,1319.25,276952.0,81921.0
2023-12-28,1305.25,8231.0,23869.0,1311.25,284897.0,90198.0
2023-12-29,1292.0,4526.0,6682.0,1297.0,289047.0,83912.0
2024-01-02,1260.25,2738.0,2675.0,1273.0,293134.0,120524.0
2024-01-03,1260.25,1857.0,2363.0,1276.5,289776.0,101043.0
2024-01-04,1256.0,1512.0,353.0,1266.5,290914.0,90810.0
2024-01-05,1244.75,920.0,1000.0,1256.0,291770.0,89364.0
2024-01-08,,745.0,255.0,1244.0,295155.0,122347.0
2024-01-09,,575.0,158.0,1247.75,294856.0,109857.0
2024-01-10,,470.0,307.0,1235.25,300696.0,111664.0
2024-01-11,,99.0,220.0,1235.75,297261.0,112166.0
2024-01-12,,79.0,91.0,1224.0,294702.0,237245.0
2024-01-16,1227.0,297053.0,140122.0,1239.0,153640.0,53381.0
2024-01-17,1205.0,301985.0,138322.0,1216.25,155457.0,53006.0
2024-01-18,1213.0,298811.0,112771.0,1223.0,161030.0,47402.0
2024-01-19,1212.75,302323.0,96455.0,1223.0,164370.0,47199.0
2024-01-22,1223.0,307884.0,94437.0,1232.25,170084.0,39810.0
2024-01-23,1237.5,309416.0,107718.0,1246.25,173034.0,49423.0
2024-01-24,1240.0,309536.0,130579.0,1245.0,174326.0,61451.0
2024-01-25,1223.0,306288.0,138526.0,1229.0,173135.0,63343.0
2024-01-26,1208.5,305640.0,112232.0,1215.0,170841.0,47352.0
2024-01-29,1192.0,306698.0,160776.0,1203.5,179399.0,91499.0
2024-01-30,1220.0,307744.0,133600.0,1227.75,182662.0,66484.0
2024-01-31,1222.0,301792.0,131031.0,1232.25,180657.0,62166.0
2024-02-01,1202.75,301774.0,117651.0,1213.0,187093.0,58113.0
2024-02-02,1187.75,297694.0,101687.0,1197.5,191493.0,51654.0
2024-02-05,1196.0,296638.0,133159.0,1204.25,198575.0,71101.0
2024-02-06,1198.75,288473.0,104104.0,1208.0,206206.0,67125.0
2024-02-07,1187.75,269491.0,137235.0,1197.5,217570.0,89086.0
2024-02-08,1193.75,253964.0,165204.0,1201.0,231449.0,111672.0
2024-02-09,1183.0,240205.0,120117.0,1190.0,239441.0,85814.0
2024-02-12,1191.75,224884.0,114463.0,1196.75,253052.0,82085.0
2024-02-13,1186.0,200440.0,132884.0,1192.0,272681.0,101073.0
2024-02-14,1167.5,191646.0,128628.0,1175.25,289289.0,98517.0
2024-02-15,1162.75,183945.0,135571.0,1165.0,300479.0,102716.0
2024-02-16,1171.75,178758.0,99941.0,1176.0,306906.0,88368.0
2024-02-20,1178.75,169009.0,145020.0,1184.0,311617.0,104278.0
2024-02-21,1159.75,153975.0,113652.0,1164.25,318564.0,112813.0
2024-02-22,1147.0,133403.0,136672.0,1152.5,320350.0,143433.0
2024-02-23,1133.0,88340.0,125088.0,1141.25,331820.0,167462.0
2024-02-26,1133.25,51561.0,98731.0,1142.75,335584.0,161757.0
2024-02-27,1131.0,21446.0,79533.0,1141.75,339612.0,173774.0
2024-02-28,1121.0,3667.0,37481.0,1145.25,345060.0,129923.0
2024-02-29,1118.0,2203.0,4459.0,1138.0,342426.0,142367.0
2024-03-01,1118.0,1617.0,763.0,1149.5,340916.0,104105.0
2024-03-04,1118.0,1137.0,404.0,1155.0,338263.0,112791.0
2024-03-05,1128.0,781.0,1080.0,1149.0,344165.0,120022.0
2024-03-06,1128.0,484.0,287.0,1148.0,347516.0,102488.0
2024-03-07,1128.0,289.0,443.0,1165.75,349012.0,146027.0
2024-03-08,1100.0,139.0,199.0,1182.5,346116.0,192517.0
2024-03-11,1100.0,67.0,42.0,1179.0,344224.0,129942.0
2024-03-12,1100.0,52.0,73.0,1192.0,344778.0,143451.0
2024-03-13,1100.0,46.0,24.0,1195.75,343586.0,127499.0
2024-03-14,,38.0,66.0,1194.0,341709.0,164064.0
2024-03-15,1198.0,345700.0,117888.0,1212.5,193807.0,58236.0
2024-03-18,1189.0,341101.0,97550.0,1202.5,194695.0,43328.0
2024-03-19,1185.75,341141.0,103620.0,1200.25,201062.0,57441.0
2024-03-20,1205.0,339774.0,161255.0,1223.0,200862.0,81197.0
2024-03-21,1211.75,337721.0,150049.0,1224.5,207208.0,72922.0
2024-03-22,1191.75,336008.0,121895.0,1204.75,209887.0,54941.0
2024-03-25,1206.0,332029.0,106767.0,1220.25,210607.0,56442.0
2024-03-26,1198.0,333133.0,119009.0,1211.25,215565.0,69388.0
2024-03-27,1191.0,329008.0,104399.0,1206.5,215782.0,61058.0
2024-03-28,1191.0,326585.0,160360.0,1205.25,223142.0,92979.0
2024-04-01,1185.0,320353.0,104397.0,1199.75,230158.0,68993.0
2024-04-02,1175.0,321515.0,173481.0,1188.5,234798.0,102108.0
2024-04-03,1182.25,312148.0,160346.0,1195.25,240353.0,102991.0
2024-04-04,1180.0,311432.0,119935.0,1192.25,244492.0,77082.0
2024-04-05,1186.25,301305.0,162613.0,1197.5,254285.0,107538.0
2024-04-08,1181.0,287416.0,159389.0,1193.75,260683.0,116540.0
2024-04-09,1174.0,272287.0,167029.0,1188.0,277453.0,98489.0
2024-04-10,1163.75,263607.0,156535.0,1177.75,286733.0,109723.0
2024-04-11,1159.0,246200.0,163734.0,1172.75,309151.0,119984.0
2024-04-12,1172.75,236195.0,160130.0,1185.0,319738.0,116205.0
2024-04-15,1158.0,226026.0,134465.0,1171.0,328761.0,89743.0
2024-04-16,1144.75,214649.0,148376.0,1160.5,343893.0,125405.0
2024-04-17,1149.0,199361.0,104230.0,1163.5,351205.0,90616.0
2024-04-18,1133.5,181974.0,109349.0,1148.25,356022.0,113387.0
2024-04-19,1150.0,164514.0,124590.0,1164.75,366200.0,136568.0
2024-04-22,1160.5,146013.0,107395.0,1176.5,370508.0,151665.0
2024-04-23,1166.25,119682.0,112266.0,1181.0,368742.0,144321.0
2024-04-24,1165.5,100123.0,92302.0,1177.25,373436.0,155917.0
2024-04-25,1161.25,78428.0,106684.0,1179.75,369674.0,173908.0
2024-04-26,1153.0,40350.0,78879.0,1177.25,368310.0,136038.0
2024-04-29,1161.0,7139.0,58269.0,1180.25,378697.0,173726.0
2024-04-30,1146.0,3199.0,5743.0,1162.25,380807.0,153691.0
2024-05-01,1141.0,1651.0,3404.0,1169.5,387079.0,88675.0
2024-05-02,1190.0,996.0,2408.0,1199.0,396742.0,189776.0
2024-05-03,1155.0,603.0,711.0,1215.0,388687.0,166937.0
2024-05-06,1155.0,193.0,486.0,1244.75,378455.0,227964.0
2024-05-07,1228.0,180.0,51.0,1244.75,369720.0,189975.0
2024-05-08,1196.5,175.0,87.0,1227.75,359838.0,151411.0
2024-05-09,1128.0,125.0,66.0,1209.75,350114.0,151107.0
2024-05-10,1128.0,48.0,82.0,1219.0,353089.0,149162.0
2024-05-13,1128.0,1.0,6.0,1219.0,351526.0,132053.0
2024-05-14,,6.0,7.0,1214.25,348960.0,115517.0
2024-05-15,1213.75,348098.0,124938.0,1216.75,45914.0,18771.0
2024-05-16,1216.0,348789.0,99241.0,1216.75,45562.0,19974.0
2024-05-17,1226.75,359915.0,133101.0,1224.75,47144.0,27821.0
2024-05-20,1247.0,369515.0,171388.0,1241.75,46877.0,24160.0
2024-05-21,1235.0,356220.0,126275.0,1234.0,47028.0,20897.0
2024-05-22,1246.25,358194.0,125072.0,1244.25,48011.0,16984.0
2024-05-23,1239.0,351782.0,136099.0,1237.0,50620.0,19727.0
2024-05-24,1248.0,346561.0,107257.0,1245.75,52590.0,18389.0
2024-05-28,1229.75,334644.0,140138.0,1229.5,54570.0,28283.0
2024-05-29,1213.0,329868.0,123723.0,1212.75,58921.0,31623.0
2024-05-30,1209.75,324895.0,107751.0,1208.0,61175.0,22690.0
2024-05-31,1204.5,323027.0,106393.0,1203.0,63423.0,22343.0
2024-06-03,1184.5,322988.0,119994.0,1180.75,66693.0,26305.0
2024-06-04,1179.0,322485.0,145530.0,1177.25,70077.0,38565.0
2024-06-05,1176.25,324395.0,154196.0,1173.25,70938.0,44014.0
2024-06-06,1199.5,316110.0,162161.0,1193.0,70905.0,39317.0
2024-06-07,1177.0,294656.0,175688.0,1175.75,72945.0,36306.0
2024-06-10,1187.5,275580.0,139377.0,1181.75,74704.0,31912.0
2024-06-11,1177.5,248806.0,160774.0,1170.5,71595.0,51140.0
2024-06-12,1177.0,226309.0,161099.0,1166.5,71326.0,39997.0
2024-06-13,1188.25,212320.0,149824.0,1177.0,69446.0,45337.0
2024-06-14,1178.0,186256.0,132144.0,1167.0,73265.0,48340.0
2024-06-17,1158.0,173530.0,138815.0,1146.0,77809.0,42694.0
2024-06-18,1172.5,150873.0,148950.0,1155.75,78758.0,46045.0
2024-06-20,1156.0,129084.0,146080.0,1140.0,81284.0,51723.0
2024-06-21,1160.5,88578.0,111374.0,1146.5,83803.0,42363.0
2024-06-24,1174.0,65387.0,88889.0,1159.0,84991.0,53704.0
2024-06-25,1162.25,45486.0,83116.0,1145.25,88342.0,58517.0
2024-06-26,1160.0,23013.0,67870.0,1140.0,93339.0,61195.0
2024-06-27,1153.0,6230.0,32512.0,1136.0,93836.0,69745.0
2024-06-28,1145.0,3932.0,4183.0,1134.5,94199.0,53291.0
2024-07-01,1156.25,3154.0,1313.0,1145.25,94582.0,38670.0
2024-07-02,1162.0,2705.0,1375.0,1149.5,96611.0,44354.0
2024-07-03,1149.0,2151.0,924.0,1157.0,96986.0,36947.0
2024-07-05,1160.0,1596.0,812.0,1166.75,96488.0,30597.0
2024-07-08,1149.0,903.0,985.0,1149.0,94496.0,38239.0
2024-07-09,1150.0,426.0,839.0,1128.75,95208.0,43808.0
2024-07-10,1137.0,354.0,698.0,1111.75,93665.0,38843.0
2024-07-11,,276.0,108.0,1117.0,92338.0,35515.0
2024-07-12,,32.0,107.0,1102.0,90503.0,41399.0
2024-07-15,1075.25,86839.0,35655.0,1032.5,51266.0,21082.0
2024-07-16,1090.0,82899.0,37408.0,1038.25,52685.0,24438.0
2024-07-17,1097.0,81380.0,41677.0,1039.25,56679.0,29349.0
2024-07-18,1098.5,75328.0,35569.0,1041.25,57537.0,25582.0
2024-07-19,1095.5,73796.0,25658.0,1035.75,59988.0,22071.0
2024-07-22,1118.0,70213.0,40798.0,1065.25,57834.0,26329.0
2024-07-23,1115.75,64760.0,51623.0,1071.25,59019.0,31847.0
2024-07-24,1110.0,60768.0,34547.0,1059.25,59847.0,23863.0
2024-07-25,1114.75,52613.0,38157.0,1073.75,59377.0,29415.0
2024-07-26,1073.0,28037.0,61437.0,1039.5,60447.0,39482.0
2024-07-29,1054.75,10281.0,37618.0,1030.75,61304.0,45896.0
2024-07-30,1025.0,2727.0,16709.0,1009.5,62308.0,33254.0
2024-07-31,1030.0,1765.0,2651.0,1014.5,62626.0,27893.0
2024-08-01,1005.0,1098.0,1384.0,1008.0,64244.0,34648.0
2024-08-02,1005.0,802.0,633.0,1019.5,64727.0,16739.0
2024-08-05,1005.0,754.0,64.0,1032.0,64436.0,24349.0
2024-08-06,1005.0,204.0,694.0,1014.5,64340.0,23487.0
2024-08-07,1010.0,143.0,195.0,1005.75,63421.0,15475.0
2024-08-08,,51.0,172.0,993.0,61932.0,22922.0
2024-08-09,,44.0,24.0,987.25,60162.0,15037.0
2024-08-12,,12.0,12.0,972.5,58410.0,26841.0
2024-08-13,,3.0,19.0,945.75,58323.0,20096.0
2024-08-14,,3.0,4.0,952.75,55739.0,15972.0
2024-08-15,950.25,51801.0,15039.0,967.75,423640.0,103452.0
2024-08-16,937.25,49948.0,17420.0,955.25,426048.0,113164.0
2024-08-19,956.5,48238.0,15833.0,975.75,424942.0,117181.0
2024-08-20,958.0,46192.0,13630.0,975.75,424384.0,101176.0
2024-08-21,962.5,43340.0,12788.0,981.5,428729.0,98491.0
2024-08-22,941.0,38406.0,17660.0,961.25,431292.0,121768.0
2024-08-23,951.5,24697.0,16814.0,972.5,433699.0,101432.0
2024-08-26,960.0,17696.0,18427.0,980.0,431593.0,132492.0
2024-08-27,967.75,11450.0,13636.0,986.5,434417.0,132979.0
2024-08-28,953.25,7166.0,10273.0,976.25,436854.0,115847.0
2024-08-29,971.5,1921.0,10556.0,991.0,434994.0,129735.0
2024-08-30,975.25,1825.0,2055.0,998.75,435884.0,178214.0
2024-09-03,,969.0,518.0,1012.0,432300.0,184644.0
2024-09-04,,435.0,382.0,1020.0,424919.0,135599.0
2024-09-05,,244.0,309.0,1023.75,421039.0,133525.0
2024-09-06,,170.0,122.0,1005.0,424980.0,148215.0
2024-09-09,,113.0,69.0,1018.25,416302.0,117323.0
2024-09-10,,80.0,59.0,997.0,414208.0,134695.0
2024-09-11,,31.0,25.0,1001.0,411384.0,101592.0
2024-09-12,,6.0,4.0,1010.75,409190.0,151987.0
2024-09-13,,49.0,50.0,1006.0,409029.0,120065.0
2024-09-16,1003.75,408435.0,79098.0,1022.75,136659.0,19182.0
2024-09-17,1006.25,409280.0,80303.0,1026.0,142615.0,27898.0
2024-09-18,1015.0,406386.0,147447.0,1032.5,145881.0,36843.0
2024-09-19,1012.25,409122.0,116585.0,1030.5,149680.0,34139.0
2024-09-20,1013.0,407605.0,128091.0,1031.0,153398.0,34959.0
2024-09-23,1039.0,406338.0,220319.0,1056.0,156624.0,80357.0
2024-09-24,1042.5,399393.0,206134.0,1060.75,158908.0,68735.0
2024-09-25,1053.0,395116.0,175631.0,1070.5,159853.0,66736.0
2024-09-26,1039.75,392577.0,191090.0,1057.25,163171.0,53854.0
2024-09-27,1065.0,391190.0,237043.0,1082.75,165124.0,80412.0
2024-09-30,1056.0,387833.0,167653.0,1074.0,160077.0,64086.0
2024-10-01,1057.0,383722.0,165015.0,1073.75,162652.0,64373.0
2024-10-02,1054.25,381838.0,158797.0,1072.75,165856.0,54350.0
2024-10-03,1045.5,385087.0,126126.0,1064.0,169374.0,42061.0
2024-10-04,1036.5,388818.0,136658.0,1055.0,174617.0,44695.0
2024-10-07,1033.75,374017.0,170260.0,1052.0,181942.0,73525.0
2024-10-08,1015.25,353574.0,215735.0,1033.75,195070.0,103276.0
2024-10-09,1020.25,338579.0,185293.0,1037.75,210464.0,97706.0
2024-10-10,1014.0,324442.0,158953.0,1031.0,219204.0,98195.0
2024-10-11,1004.25,317048.0,213825.0,1021.0,236437.0,115491.0
2024-10-14,995.75,315440.0,165943.0,1011.5,249141.0,84598.0
2024-10-15,990.0,318930.0,239187.0,1004.75,254608.0,145041.0
2024-10-16,978.0,307414.0,247535.0,992.0,275019.0,159586.0
2024-10-17,989.25,288618.0,236377.0,998.5,282011.0,160549.0
2024-10-18,970.0,273766.0,229536.0,983.0,287274.0,154632.0
2024-10-21,980.0,250668.0,184725.0,988.75,295248.0,133301.0
2024-10-22,991.75,229931.0,185249.0,1000.5,300788.0,131972.0
2024-10-23,997.0,208789.0,157963.0,1004.75,308801.0,130438.0
2024-10-24,995.75,183748.0,190684.0,1004.75,311907.0,180125.0
2024-10-25,987.75,114956.0,143812.0,997.25,317331.0,158663.0
2024-10-28,974.75,74080.0,109011.0,987.0,326116.0,146860.0
2024-10-29,965.0,33702.0,82001.0,979.25,341566.0,162480.0
2024-10-30,970.0,5967.0,57700.0,991.75,350141.0,159633.0
2024-10-31,978.5,3904.0,7820.0,995.25,351017.0,107954.0
2024-11-01,979.0,2675.0,3051.0,994.25,351898.0,126134.0
2024-11-04,979.0,1436.0,1524.0,997.0,352118.0,104347.0
2024-11-05,985.0,1042.0,629.0,999.5,351026.0,101646.0
2024-11-06,992.0,837.0,391.0,1004.0,354389.0,208308.0
2024-11-07,1000.0,551.0,545.0,1025.25,358358.0,197073.0
2024-11-08,1001.0,335.0,427.0,1030.0,345003.0,253189.0
2024-11-11,1011.75,288.0,212.0,1022.0,337111.0,137395.0
2024-11-12,962.0,159.0,209.0,1011.5,341359.0,158851.0
2024-11-13,962.0,120.0,86.0,1005.75,348178.0,114151.0
2024-11-14,,9.0,75.0,987.75,349854.0,152378.0
2024-11-15,998.0,356660.0,140153.0,1008.25,238193.0,52485.0
2024-11-18,1009.5,356160.0,107221.0,1019.25,240923.0,40656.0
2024-11-19,998.25,355094.0,114559.0,1008.0,243227.0,48885.0
2024-11-20,990.75,353132.0,110520.0,999.0,245111.0,50524.0
2024-11-21,980.25,353896.0,145233.0,987.75,245544.0,74338.0
2024-11-22,985.75,352834.0,113875.0,992.25,247300.0,67125.0
2024-11-25,986.0,350173.0,100522.0,994.5,250126.0,42035.0
2024-11-26,983.0,342349.0,131739.0,993.5,254060.0,78793.0
2024-11-27,988.75,335633.0,134095.0,997.0,256919.0,79266.0
2024-11-29,990.5,335146.0,77392.0,997.0,257258.0,41450.0
2024-12-02,985.0,330595.0,124010.0,990.5,262014.0,67153.0
2024-12-03,991.0,332285.0,135065.0,997.25,268973.0,75330.0
2024-12-04,983.75,329113.0,113543.0,989.0,274609.0,56859.0
2024-12-05,993.25,326616.0,109222.0,998.5,277219.0,67455.0
2024-12-06,993.5,308231.0,150604.0,999.5,290147.0,113325.0
2024-12-09,989.0,290550.0,155123.0,995.25,293995.0,100166.0
2024-12-10,994.0,263435.0,162231.0,1000.0,308011.0,98530.0
2024-12-11,995.0,236863.0,177510.0,1002.5,325247.0,133242.0
2024-12-12,994.75,214960.0,178084.0,1002.5,345404.0,130368.0
2024-12-13,988.25,209365.0,97052.0,995.25,355760.0,72771.0
2024-12-16,982.0,192846.0,126195.0,986.0,366915.0,110510.0
2024-12-17,976.0,169017.0,170736.0,978.25,381383.0,142638.0
2024-12-18,951.0,152094.0,171410.0,953.25,391442.0,145026.0
2024-12-19,962.5,127227.0,170407.0,965.75,394742.0,166725.0
2024-12-20,969.0,111975.0,110119.0,979.0,396706.0,119531.0
2024-12-23,967.0,85804.0,73622.0,971.0,401541.0,105210.0
2024-12-24,971.0,76465.0,28802.0,979.25,396958.0,64012.0
2024-12-26,982.5,54165.0,70637.0,995.5,403341.0,135969.0
2024-12-27,977.5,31384.0,56059.0,989.75,409662.0,104442.0
2024-12-30,975.5,4523.0,39468.0,991.75,408169.0,140332.0
2024-12-31,981.0,2388.0,5238.0,1009.0,406116.0,142790.0
2025-01-02,995.0,1743.0,1299.0,1011.0,399449.0,129597.0
2025-01-03,965.0,919.0,912.0,991.25,394812.0,155028.0
2025-01-06,991.0,647.0,598.0,996.0,391955.0,135003.0
2025-01-07,982.75,516.0,265.0,996.5,383887.0,132275.0
2025-01-08,982.75,389.0,308.0,993.25,381681.0,115228.0
2025-01-09,981.0,287.0,168.0,995.75,383120.0,84880.0
2025-01-10,981.0,209.0,435.0,1024.5,381090.0,267972.0
2025-01-13,1043.0,149.0,202.0,1051.0,379065.0,229028.0
2025-01-14,,17.0,43.0,1046.0,366315.0,220603.0
2025-01-15,1042.0,366814.0,139448.0,1055.0,195635.0,58464.0
2025-01-16,1019.5,356859.0,162099.0,1031.5,199617.0,48319.0
2025-01-17,1034.0,358757.0,189419.0,1045.0,203799.0,84359.0
2025-01-21,1066.75,361410.0,215089.0,1077.25,204442.0,87674.0
2025-01-22,1056.25,349754.0,214743.0,1068.0,209225.0,87705.0
2025-01-23,1064.0,353290.0,148819.0,1076.0,212043.0,64498.0
2025-01-24,1054.0,341256.0,177241.0,1066.5,215375.0,83427.0
2025-01-27,1045.0,336044.0,127356.0,1059.0,214492.0,57211.0
2025-01-28,1045.0,330417.0,129003.0,1059.75,218726.0,66359.0
2025-01-29,1059.0,329617.0,128051.0,1074.0,225524.0,73589.0
2025-01-30,1043.5,322238.0,135406.0,1060.25,229572.0,66718.0
2025-01-31,1042.25,318925.0,154522.0,1052.0,230305.0,86551.0
2025-02-03,1056.0,316850.0,164396.0,1070.0,236066.0,80757.0
2025-02-04,1074.0,318340.0,182908.0,1086.25,238106.0,99660.0
2025-02-05,1057.5,303782.0,166300.0,1073.75,243582.0,86784.0
2025-02-06,1061.0,301839.0,129164.0,1076.0,253362.0,74953.0
2025-02-07,1048.0,283825.0,154226.0,1064.5,267123.0,108636.0
2025-02-10,1049.0,272524.0,128319.0,1064.75,281063.0,84282.0
2025-02-11,1043.25,255936.0,149758.0,1060.25,296824.0,101365.0
2025-02-12,1028.0,228252.0,171577.0,1045.75,308733.0,116823.0
2025-02-13,1029.0,209887.0,147392.0,1046.25,321929.0,118588.0
2025-02-14,1036.5,196155.0,120772.0,1053.0,331615.0,96184.0
2025-02-18,1037.75,184314.0,123334.0,1054.5,343112.0,94601.0
2025-02-19,1032.0,159234.0,133961.0,1048.75,351925.0,117494.0
2025-02-20,1044.0,149910.0,112590.0,1061.25,359337.0,119015.0
2025-02-21,1040.0,115893.0,96118.0,1056.75,364010.0,111687.0
2025-02-24,1029.0,86743.0,101531.0,1048.0,375003.0,129312.0
2025-02-25,1030.75,52654.0,117588.0,1048.25,376565.0,177722.0
2025-02-26,1023.0,25092.0,74754.0,1041.0,373502.0,144042.0
2025-02-27,1020.5,3647.0,37040.0,1037.5,375245.0,153275.0
2025-02-28,1015.0,2674.0,1753.0,1025.0,385864.0,118837.0
2025-03-03,995.25,1536.0,2052.0,1011.0,389146.0,154480.0
2025-03-04,975.0,996.0,928.0,1000.0,389016.0,211927.0
2025-03-05,978.5,832.0,276.0,1011.75,388425.0,159722.0
2025-03-06,978.5,394.0,416.0,1027.25,382968.0,192141.0
2025-03-07,975.0,358.0,112.0,1025.0,378303.0,110547.0
2025-03-10,995.0,192.0,89.0,1013.25,380057.0,105502.0
2025-03-11,975.0,180.0,66.0,1009.0,376884.0,101557.0
2025-03-12,975.0,109.0,39.0,1001.25,378950.0,130716.0
2025-03-13,975.0,31.0,33.0,1009.0,375934.0,114617.0
2025-03-14,,3.0,3.0,1016.75,374281.0,101125.0
2025-03-17,1014.5,373220.0,80925.0,1028.75,203350.0,36129.0
2025-03-18,1012.0,375706.0,100675.0,1026.0,205692.0,49607.0
2025-03-19,1008.0,380565.0,124450.0,1021.5,210634.0,67114.0
2025-03-20,1013.0,388367.0,117385.0,1025.75,214705.0,60707.0
2025-03-21,1009.5,378716.0,101376.0,1021.5,215145.0,56282.0
2025-03-24,1006.5,378001.0,88648.0,1019.0,216538.0,51427.0
2025-03-25,1002.25,375352.0,99523.0,1016.0,214981.0,55365.0
2025-03-26,1000.5,365789.0,103851.0,1015.0,216979.0,61476.0
2025-03-27,1014.5,363463.0,111192.0,1030.0,218460.0,56328.0
2025-03-28,1022.0,357552.0,120885.0,1036.5,224705.0,81964.0
2025-03-31,1013.75,348223.0,160036.0,1027.5,239982.0,100570.0
2025-04-01,1031.75,337966.0,167012.0,1047.5,238916.0,113831.0
2025-04-02,1029.0,331666.0,129992.0,1044.5,246849.0,73005.0
2025-04-03,1012.0,329222.0,169499.0,1026.25,246781.0,109755.0
2025-04-04,977.75,335041.0,269757.0,990.5,257049.0,187287.0
2025-04-07,983.0,303201.0,272593.0,998.0,269875.0,186460.0
2025-04-08,991.75,282050.0,216115.0,1003.0,279409.0,196109.0
2025-04-09,1011.0,251821.0,205523.0,1020.0,291016.0,175037.0
2025-04-10,1022.75,231794.0,192962.0,1034.75,295151.0,161619.0
2025-04-11,1042.25,196209.0,191945.0,1053.0,308778.0,158662.0
2025-04-14,1041.0,190661.0,117322.0,1048.75,306226.0,106802.0
2025-04-15,1036.0,178546.0,126985.0,1045.0,310277.0,113177.0
2025-04-16,1037.5,160082.0,113594.0,1049.0,320305.0,113328.0
2025-04-17,1035.5,153408.0,88269.0,1047.0,324520.0,89045.0
2025-04-21,1029.0,145365.0,56324.0,1041.25,334956.0,71977.0
2025-04-22,1035.0,127964.0,78848.0,1046.0,342898.0,94806.0
2025-04-23,1041.25,113485.0,105262.0,1050.5,353781.0,140319.0
2025-04-24,1053.0,92877.0,95258.0,1062.75,365164.0,148400.0
2025-04-25,1049.5,59559.0,80595.0,1058.5,370971.0,124426.0
2025-04-28,1049.25,26897.0,69123.0,1061.25,374663.0,134453.0
2025-04-29,1038.25,4852.0,38351.0,1052.5,370057.0,149001.0
2025-04-30,1030.25,3016.0,3242.0,1043.75,364121.0,115195.0
2025-05-01,1039.25,1691.0,2080.0,1050.0,364666.0,84628.0
2025-05-02,1033.75,916.0,1388.0,1057.5,370325.0,91958.0
2025-05-05,1031.0,557.0,682.0,1046.0,368627.0,84103.0
2025-05-06,1030.0,342.0,282.0,1040.25,369894.0,102323.0
2025-05-07,1030.0,212.0,204.0,1039.0,375682.0,123496.0
2025-05-08,1020.25,178.0,61.0,1044.5,374511.0,105083.0
2025-05-09,1030.25,129.0,53.0,1052.0,373540.0,116140.0
2025-05-12,,72.0,75.0,1069.25,376409.0,195384.0
2025-05-13,,5.0,31.0,1073.75,363627.0,161099.0
2025-05-14,,3.0,11.0,1075.75,365783.0,124910.0
2025-05-15,1053.0,362368.0,172955.0,1048.75,48887.0,26081.0
2025-05-16,1050.5,358902.0,114733.0,1046.5,49337.0,16248.0
2025-05-19,1050.75,356035.0,78345.0,1047.25,50088.0,11754.0
2025-05-20,1053.25,348836.0,92812.0,1051.0,50919.0,11701.0
2025-05-21,1062.25,341363.0,129770.0,1057.5,50067.0,23336.0
2025-05-22,1067.5,346108.0,114369.0,1062.25,52386.0,21402.0
2025-05-23,1060.0,340813.0,105119.0,1055.5,53420.0,19433.0
2025-05-27,1061.5,341266.0,85012.0,1058.0,54307.0,12587.0
2025-05-28,1049.25,344398.0,94732.0,1044.75,55130.0,14959.0
2025-05-29,1050.0,345395.0,121364.0,1047.25,55451.0,23144.0
2025-05-30,1043.0,340595.0,103024.0,1036.5,56001.0,25307.0
2025-06-02,1034.25,341266.0,110582.0,1028.0,56355.0,21095.0
2025-06-03,1040.5,336120.0,103958.0,1033.75,58750.0,25225.0
2025-06-04,1044.75,330202.0,136377.0,1038.25,61272.0,32546.0
2025-06-05,1050.25,324267.0,118862.0,1045.25,63537.0,35578.0
2025-06-06,1057.25,310899.0,130387.0,1051.25,62599.0,34186.0
2025-06-09,1055.0,292628.0,120715.0,1046.5,64960.0,27940.0
2025-06-10,1057.25,277065.0,139464.0,1049.0,68270.0,27118.0
2025-06-11,1050.0,252703.0,159137.0,1045.0,67572.0,31666.0
2025-06-12,1042.5,229701.0,228330.0,1040.75,64364.0,72954.0
2025-06-13,1068.0,218448.0,211601.0,1068.0,69753.0,56316.0
2025-06-16,1069.5,195743.0,159294.0,1071.5,73065.0,49747.0
2025-06-17,1073.0,171585.0,132731.0,1074.75,71794.0,45883.0
2025-06-18,1072.75,162194.0,114289.0,1075.0,72152.0,48780.0
2025-06-20,1067.25,131439.0,104762.0,1071.25,77431.0,47122.0
2025-06-23,1058.0,107225.0,105102.0,1061.25,77426.0,55981.0
2025-06-24,1046.75,81155.0,98635.0,1050.0,81153.0,78289.0
2025-06-25,1025.25,45678.0,114571.0,1029.5,96132.0,108115.0
2025-06-26,1020.0,19079.0,61878.0,1027.0,102204.0,72244.0
2025-06-27,1018.25,5453.0,26684.0,1033.0,108287.0,47963.0
2025-06-30,1024.0,3118.0,5015.0,1029.5,110137.0,59926.0
2025-07-01,1022.25,1968.0,1119.0,1030.25,111314.0,51561.0
2025-07-02,1008.0,1523.0,863.0,1052.75,111074.0,53107.0
2025-07-03,1002.0,1215.0,394.0,1054.0,106049.0,56407.0
2025-07-07,1019.75,615.0,1227.0,1030.0,108579.0,60370.0
2025-07-08,1002.0,389.0,239.0,1020.75,103479.0,62424.0
2025-07-09,1002.0,380.0,18.0,1008.5,105651.0,37642.0
2025-07-10,1012.5,55.0,48.0,1012.5,106382.0,51876.0
2025-07-11,1002.0,7.0,22.0,1004.0,106713.0,40206.0
2025-07-14,,205.0,213.0,1000.5,102460.0,41417.0
2025-07-15,995.0,102785.0,31994.0,988.25,81604.0,20475.0
2025-07-16,1012.0,100436.0,33432.0,1005.0,80934.0,22369.0
2025-07-17,1021.5,96784.0,36536.0,1012.25,79770.0,25507.0
2025-07-18,1027.25,95090.0,46931.0,1020.5,79780.0,38338.0
2025-07-21,1015.0,93022.0,36572.0,1011.0,80493.0,23500.0
2025-07-22,1011.0,87810.0,57095.0,1008.5,83826.0,45113.0
2025-07-23,1005.5,79229.0,56306.0,1004.75,85716.0,38339.0
2025-07-24,1005.0,59324.0,68411.0,1005.75,85982.0,51127.0
2025-07-25,999.0,54247.0,50674.0,1002.25,80662.0,35739.0
2025-07-28,988.25,28880.0,59017.0,992.25,79292.0,51995.0
2025-07-29,978.75,13035.0,51072.0,988.25,78155.0,53185.0
2025-07-30,965.5,2458.0,26906.0,976.0,81228.0,45033.0
2025-07-31,962.0,1369.0,2159.0,970.25,81895.0,24348.0
2025-08-01,,891.0,446.0,968.0,80692.0,29313.0
2025-08-04,968.0,574.0,484.0,975.25,78118.0,32968.0
2025-08-05,965.0,436.0,306.0,970.75,75649.0,26999.0
2025-08-06,,383.0,142.0,966.5,75139.0,30023.0
2025-08-07,,302.0,22.0,974.5,76745.0,29336.0
2025-08-08,,246.0,206.0,966.5,75277.0,19859.0
2025-08-11,,226.0,26.0,990.75,73562.0,34940.0
2025-08-12,,89.0,157.0,1011.75,71049.0,77852.0
2025-08-13,,4.0,59.0,1021.75,68756.0,41102.0
2025-08-14,,3.0,4.0,1010.0,65625.0,27617.0
2025-08-15,1022.25,62084.0,19843.0,1042.25,417695.0,114070.0
2025-08-18,1019.5,60798.0,17318.0,1040.25,418554.0,139131.0
2025-08-19,1013.0,58920.0,18605.0,1033.25,421101.0,119715.0
2025-08-20,1014.0,58145.0,14436.0,1035.0,416266.0,78264.0
2025-08-21,1032.75,52999.0,35172.0,1054.0,414499.0,209807.0
2025-08-22,1036.0,44772.0,23422.0,1057.75,406803.0,173590.0
2025-08-25,1025.25,28423.0,30733.0,1047.75,399670.0,163195.0
2025-08-26,1028.0,17561.0,23442.0,1048.75,405398.0,154540.0
2025-08-27,1019.5,11199.0,18842.0,1048.0,409616.0,122281.0
2025-08-28,1018.5,1875.0,19385.0,1048.0,408609.0,117498.0
2025-08-29,997.0,1299.0,694.0,1052.75,409717.0,107371.0
2025-09-02,997.0,1185.0,1134.0,1040.0,406717.0,124743.0
2025-09-03,997.0,364.0,583.0,1031.0,403873.0,101587.0
2025-09-04,997.0,190.0,409.0,1033.0,398440.0,115810.0
2025-09-05,997.0,112.0,127.0,1026.75,401796.0,102785.0
2025-09-08,997.0,79.0,65.0,1033.75,401077.0,96001.0
2025-09-09,997.0,47.0,18.0,1030.25,399041.0,88969.0
2025-09-10,997.0,42.0,20.0,1024.75,403638.0,100353.0
2025-09-11,997.0,24.0,17.0,1034.25,405446.0,102675.0
2025-09-12,,20.0,20.0,1045.0,401087.0,185166.0
2025-09-15,1042.75,392215.0,119751.0,1061.75,165872.0,32036.0
2025-09-16,1049.5,396283.0,109074.0,1068.0,166712.0,37755.0
2025-09-17,1043.5,401705.0,106461.0,1063.0,168361.0,30861.0
2025-09-18,1038.75,403514.0,99218.0,1057.75,168849.0,31199.0
2025-09-19,1025.75,406542.0,184812.0,1045.25,169427.0,48285.0
2025-09-22,1011.0,404771.0,188011.0,1030.5,168326.0,52638.0
2025-09-23,1012.25,399687.0,147291.0,1032.0,169089.0,52948.0
2025-09-24,1008.75,399008.0,155373.0,1027.75,172028.0,42417.0
2025-09-25,1012.0,397721.0,132635.0,1030.75,174785.0,41298.0
2025-09-26,1013.75,390531.0,103466.0,1033.0,179388.0,35343.0
2025-09-29,1009.25,387100.0,103672.0,1028.25,182936.0,32465.0
2025-09-30,1000.5,379620.0,160384.0,1018.75,179391.0,65425.0
2025-10-01,1013.75,380690.0,207983.0,1032.5,185507.0,66473.0
2025-10-02,1022.0,375112.0,169691.0,1039.75,190634.0,60325.0
2025-10-03,1017.25,370070.0,137811.0,1036.0,192039.0,59818.0
2025-10-06,1017.25,361143.0,117346.0,1035.25,197097.0,53146.0
2025-10-07,1020.25,349866.0,153295.0,1037.25,204675.0,95067.0
2025-10-08,1029.0,349993.0,199782.0,1044.0,219271.0,124324.0
2025-10-09,1021.0,342973.0,212396.0,1038.0,240577.0,134680.0
2025-10-10,1006.0,307715.0,239699.0,1022.0,259577.0,118978.0
2025-10-13,1007.0,307892.0,159036.0,1025.25,259577.0,96924.0
2025-10-14,1006.0,304254.0,143602.0,1024.0,264793.0,81545.0
2025-10-15,1006.25,285694.0,147308.0,1024.0,267710.0,90174.0
2025-10-16,1010.75,273746.0,145818.0,1028.75,280216.0,88660.0
2025-10-17,1020.0,251723.0,163412.0,1037.5,286787.0,98007.0
2025-10-20,1031.75,228376.0,183111.0,1050.0,307444.0,126909.0
2025-10-21,1030.25,207136.0,173746.0,1048.0,310181.0,124163.0
2025-10-22,1034.5,184565.0,206187.0,1049.75,324972.0,167046.0
2025-10-23,1044.0,167735.0,145526.0,1061.0,335571.0,131501.0
2025-10-24,1041.0,129765.0,154262.0,1060.0,349007.0,151065.0
2025-10-27,1065.0,84989.0,178679.0,1084.0,368805.0,273084.0
2025-10-28,1076.0,51007.0,136145.0,1093.75,371683.0,330945.0
2025-10-29,1076.75,30881.0,83363.0,1093.0,367736.0,221828.0
2025-10-30,1085.0,9278.0,54356.0,1105.75,368981.0,388453.0
2025-10-31,1096.0,4807.0,7984.0,1114.0,371294.0,161419.0
2025-11-03,1105.0,3080.0,2982.0,1134.0,373949.0,193156.0
2025-11-04,1090.0,2058.0,1309.0,1119.75,374679.0,171478.0
2025-11-05,1115.0,1556.0,1495.0,1134.0,384338.0,163607.0
2025-11-06,1084.25,983.0,662.0,1108.0,372289.0,212012.0
2025-11-07,1093.25,831.0,350.0,1116.75,373775.0,129373.0
2025-11-10,1093.25,485.0,635.0,1127.0,378102.0,120398.0
2025-11-11,1104.0,232.0,196.0,1126.5,374992.0,123364.0
2025-11-12,1108.25,138.0,99.0,1135.0,378373.0,122620.0
2025-11-13,1017.5,51.0,148.0,1145.25,384535.0,172835.0
2025-11-14,,6.0,26.0,1122.5,389564.0,217050.0
2025-11-17,1157.0,396492.0,233035.0,1163.25,244276.0,98144.0
2025-11-18,1150.0,387989.0,186560.0,1157.0,241473.0,81481.0
2025-11-19,1135.0,384890.0,118644.0,1143.25,245451.0,52024.0
2025-11-20,1123.0,375525.0,128502.0,1132.75,245863.0,60341.0
2025-11-21,1125.5,364865.0,123067.0,1134.75,247527.0,47177.0
2025-11-24,1120.75,363665.0,109625.0,1129.5,244990.0,51516.0
2025-11-25,1124.0,356128.0,115334.0,1133.25,247142.0,48459.0
2025-11-26,1131.75,354944.0,104778.0,1141.0,251286.0,52584.0
2025-11-28,1137.25,354968.0,38009.0,1145.25,253194.0,20410.0
2025-12-01,1127.25,347646.0,117117.0,1137.5,255573.0,63918.0
2025-12-02,1124.0,338780.0,134455.0,1134.0,260833.0,79658.0
2025-12-03,1116.0,335615.0,127538.0,1126.5,268406.0,70637.0
2025-12-04,1119.5,329565.0,134989.0,1128.75,272604.0,76860.0
2025-12-05,1105.0,313054.0,140332.0,1115.5,273635.0,83293.0
2025-12-08,1093.25,295335.0,170570.0,1105.5,276326.0,112901.0
2025-12-09,1087.25,,161540.0,1098.0,,116544.0
2025-12-10,1084.25,,6229.0,1095.5,,3148.0
