date,w1_bid,w1_oi,w1_vol,w2_bid,w2_oi,w2_vol
2020-12-09,575.0,18.0,10.0,584.5,189444.0,55893.0
2020-12-10,553.0,8.0,5.0,597.75,185099.0,74491.0
2020-12-11,553.0,5.0,8.0,617.0,186525.0,85723.0
2020-12-14,,20.0,20.0,597.25,182916.0,74274.0
2020-12-15,601.0,183501.0,51418.0,599.5,51990.0,13010.0
2020-12-16,598.0,182660.0,56478.0,599.5,51629.0,15439.0
2020-12-17,609.5,183616.0,43431.0,603.0,53751.0,11553.0
2020-12-18,607.5,183303.0,42169.0,605.5,54862.0,13789.0
2020-12-21,611.25,182639.0,48422.0,608.0,55073.0,12914.0
2020-12-22,615.75,184760.0,55034.0,614.0,54388.0,15662.0
2020-12-23,631.0,191083.0,69513.0,626.25,55717.0,21291.0
2020-12-24,626.0,187646.0,35656.0,624.25,56322.0,9818.0
2020-12-28,614.5,185067.0,53532.0,611.0,56398.0,13990.0
2020-12-29,619.0,184688.0,35420.0,618.0,55789.0,10410.0
2020-12-30,640.0,193788.0,71654.0,629.75,57150.0,20550.0
2020-12-31,641.75,193713.0,44927.0,632.0,57946.0,13567.0
2021-01-04,642.75,194310.0,66782.0,632.0,58049.0,24523.0
2021-01-05,654.0,198817.0,81173.0,647.5,60946.0,31954.0
2021-01-06,647.25,199400.0,60850.0,648.0,61712.0,27890.0
2021-01-07,643.75,196508.0,47486.0,638.75,61264.0,14766.0
2021-01-08,638.0,195816.0,56138.0,635.75,61750.0,19474.0
2021-01-11,636.75,191634.0,58069.0,632.25,60904.0,20475.0
2021-01-12,660.5,192298.0,80416.0,664.5,62810.0,33908.0
2021-01-13,659.5,188810.0,80724.0,655.0,64680.0,30685.0
2021-01-14,670.75,191980.0,63304.0,656.75,66315.0,23309.0
2021-01-15,674.75,186628.0,77447.0,666.25,70634.0,38867.0
2021-01-19,673.75,186567.0,63501.0,673.75,72786.0,29037.0
2021-01-20,667.0,185065.0,66033.0,658.0,74043.0,30173.0
2021-01-21,659.25,182891.0,50212.0,659.0,74895.0,17510.0
2021-01-22,635.0,176933.0,76808.0,633.25,74710.0,32615.0
2021-01-25,648.75,176332.0,64721.0,641.0,77211.0,30311.0
2021-01-26,664.75,177575.0,68363.0,661.0,79115.0,33465.0
2021-01-27,656.75,173951.0,54190.0,654.75,79886.0,26871.0
2021-01-28,646.75,169478.0,65434.0,645.75,81978.0,36791.0
2021-01-29,662.5,169647.0,60153.0,655.0,83091.0,28684.0
2021-02-01,655.0,167366.0,55799.0,651.0,84825.0,28450.0
2021-02-02,644.5,163326.0,46873.0,645.0,83741.0,26788.0
2021-02-03,646.5,163437.0,77131.0,649.25,84733.0,55861.0
2021-02-04,635.5,158701.0,66019.0,637.0,87216.0,45054.0
2021-02-05,641.0,142273.0,78451.0,643.0,98822.0,64482.0
2021-02-08,657.75,128336.0,102705.0,661.0,103684.0,79548.0
2021-02-09,651.5,109140.0,124145.0,656.75,120178.0,99889.0
2021-02-10,634.75,99133.0,98577.0,639.0,129255.0,76432.0
2021-02-11,632.0,91400.0,79697.0,637.25,141966.0,67439.0
2021-02-12,637.0,75309.0,64747.0,640.0,146664.0,57224.0
2021-02-16,659.5,68007.0,50195.0,659.25,157291.0,57494.0
2021-02-17,643.25,61308.0,35182.0,643.25,162290.0,64130.0
2021-02-18,664.25,49961.0,56681.0,667.0,173144.0,86249.0
2021-02-19,652.75,38142.0,51919.0,653.75,175235.0,74079.0
2021-02-22,663.5,28169.0,26456.0,673.0,181779.0,54685.0
2021-02-23,666.0,19607.0,24552.0,671.5,186848.0,52734.0
2021-02-24,676.0,10477.0,23402.0,684.0,191610.0,72148.0
2021-02-25,649.0,2443.0,13332.0,675.25,192321.0,64118.0
2021-02-26,649.0,1570.0,1445.0,660.0,190172.0,56704.0
2021-03-01,640.0,1263.0,389.0,650.5,187676.0,49408.0
2021-03-02,640.0,1139.0,241.0,666.25,190902.0,61521.0
2021-03-03,640.0,1092.0,183.0,654.75,188381.0,45101.0
2021-03-04,640.0,780.0,576.0,651.5,185189.0,52487.0
2021-03-05,640.0,507.0,401.0,654.75,182791.0,41924.0
2021-03-08,645.0,167.0,351.0,646.75,182274.0,60979.0
2021-03-09,645.0,154.0,13.0,656.25,178215.0,61549.0
2021-03-10,643.5,33.0,130.0,651.0,179171.0,45997.0
2021-03-11,622.25,15.0,32.0,643.5,179209.0,50095.0
2021-03-12,,7.0,9.0,638.0,177857.0,34909.0
2021-03-15,643.5,176705.0,40093.0,630.75,114742.0,14515.0
2021-03-16,646.75,177165.0,51099.0,631.0,115034.0,22378.0
2021-03-17,639.0,176315.0,36147.0,629.0,115402.0,17342.0
2021-03-18,629.75,177541.0,47127.0,620.0,115598.0,16521.0
2021-03-19,627.0,178326.0,51669.0,618.0,117441.0,21785.0
2021-03-22,628.75,175224.0,36124.0,616.0,118019.0,17781.0
2021-03-23,634.25,173764.0,68769.0,624.25,120222.0,32744.0
2021-03-24,625.25,175361.0,45577.0,617.25,121563.0,23856.0
2021-03-25,611.25,174431.0,60632.0,605.5,120992.0,32630.0
2021-03-26,613.75,167086.0,45616.0,608.0,120138.0,24491.0
2021-03-29,616.25,166384.0,38587.0,609.5,121882.0,20238.0
2021-03-30,601.25,165091.0,52667.0,598.0,124981.0,29723.0
2021-03-31,620.0,163304.0,90267.0,614.0,125255.0,55520.0
2021-04-01,611.0,162207.0,73406.0,605.0,127523.0,53106.0
2021-04-02,611.0,162072.0,,605.0,127522.0,
2021-04-05,618.0,158408.0,52004.0,612.75,125655.0,33701.0
2021-04-06,615.75,152819.0,58043.0,611.25,126838.0,33948.0
2021-04-07,616.25,147017.0,73524.0,616.0,136617.0,54230.0
2021-04-08,629.0,139271.0,87000.0,630.5,152969.0,79365.0
2021-04-09,639.25,119929.0,113072.0,634.75,164270.0,103983.0
2021-04-12,628.5,108239.0,101809.0,629.5,176782.0,95394.0
2021-04-13,630.5,99049.0,78362.0,631.5,190869.0,76908.0
2021-04-14,647.0,79638.0,117768.0,649.5,204389.0,121567.0
2021-04-15,652.25,68942.0,61426.0,652.0,210755.0,74843.0
2021-04-16,652.25,65728.0,36533.0,650.25,216120.0,52277.0
2021-04-19,652.0,59355.0,28587.0,652.75,218766.0,48272.0
2021-04-20,658.75,53295.0,43162.0,662.0,224946.0,86077.0
2021-04-21,673.25,48529.0,30045.0,675.0,228818.0,76254.0
2021-04-22,710.0,43041.0,45267.0,709.75,231871.0,130978.0
2021-04-23,710.0,34178.0,29087.0,710.5,233174.0,94919.0
2021-04-26,737.25,19320.0,34378.0,736.75,235874.0,116214.0
2021-04-27,734.0,14694.0,16104.0,730.25,233857.0,125982.0
2021-04-28,713.5,8421.0,12763.0,719.25,234903.0,102593.0
2021-04-29,691.0,1903.0,9415.0,728.75,235212.0,78280.0
2021-04-30,709.0,1575.0,406.0,734.25,236688.0,64385.0
2021-05-03,681.0,1036.0,407.0,720.25,235249.0,85140.0
2021-05-04,681.0,708.0,300.0,725.25,231165.0,62927.0
2021-05-05,650.0,400.0,495.0,744.0,232772.0,55506.0
2021-05-06,650.0,385.0,16.0,754.75,234053.0,70253.0
2021-05-07,772.0,361.0,25.0,762.5,233032.0,62876.0
2021-05-10,650.0,182.0,227.0,728.25,229560.0,76543.0
2021-05-11,607.0,129.0,55.0,743.5,227488.0,64307.0
2021-05-12,607.0,93.0,77.0,734.5,224165.0,59467.0
2021-05-13,588.75,73.0,59.0,705.0,219923.0,89480.0
2021-05-14,,,40.0,707.5,219871.0,79497.0
2021-05-17,701.5,219571.0,53086.0,695.0,78718.0,13483.0
2021-05-18,697.5,218787.0,61420.0,695.75,81781.0,21509.0
2021-05-19,682.5,214386.0,77673.0,679.0,83006.0,25813.0
2021-05-20,676.0,213248.0,55313.0,681.0,85628.0,16639.0
2021-05-21,673.0,213489.0,57455.0,668.0,88888.0,21247.0
2021-05-24,662.25,210893.0,57246.0,664.0,89346.0,20710.0
2021-05-25,656.5,207164.0,64769.0,650.0,90024.0,24273.0
2021-05-26,648.75,204859.0,59945.0,650.0,90727.0,21156.0
2021-05-27,674.25,198203.0,65470.0,668.0,93115.0,21990.0
2021-05-28,663.75,194069.0,56121.0,665.25,94545.0,20909.0
2021-06-01,691.0,189453.0,75697.0,682.0,97523.0,31925.0
2021-06-02,686.5,182144.0,65956.0,685.0,102562.0,26659.0
2021-06-03,676.25,176957.0,60414.0,681.0,107094.0,29302.0
2021-06-04,684.5,172659.0,55839.0,684.5,110238.0,27235.0
2021-06-07,680.0,157204.0,103023.0,686.0,121631.0,64815.0
2021-06-08,686.0,143420.0,91988.0,690.0,134402.0,62834.0
2021-06-09,680.5,133834.0,91316.0,685.0,146504.0,65949.0
2021-06-10,682.25,120174.0,103902.0,686.25,158273.0,82800.0
2021-06-11,679.5,113794.0,80622.0,680.0,171379.0,62407.0
2021-06-14,674.0,107751.0,67693.0,674.0,172122.0,45588.0
2021-06-15,661.5,103244.0,68469.0,666.0,174529.0,48421.0
2021-06-16,664.0,92988.0,61563.0,663.0,174600.0,53265.0
2021-06-17,640.0,79569.0,68262.0,640.0,177404.0,63404.0
2021-06-18,661.5,73296.0,53571.0,663.5,179959.0,57114.0
2021-06-21,661.75,65586.0,38192.0,662.25,178683.0,55902.0
2021-06-22,651.5,59819.0,35940.0,655.0,177509.0,62074.0
2021-06-23,661.75,49474.0,40594.0,662.75,178524.0,63510.0
2021-06-24,650.0,38808.0,29170.0,651.0,180950.0,68728.0
2021-06-25,634.25,21189.0,38795.0,637.0,188044.0,63546.0
2021-06-28,643.5,9821.0,29182.0,649.0,193073.0,71119.0
2021-06-29,630.0,2148.0,13015.0,645.25,191818.0,71715.0
2021-06-30,656.0,1113.0,1833.0,679.0,192090.0,88625.0
2021-07-01,656.0,670.0,558.0,665.25,183727.0,84152.0
2021-07-02,635.0,400.0,401.0,651.25,181944.0,61108.0
2021-07-06,601.0,332.0,93.0,623.25,175958.0,91321.0
2021-07-07,601.0,235.0,173.0,622.75,176965.0,53500.0
2021-07-08,601.0,149.0,101.0,618.5,175303.0,51151.0
2021-07-09,597.0,83.0,104.0,615.0,173214.0,50725.0
2021-07-12,,70.0,30.0,639.75,171111.0,81513.0
2021-07-13,,41.0,56.0,634.5,166893.0,68198.0
2021-07-14,,1.0,34.0,654.0,164382.0,60001.0
2021-07-15,671.75,161661.0,56836.0,674.0,102794.0,26874.0
2021-07-16,692.5,161821.0,75887.0,699.75,105343.0,45103.0
2021-07-19,698.0,160419.0,74215.0,703.25,105494.0,45594.0
2021-07-20,701.0,158967.0,64013.0,708.75,108161.0,36754.0
2021-07-21,710.5,156564.0,52745.0,716.0,110409.0,25777.0
2021-07-22,691.5,156032.0,63077.0,694.0,112780.0,37986.0
2021-07-23,679.5,154989.0,42541.0,685.0,114708.0,23348.0
2021-07-26,676.25,152650.0,43684.0,684.0,116260.0,24109.0
2021-07-27,673.5,150414.0,50027.0,682.0,117654.0,27033.0
2021-07-28,690.0,147616.0,49232.0,696.25,121367.0,29210.0
2021-07-29,704.75,148031.0,45524.0,713.0,124353.0,27344.0
2021-07-30,703.25,147888.0,53644.0,710.0,130006.0,38750.0
2021-08-02,729.25,150436.0,62786.0,736.25,131741.0,37066.0
2021-08-03,724.0,150583.0,73891.0,731.75,134939.0,50255.0
2021-08-04,717.0,145596.0,75455.0,724.25,135646.0,55179.0
2021-08-05,713.0,145252.0,62604.0,722.0,134759.0,49602.0
2021-08-06,719.5,137849.0,85120.0,730.0,142061.0,72422.0
2021-08-09,711.0,127138.0,84297.0,725.0,151358.0,71676.0
2021-08-10,727.0,116616.0,85502.0,735.0,161772.0,72954.0
2021-08-11,724.25,102867.0,98740.0,734.0,169479.0,80346.0
2021-08-12,750.75,90461.0,109432.0,761.75,183485.0,85084.0
2021-08-13,761.75,83970.0,87099.0,774.0,188381.0,71060.0
2021-08-16,760.5,80487.0,62047.0,775.0,193599.0,58390.0
2021-08-17,734.0,67603.0,63610.0,746.0,195850.0,77753.0
2021-08-18,735.75,62221.0,33614.0,744.0,200317.0,50233.0
2021-08-19,728.0,60193.0,37059.0,741.5,205150.0,55858.0
2021-08-20,714.5,53881.0,37208.0,728.5,205484.0,60347.0
2021-08-23,721.0,48736.0,21092.0,736.75,209623.0,44836.0
2021-08-24,718.0,42175.0,28503.0,733.5,212827.0,58664.0
2021-08-25,712.25,36728.0,21990.0,724.0,216156.0,60002.0
2021-08-26,726.25,34345.0,17849.0,738.25,217209.0,55074.0
2021-08-27,708.0,13085.0,24916.0,731.25,220644.0,64085.0
2021-08-30,718.0,3010.0,18316.0,723.75,224247.0,63754.0
2021-08-31,694.0,1974.0,1667.0,723.75,223150.0,103560.0
2021-09-01,694.0,1304.0,546.0,713.75,224272.0,67830.0
2021-09-02,700.0,833.0,369.0,716.75,219998.0,57676.0
2021-09-03,700.0,483.0,433.0,727.0,216987.0,55831.0
2021-09-07,704.5,225.0,169.0,720.0,218335.0,53990.0
2021-09-08,695.0,150.0,58.0,710.0,217607.0,47143.0
2021-09-09,677.0,91.0,113.0,693.25,216397.0,67217.0
2021-09-10,650.0,70.0,72.0,688.5,214328.0,69464.0
2021-09-13,650.0,8.0,8.0,686.25,209304.0,43600.0
2021-09-14,,3.0,3.0,700.0,205574.0,55986.0
2021-09-15,711.5,203964.0,51075.0,719.75,71606.0,20283.0
2021-09-16,713.0,200049.0,40246.0,716.0,72254.0,11874.0
2021-09-17,707.5,197923.0,33375.0,716.0,72808.0,8057.0
2021-09-20,699.75,196247.0,37449.0,710.0,72751.0,8764.0
2021-09-21,690.0,197166.0,43195.0,697.0,72469.0,9409.0
2021-09-22,706.25,196689.0,37475.0,714.0,72643.0,12029.0
2021-09-23,718.5,199915.0,46804.0,726.0,72979.0,10945.0
2021-09-24,723.0,193257.0,47318.0,733.0,73901.0,14684.0
2021-09-27,723.0,193978.0,32063.0,726.0,74951.0,9764.0
2021-09-28,708.25,193676.0,54403.0,718.0,76247.0,15356.0
2021-09-29,711.25,192966.0,38927.0,720.5,76979.0,15348.0
2021-09-30,725.75,188968.0,71326.0,730.0,77196.0,20793.0
2021-10-01,757.5,193078.0,85696.0,745.25,78900.0,25470.0
2021-10-04,756.25,194306.0,54746.0,762.0,79929.0,19288.0
2021-10-05,744.75,193595.0,49150.0,756.0,82456.0,15158.0
2021-10-06,744.0,193548.0,44642.0,757.25,85020.0,13737.0
2021-10-07,741.0,193805.0,42606.0,752.25,87891.0,16305.0
2021-10-08,732.5,193720.0,47836.0,736.0,90247.0,20275.0
2021-10-11,731.75,193056.0,32210.0,740.0,91919.0,11826.0
2021-10-12,735.75,191148.0,57859.0,745.0,93725.0,19056.0
2021-10-13,718.0,196236.0,57903.0,731.75,95588.0,19476.0
2021-10-14,724.75,196229.0,39585.0,725.0,95761.0,15523.0
2021-10-15,733.25,195055.0,40534.0,743.25,96269.0,15113.0
2021-10-18,735.5,195117.0,31460.0,744.0,96245.0,13747.0
2021-10-19,737.75,194315.0,37740.0,744.0,96877.0,15078.0
2021-10-20,749.25,193488.0,35078.0,758.0,97232.0,15579.0
2021-10-21,741.0,194249.0,33633.0,750.0,97621.0,12283.0
2021-10-22,757.5,191196.0,52332.0,755.0,99257.0,16867.0
2021-10-25,760.5,192743.0,42579.0,763.0,100596.0,18443.0
2021-10-26,750.5,192548.0,53537.0,762.25,103275.0,22299.0
2021-10-27,759.5,188937.0,49839.0,757.5,105138.0,21603.0
2021-10-28,773.25,185690.0,57331.0,788.75,106913.0,20535.0
2021-10-29,773.0,184635.0,48726.0,777.0,108764.0,24063.0
2021-11-01,798.0,182204.0,73027.0,805.0,112827.0,31299.0
2021-11-02,789.5,177197.0,65894.0,800.0,111967.0,30159.0
2021-11-03,781.5,174035.0,53180.0,790.0,111629.0,23953.0
2021-11-04,774.5,169115.0,51270.0,784.25,114974.0,27228.0
2021-11-05,766.75,159612.0,83637.0,778.5,123671.0,61880.0
2021-11-08,768.0,142014.0,75813.0,781.25,133248.0,59975.0
2021-11-09,782.0,129701.0,81300.0,796.0,145854.0,63571.0
2021-11-10,803.0,123034.0,85821.0,814.0,154892.0,64086.0
2021-11-11,813.25,114049.0,107495.0,818.0,162769.0,81407.0
2021-11-12,817.5,107366.0,63147.0,824.0,169114.0,44491.0
2021-11-15,826.75,101373.0,57377.0,830.0,169349.0,44783.0
2021-11-16,810.5,91577.0,58357.0,819.5,175718.0,59420.0
2021-11-17,823.5,84564.0,63821.0,834.75,180066.0,62894.0
2021-11-18,820.25,73152.0,63590.0,830.0,184248.0,71044.0
2021-11-19,821.25,66478.0,42696.0,828.0,185964.0,54368.0
2021-11-22,846.5,60387.0,40429.0,854.75,188681.0,59625.0
2021-11-23,855.75,55099.0,29297.0,867.0,192612.0,50430.0
2021-11-24,835.0,47378.0,46267.0,851.5,194968.0,80016.0
2021-11-26,815.0,13571.0,29473.0,844.5,194977.0,49446.0
2021-11-29,800.5,3568.0,20037.0,822.5,197004.0,69517.0
2021-11-30,762.0,2027.0,2662.0,789.0,191104.0,87308.0
2021-12-01,770.0,794.0,484.0,789.75,188144.0,55934.0
2021-12-02,745.0,438.0,192.0,816.25,182599.0,67349.0
2021-12-03,742.0,393.0,102.0,804.75,183444.0,58612.0
2021-12-06,742.0,258.0,66.0,807.75,181939.0,41088.0
2021-12-07,796.0,191.0,74.0,809.25,182857.0,35269.0
2021-12-08,742.0,178.0,42.0,794.5,185023.0,38721.0
2021-12-09,742.0,99.0,64.0,777.5,183625.0,63021.0
2021-12-10,742.0,69.0,30.0,784.5,183122.0,36952.0
2021-12-13,742.0,39.0,69.0,788.25,181911.0,39616.0
2021-12-14,,,,786.75,183147.0,34152.0
2021-12-15,755.5,183953.0,77464.0,762.0,44405.0,18133.0
2021-12-16,768.5,179516.0,50771.0,773.25,44063.0,12813.0
2021-12-17,775.0,176018.0,38053.0,770.25,43702.0,11353.0
2021-12-20,778.25,175033.0,38677.0,770.0,44223.0,11679.0
2021-12-21,796.5,175399.0,46149.0,794.25,44798.0,13878.0
2021-12-22,813.5,176488.0,48743.0,814.25,45706.0,11276.0
2021-12-23,815.75,174484.0,36615.0,808.0,46218.0,9183.0
2021-12-27,805.75,173935.0,30210.0,808.0,46737.0,8908.0
2021-12-28,783.75,172969.0,41877.0,783.75,47332.0,12080.0
2021-12-29,789.5,170376.0,40941.0,779.0,46962.0,11064.0
2021-12-30,780.0,170011.0,29563.0,779.0,47645.0,9008.0
2021-12-31,770.75,170343.0,25055.0,769.0,47566.0,9257.0
2022-01-03,757.75,172499.0,42116.0,762.0,47475.0,9052.0
2022-01-04,769.25,172462.0,43220.0,760.0,49106.0,13490.0
2022-01-05,760.75,173251.0,40236.0,758.25,49207.0,11027.0
2022-01-06,746.25,179783.0,64426.0,748.0,49987.0,16682.0
2022-01-07,760.5,177196.0,58463.0,744.0,51458.0,21209.0
2022-01-10,761.5,173719.0,46681.0,760.0,52816.0,16715.0
2022-01-11,768.25,172462.0,43837.0,764.0,52800.0,14746.0
2022-01-12,757.75,170425.0,51640.0,756.5,53871.0,18990.0
2022-01-13,745.25,173988.0,49455.0,742.5,54929.0,18439.0
2022-01-14,742.0,173731.0,44592.0,745.25,54555.0,19061.0
2022-01-18,771.0,174163.0,70559.0,765.0,57108.0,25898.0
2022-01-19,795.5,171681.0,68427.0,791.0,59125.0,27617.0
2022-01-20,790.0,172183.0,58576.0,788.0,59215.0,20486.0
2022-01-21,778.0,166535.0,47700.0,782.5,59504.0,15794.0
2022-01-24,801.25,162517.0,58617.0,794.0,58982.0,19464.0
2022-01-25,817.0,164069.0,76139.0,818.25,63248.0,27608.0
2022-01-26,792.25,164960.0,73390.0,791.0,65519.0,27610.0
2022-01-27,777.0,164091.0,60147.0,779.75,64472.0,16604.0
2022-01-28,787.25,162323.0,49080.0,791.0,66269.0,14866.0
2022-01-31,760.75,159894.0,71473.0,765.75,66389.0,20407.0
2022-02-01,769.25,156987.0,52159.0,768.25,68084.0,19752.0
2022-02-02,755.0,154291.0,67578.0,761.0,71617.0,25145.0
2022-02-03,753.5,151406.0,52592.0,759.75,72978.0,25700.0
2022-02-04,765.25,146331.0,50585.0,771.25,78390.0,31244.0
2022-02-07,770.75,132874.0,81449.0,776.0,87647.0,60087.0
2022-02-08,778.75,118491.0,99517.0,783.5,96397.0,71102.0
2022-02-09,784.5,108430.0,100108.0,788.5,110293.0,76934.0
2022-02-10,771.0,96164.0,95102.0,778.25,124213.0,66745.0
2022-02-11,796.0,82082.0,101599.0,798.0,137710.0,71536.0
2022-02-14,800.25,77622.0,69676.0,808.0,143714.0,52492.0
2022-02-15,777.25,71359.0,55714.0,781.0,147941.0,47667.0
2022-02-16,778.5,66387.0,33006.0,786.0,151376.0,35893.0
2022-02-17,796.25,59534.0,47683.0,801.75,154039.0,55019.0
2022-02-18,794.5,43753.0,43499.0,797.25,158609.0,55415.0
2022-02-22,839.25,24989.0,47217.0,848.25,166124.0,101329.0
2022-02-23,873.75,15373.0,28032.0,885.25,171454.0,98777.0
2022-02-24,880.0,5650.0,26655.0,922.5,169393.0,112029.0
2022-02-25,775.0,1008.0,8868.0,859.75,164696.0,108712.0
2022-02-28,775.0,699.0,1092.0,934.5,165555.0,107828.0
2022-03-01,746.75,466.0,507.0,984.0,164343.0,51215.0
2022-03-02,746.75,396.0,458.0,1059.0,157567.0,103797.0
2022-03-03,1111.25,293.0,374.0,1134.0,154338.0,88004.0
2022-03-04,1207.25,208.0,147.0,1209.0,151385.0,35941.0
2022-03-07,746.75,101.0,79.0,1294.0,146924.0,39528.0
2022-03-08,746.0,65.0,29.0,1250.0,143339.0,133198.0
2022-03-09,746.0,45.0,5.0,1200.0,143813.0,55905.0
2022-03-10,746.0,6.0,6.0,1078.0,138399.0,73591.0
2022-03-11,746.0,5.0,10.0,1107.0,133512.0,48921.0
2022-03-14,,15.0,15.0,1090.25,132584.0,38656.0
2022-03-15,1155.0,132069.0,30964.0,1127.0,95596.0,25104.0
2022-03-16,1070.0,129211.0,37914.0,1043.0,96660.0,28632.0
2022-03-17,1092.0,129623.0,31158.0,1066.0,97312.0,24481.0
2022-03-18,1058.0,128673.0,19393.0,1036.0,97621.0,16618.0
2022-03-21,1120.0,130615.0,37035.0,1094.0,97793.0,27587.0
2022-03-22,1118.75,130265.0,29006.0,1109.25,99349.0,21914.0
2022-03-23,1106.0,130956.0,24464.0,1086.5,98411.0,17801.0
2022-03-24,1085.5,130726.0,22420.0,1068.0,98144.0,17783.0
2022-03-25,1085.0,127799.0,27912.0,1084.0,98163.0,19380.0
2022-03-28,1060.0,126535.0,26162.0,1037.75,99864.0,23745.0
2022-03-29,1010.25,124312.0,45986.0,983.0,100457.0,32890.0
2022-03-30,1029.5,123031.0,26336.0,1036.0,103492.0,25245.0
2022-03-31,1006.0,121869.0,36848.0,1000.0,104339.0,28550.0
2022-04-01,987.0,120038.0,33853.0,981.25,106992.0,26935.0
2022-04-04,1020.0,117145.0,26349.0,1005.75,110337.0,27425.0
2022-04-05,1036.0,114193.0,26923.0,1047.0,112111.0,29297.0
2022-04-06,1041.0,111115.0,27905.0,1035.0,115408.0,29708.0
2022-04-07,1014.0,97965.0,50501.0,1025.25,122564.0,51294.0
2022-04-08,1046.0,85110.0,47599.0,1053.25,132897.0,56103.0
2022-04-11,1079.0,68789.0,55247.0,1086.5,145174.0,74737.0
2022-04-12,1100.0,55331.0,50433.0,1101.0,153844.0,63990.0
2022-04-13,1115.0,44165.0,53460.0,1116.0,163288.0,77569.0
2022-04-14,1095.75,41144.0,20653.0,1101.5,165696.0,40270.0
2022-04-18,1117.5,37333.0,13169.0,1128.0,169129.0,36326.0
2022-04-19,1096.0,32310.0,18099.0,1108.5,170529.0,37432.0
2022-04-20,1085.75,29756.0,15110.0,1101.25,171076.0,39368.0
2022-04-21,1060.0,27260.0,11174.0,1076.25,172771.0,34511.0
2022-04-22,1056.25,17660.0,15258.0,1073.0,174632.0,33181.0
2022-04-25,1060.0,13140.0,12075.0,1072.5,175523.0,37728.0
2022-04-26,1065.0,9611.0,9543.0,1092.5,177357.0,34264.0
2022-04-27,1069.0,6254.0,7092.0,1091.0,179732.0,26721.0
2022-04-28,1071.5,1807.0,6965.0,1088.25,179341.0,28927.0
2022-04-29,1040.0,1758.0,577.0,1055.75,179240.0,38162.0
2022-05-02,1018.75,792.0,341.0,1050.0,177551.0,40743.0
2022-05-03,1018.75,561.0,177.0,1047.0,177503.0,31317.0
2022-05-04,1018.75,394.0,288.0,1077.0,176561.0,44200.0
2022-05-05,1008.0,407.0,184.0,1101.0,175570.0,47812.0
2022-05-06,1008.0,298.0,68.0,1103.5,170909.0,39579.0
2022-05-09,1008.0,318.0,92.0,1089.0,167399.0,37350.0
2022-05-10,1008.0,241.0,42.0,1094.25,164283.0,30020.0
2022-05-11,1008.0,167.0,53.0,1112.5,162314.0,34004.0
2022-05-12,950.0,27.0,157.0,1173.0,162546.0,55767.0
2022-05-13,,1.0,1.0,1179.0,162595.0,35248.0
2022-05-16,1247.5,162789.0,53773.0,1251.0,56734.0,29418.0
2022-05-17,1279.0,165820.0,73671.0,1263.0,59060.0,29879.0
2022-05-18,1231.0,164811.0,57090.0,1213.0,59604.0,19199.0
2022-05-19,1203.0,165139.0,54778.0,1193.0,60227.0,19256.0
2022-05-20,1171.75,162373.0,40065.0,1170.0,61091.0,13598.0
2022-05-23,1192.0,163968.0,38143.0,1198.0,60982.0,16382.0
2022-05-24,1155.75,159664.0,52749.0,1160.0,62649.0,22375.0
2022-05-25,1147.75,157903.0,51657.0,1145.0,63796.0,21375.0
2022-05-26,1141.25,157244.0,38507.0,1152.0,65400.0,14784.0
2022-05-27,1157.5,155827.0,25544.0,1166.25,66232.0,8384.0
2022-05-31,1087.5,153215.0,68159.0,1097.5,68658.0,34185.0
2022-06-01,1041.75,147634.0,81448.0,1042.5,71859.0,37376.0
2022-06-02,1061.5,140791.0,58137.0,1072.75,74587.0,30486.0
2022-06-03,1040.0,137598.0,40835.0,1046.5,77180.0,17958.0
2022-06-06,1098.75,130792.0,60711.0,1080.0,78735.0,30309.0
2022-06-07,1073.25,118995.0,84918.0,1075.0,87869.0,60043.0
2022-06-08,1074.25,105752.0,68009.0,1085.5,97890.0,50986.0
2022-06-09,1071.5,93618.0,70950.0,1077.5,105927.0,55224.0
2022-06-10,1071.25,80897.0,62709.0,1085.0,114719.0,49930.0
2022-06-13,1067.75,75077.0,62605.0,1075.5,124802.0,49270.0
2022-06-14,1054.25,70923.0,34011.0,1070.25,127312.0,29621.0
2022-06-15,1050.0,64820.0,32823.0,1063.0,128555.0,27856.0
2022-06-16,1078.0,57092.0,38169.0,1085.0,132153.0,31896.0
2022-06-17,1031.25,51002.0,42369.0,1044.25,132858.0,35631.0
2022-06-21,975.0,44796.0,54693.0,990.0,136466.0,57056.0
2022-06-22,972.0,41444.0,35050.0,989.0,137994.0,51781.0
2022-06-23,938.75,38858.0,32876.0,949.0,140194.0,46898.0
2022-06-24,924.0,26224.0,28752.0,936.0,141780.0,43179.0
2022-06-27,901.0,17134.0,26815.0,914.5,143578.0,48106.0
2022-06-28,901.0,8665.0,23635.0,934.0,143377.0,53518.0
2022-06-29,906.0,3682.0,12305.0,932.75,147220.0,50777.0
2022-06-30,852.0,1364.0,2286.0,888.75,144586.0,70148.0
2022-07-01,788.75,459.0,419.0,840.25,146752.0,54111.0
2022-07-05,,395.0,76.0,806.75,144599.0,55014.0
2022-07-06,,362.0,384.0,805.25,144741.0,57720.0
2022-07-07,,201.0,187.0,837.25,144020.0,49291.0
2022-07-08,,143.0,110.0,890.0,141363.0,51844.0
2022-07-11,,81.0,102.0,855.25,141282.0,51969.0
2022-07-12,777.5,85.0,70.0,814.0,139497.0,50490.0
2022-07-13,,27.0,30.0,814.25,139123.0,49075.0
2022-07-14,,37.0,41.0,797.0,137591.0,53660.0
2022-07-15,777.0,135945.0,44621.0,785.0,75974.0,26543.0
2022-07-18,805.25,134718.0,42326.0,823.0,75349.0,20925.0
2022-07-19,812.25,136644.0,45981.0,828.0,75090.0,23839.0
2022-07-20,824.0,138061.0,38891.0,830.0,74848.0,19025.0
2022-07-21,800.0,140592.0,43046.0,814.0,76443.0,21441.0
2022-07-22,753.0,141249.0,66188.0,771.75,79518.0,35941.0
2022-07-25,765.25,138744.0,47491.0,790.0,80690.0,25398.0
2022-07-26,803.5,133736.0,43798.0,817.0,84017.0,23204.0
2022-07-27,785.25,132947.0,41494.0,804.0,87196.0,21630.0
2022-07-28,816.0,130794.0,37417.0,832.5,89901.0,18989.0
2022-07-29,800.25,129676.0,47268.0,821.0,91548.0,29489.0
2022-08-01,797.0,129214.0,41076.0,805.0,93414.0,23951.0
2022-08-02,772.0,128065.0,47230.0,793.0,96766.0,27726.0
2022-08-03,766.0,127081.0,51385.0,780.0,97281.0,39543.0
2022-08-04,781.0,125929.0,46769.0,798.0,101051.0,36121.0
2022-08-05,771.75,117884.0,51597.0,790.0,105391.0,42654.0
2022-08-08,779.0,108873.0,64408.0,799.0,114888.0,57300.0
2022-08-09,781.0,100437.0,59015.0,795.25,124151.0,53282.0
2022-08-10,797.75,91187.0,68225.0,819.0,130516.0,58781.0
2022-08-11,809.25,79848.0,63667.0,825.0,140991.0,56704.0
2022-08-12,795.25,75877.0,40652.0,810.75,142109.0,38724.0
2022-08-15,797.5,68587.0,29781.0,811.5,144539.0,30285.0
2022-08-16,785.25,63625.0,25480.0,802.75,148294.0,30847.0
2022-08-17,760.5,60867.0,29954.0,780.0,153134.0,44191.0
2022-08-18,732.0,58127.0,38267.0,750.0,157742.0,60666.0
2022-08-19,752.5,57209.0,18896.0,771.0,157250.0,40655.0
2022-08-22,767.75,52842.0,22523.0,781.25,158835.0,44625.0
2022-08-23,781.0,47466.0,26881.0,797.5,160874.0,53387.0
2022-08-24,792.5,42950.0,23598.0,813.25,161623.0,48931.0
2022-08-25,765.0,37537.0,18247.0,795.0,161350.0,48165.0
2022-08-26,789.75,21156.0,28064.0,805.25,163586.0,56544.0
2022-08-29,811.75,9238.0,23866.0,840.0,166031.0,73912.0
2022-08-30,790.0,2119.0,12216.0,820.0,169195.0,59308.0
2022-08-31,780.25,1255.0,1705.0,826.25,169470.0,49675.0
2022-09-01,705.0,747.0,1046.0,793.75,168173.0,57932.0
2022-09-02,705.0,474.0,440.0,806.0,166867.0,35504.0
2022-09-06,,398.0,386.0,817.0,167118.0,36892.0
2022-09-07,,353.0,389.0,844.0,167836.0,84918.0
2022-09-08,,320.0,306.0,829.0,164813.0,52459.0
2022-09-09,,64.0,40.0,869.0,165800.0,54262.0
2022-09-12,,47.0,54.0,858.0,162491.0,60220.0
2022-09-13,,30.0,31.0,863.0,159645.0,51520.0
2022-09-14,,31.0,33.0,874.0,157188.0,45623.0
2022-09-15,843.0,157362.0,52974.0,855.0,51083.0,12566.0
2022-09-16,858.0,155291.0,47239.0,850.0,49938.0,11713.0
2022-09-19,829.75,155233.0,46375.0,839.25,50208.0,8891.0
2022-09-20,889.0,154338.0,72771.0,895.0,49628.0,18058.0
2022-09-21,891.0,154046.0,91297.0,901.25,50572.0,29446.0
2022-09-22,907.5,155439.0,59590.0,916.5,53197.0,19088.0
2022-09-23,875.75,150798.0,54237.0,885.25,53573.0,14716.0
2022-09-26,862.0,147158.0,48793.0,867.0,54233.0,10209.0
2022-09-27,880.0,147605.0,48803.0,870.5,55533.0,13244.0
2022-09-28,900.0,150424.0,51296.0,901.0,57103.0,11968.0
2022-09-29,898.5,147555.0,41358.0,895.75,56869.0,10472.0
2022-09-30,920.0,147085.0,78137.0,925.0,58096.0,20195.0
2022-10-03,912.0,144541.0,52399.0,916.75,59331.0,16839.0
2022-10-04,903.0,141687.0,50521.0,911.5,58848.0,17118.0
2022-10-05,903.75,140553.0,39955.0,915.0,59685.0,11138.0
2022-10-06,881.75,140658.0,46423.0,884.5,61807.0,15329.0
2022-10-07,881.75,140592.0,38141.0,886.25,63709.0,13469.0
2022-10-10,933.5,140502.0,77244.0,944.0,66098.0,24544.0
2022-10-11,902.0,140784.0,65146.0,909.25,69051.0,27100.0
2022-10-12,884.0,138546.0,44744.0,899.0,70297.0,18442.0
2022-10-13,892.5,136985.0,63574.0,903.0,72062.0,18010.0
2022-10-14,859.5,136001.0,45071.0,873.25,72497.0,14941.0
2022-10-17,861.0,133671.0,42651.0,878.75,70841.0,15098.0
2022-10-18,850.5,133754.0,46278.0,865.0,73031.0,17084.0
2022-10-19,836.25,133389.0,39811.0,859.5,72320.0,12244.0
2022-10-20,845.25,134812.0,34078.0,861.0,73435.0,13960.0
2022-10-21,847.25,132890.0,41911.0,873.0,74270.0,12134.0
2022-10-24,838.75,132820.0,38013.0,855.0,76612.0,14549.0
2022-10-25,832.75,136354.0,40775.0,851.0,79044.0,18365.0
2022-10-26,842.25,135040.0,39250.0,853.0,79045.0,14739.0
2022-10-27,838.0,137317.0,36089.0,855.5,78935.0,16949.0
2022-10-28,829.25,139484.0,33954.0,842.25,79293.0,12198.0
2022-10-31,882.0,134913.0,98975.0,893.0,79730.0,42531.0
2022-11-01,895.0,135745.0,74354.0,891.0,82660.0,32725.0
2022-11-02,844.75,136005.0,96131.0,861.5,86862.0,40103.0
2022-11-03,842.0,133813.0,48030.0,855.0,88933.0,22680.0
2022-11-04,847.75,131796.0,43974.0,866.0,90492.0,21249.0
2022-11-07,841.75,127550.0,76862.0,863.0,97316.0,54378.0
2022-11-08,828.0,121241.0,72922.0,844.0,103445.0,47029.0
2022-11-09,806.75,114707.0,95226.0,827.25,111326.0,71370.0
2022-11-10,800.0,106014.0,77215.0,824.0,119280.0,59612.0
2022-11-11,813.0,95492.0,75488.0,837.0,129358.0,59421.0
2022-11-14,817.75,86285.0,45112.0,839.0,131474.0,34720.0
2022-11-15,829.0,80370.0,73685.0,842.5,135836.0,57924.0
2022-11-16,814.75,72163.0,48018.0,831.5,138076.0,42865.0
2022-11-17,807.0,69596.0,40772.0,825.0,142134.0,35732.0
2022-11-18,800.0,65811.0,30557.0,817.0,145765.0,33902.0
2022-11-21,797.5,60247.0,32913.0,816.5,152622.0,37878.0
2022-11-22,790.0,55977.0,22214.0,810.25,156833.0,36917.0
2022-11-23,788.5,50035.0,21445.0,809.0,160036.0,42850.0
2022-11-25,770.0,32877.0,22496.0,792.0,160693.0,34408.0
2022-11-28,751.75,12537.0,41776.0,783.0,163551.0,76464.0
2022-11-29,750.0,2317.0,16739.0,782.0,166093.0,51018.0
2022-11-30,750.0,1142.0,2247.0,795.5,167286.0,45182.0
2022-12-01,750.0,867.0,841.0,784.25,169705.0,41085.0
2022-12-02,730.5,659.0,516.0,762.0,173548.0,50916.0
2022-12-05,,305.0,129.0,741.0,178647.0,51514.0
2022-12-06,,397.0,236.0,729.0,184018.0,52137.0
2022-12-07,,511.0,409.0,749.5,182536.0,50433.0
2022-12-08,,346.0,232.0,749.5,181626.0,35604.0
2022-12-09,,237.0,53.0,732.75,182353.0,32511.0
2022-12-12,,250.0,262.0,755.25,178961.0,49826.0
2022-12-13,,100.0,103.0,749.0,175265.0,49908.0
2022-12-14,,72.0,72.0,751.0,174111.0,41587.0
2022-12-15,757.5,172415.0,51207.0,751.25,52922.0,12549.0
2022-12-16,756.0,169963.0,32613.0,755.0,52977.0,12319.0
2022-12-19,748.5,168132.0,39778.0,746.75,53153.0,13677.0
2022-12-20,749.0,166312.0,38339.0,753.5,54789.0,13097.0
2022-12-21,767.5,164409.0,52904.0,768.0,55900.0,16657.0
2022-12-22,763.0,165396.0,34649.0,765.25,57565.0,10829.0
2022-12-23,775.75,164179.0,25952.0,765.25,58168.0,7357.0
2022-12-27,776.0,161290.0,28358.0,761.5,58269.0,5498.0
2022-12-28,784.0,161815.0,33179.0,792.25,59091.0,8547.0
2022-12-29,773.5,162893.0,35941.0,776.75,60349.0,7802.0
2022-12-30,790.75,159688.0,34784.0,778.0,60744.0,8868.0
2023-01-03,779.25,158496.0,50138.0,777.75,59344.0,13042.0
2023-01-04,747.0,160691.0,51975.0,751.0,58830.0,14983.0
2023-01-05,746.25,160588.0,36793.0,746.5,58838.0,10767.0
2023-01-06,742.0,159473.0,28671.0,750.0,58721.0,8682.0
2023-01-09,740.5,158647.0,45486.0,748.25,57798.0,13308.0
2023-01-10,728.75,160643.0,59339.0,736.0,56883.0,17409.0
2023-01-11,738.25,161419.0,37156.0,738.0,58180.0,14630.0
2023-01-12,745.0,162660.0,64694.0,736.75,58804.0,24301.0
2023-01-13,742.0,160222.0,34226.0,742.5,59911.0,17563.0
2023-01-17,749.75,158076.0,48648.0,759.25,61502.0,16128.0
2023-01-18,740.5,157646.0,45150.0,748.5,62443.0,15144.0
2023-01-19,734.5,157090.0,39217.0,741.5,64093.0,16962.0
2023-01-20,741.5,157317.0,35444.0,744.0,64993.0,13418.0
2023-01-23,720.75,164859.0,63999.0,720.0,66588.0,19842.0
2023-01-24,733.0,160809.0,44243.0,740.75,67225.0,16805.0
2023-01-25,739.0,155881.0,41249.0,740.75,68421.0,17370.0
2023-01-26,750.25,153910.0,47206.0,755.0,69595.0,17989.0
2023-01-27,751.0,151303.0,41125.0,753.0,70011.0,14876.0
2023-01-30,752.5,151229.0,43812.0,763.0,73166.0,17783.0
2023-01-31,760.5,150610.0,59637.0,766.0,75280.0,23063.0
2023-02-01,757.75,146938.0,60025.0,766.0,79212.0,29211.0
2023-02-02,759.25,147820.0,59106.0,768.0,79533.0,32675.0
2023-02-03,756.0,143106.0,72367.0,767.0,80772.0,35244.0
2023-02-06,750.5,139981.0,56431.0,760.75,84342.0,28482.0
2023-02-07,749.75,134718.0,70662.0,760.0,92095.0,50522.0
2023-02-08,763.5,122647.0,90201.0,777.25,106210.0,57778.0
2023-02-09,754.75,111745.0,75196.0,763.0,116986.0,54494.0
2023-02-10,787.5,101699.0,109946.0,796.0,127971.0,72530.0
2023-02-13,789.0,91539.0,88266.0,795.75,136795.0,65724.0
2023-02-14,786.25,83040.0,64638.0,796.75,146959.0,60596.0
2023-02-15,769.25,75349.0,55479.0,779.75,152555.0,56909.0
2023-02-16,765.0,67416.0,34054.0,774.75,154373.0,35373.0
2023-02-17,764.5,58886.0,32055.0,776.25,158848.0,37232.0
2023-02-21,750.0,44940.0,49781.0,761.5,166717.0,67049.0
2023-02-22,736.75,36973.0,38925.0,748.5,169159.0,68504.0
2023-02-23,737.5,26859.0,29844.0,751.0,165585.0,65535.0
2023-02-24,707.5,15052.0,29656.0,717.5,171022.0,86161.0
2023-02-27,,2639.0,24587.0,711.75,178689.0,81173.0
2023-02-28,,1393.0,1970.0,706.25,183862.0,57464.0
2023-03-01,,820.0,213.0,713.0,187478.0,55837.0
2023-03-02,696.75,755.0,170.0,712.75,189571.0,50799.0
2023-03-03,,147.0,132.0,710.25,193458.0,41608.0
2023-03-06,,33.0,20.0,696.0,196206.0,48629.0
2023-03-07,,64.0,64.0,697.0,196773.0,46818.0
2023-03-08,,40.0,30.0,688.25,197447.0,58631.0
2023-03-09,,47.0,42.0,665.0,203415.0,79762.0
2023-03-10,,38.0,42.0,681.75,201230.0,56324.0
2023-03-13,,33.0,30.0,682.0,196294.0,78534.0
2023-03-14,,39.0,35.0,695.25,191993.0,57958.0
2023-03-15,704.0,187819.0,50727.0,708.0,102759.0,24027.0
2023-03-16,697.5,185360.0,43894.0,702.25,101165.0,15605.0
2023-03-17,708.5,184497.0,58006.0,713.5,98375.0,26693.0
2023-03-20,700.0,184129.0,61276.0,703.0,99802.0,30151.0
2023-03-21,681.25,185730.0,68061.0,692.5,102383.0,30026.0
2023-03-22,663.0,191255.0,89216.0,674.5,106195.0,40426.0
2023-03-23,658.5,193517.0,56070.0,671.0,108363.0,27810.0
2023-03-24,689.5,185837.0,114498.0,688.0,105724.0,52972.0
2023-03-27,698.0,184433.0,58958.0,708.0,107319.0,25538.0
2023-03-28,698.25,181145.0,51076.0,706.25,107226.0,23356.0
2023-03-29,705.5,179889.0,77189.0,711.5,107701.0,34255.0
2023-03-30,691.25,179012.0,45510.0,702.5,110451.0,26666.0
2023-03-31,691.25,175333.0,58011.0,702.5,112773.0,31371.0
2023-04-03,695.0,173402.0,51071.0,705.25,114001.0,34632.0
2023-04-04,691.25,170404.0,44904.0,702.5,116228.0,28667.0
2023-04-05,680.75,172227.0,56289.0,695.0,121524.0,36939.0
2023-04-06,674.0,170593.0,55620.0,683.0,122657.0,39500.0
2023-04-07,674.0,170593.0,,683.0,122657.0,
2023-04-10,679.25,158037.0,67549.0,681.0,125527.0,55582.0
2023-04-11,674.0,144037.0,114948.0,683.25,145362.0,95359.0
2023-04-12,678.5,124742.0,111542.0,685.0,153037.0,105265.0
2023-04-13,666.5,104715.0,91658.0,674.75,170015.0,88565.0
2023-04-14,684.25,91650.0,81450.0,690.0,184255.0,78884.0
2023-04-17,694.75,78609.0,71093.0,707.0,187637.0,74507.0
2023-04-18,697.25,68651.0,44586.0,705.0,190499.0,60095.0
2023-04-19,680.75,61947.0,31370.0,691.25,194301.0,52042.0
2023-04-20,667.25,54506.0,36941.0,678.0,197120.0,56696.0
2023-04-21,661.5,40556.0,34367.0,676.0,206646.0,61307.0
2023-04-24,643.25,29683.0,25969.0,656.0,209430.0,74613.0
2023-04-25,638.0,17390.0,26652.0,653.0,212364.0,85290.0
2023-04-26,625.25,9626.0,18041.0,643.75,215776.0,63261.0
2023-04-27,535.0,1840.0,18402.0,629.75,220221.0,88176.0
2023-04-28,620.0,1025.0,1022.0,632.75,221337.0,61854.0
2023-05-01,601.5,830.0,1106.0,619.0,226874.0,62946.0
2023-05-02,510.0,398.0,406.0,609.75,229505.0,64269.0
2023-05-03,510.0,308.0,352.0,640.25,226601.0,98282.0
2023-05-04,510.0,177.0,187.0,644.25,222236.0,72438.0
2023-05-05,510.0,102.0,78.0,658.5,219203.0,70364.0
2023-05-08,,27.0,24.0,653.25,214883.0,62820.0
2023-05-09,,15.0,8.0,644.0,213610.0,59773.0
2023-05-10,,50.0,42.0,640.0,211266.0,59987.0
2023-05-11,,22.0,22.0,627.0,213639.0,53457.0
2023-05-12,,65.0,66.0,634.5,214200.0,74154.0
2023-05-15,663.0,210644.0,67502.0,674.25,67422.0,19541.0
2023-05-16,647.0,210578.0,62562.0,652.5,68212.0,23746.0
2023-05-17,623.5,211775.0,98456.0,628.75,66534.0,31650.0
2023-05-18,611.0,212456.0,59509.0,624.5,66753.0,18294.0
2023-05-19,605.5,213197.0,62743.0,614.0,68584.0,21602.0
2023-05-22,606.0,212803.0,60942.0,610.0,71146.0,23664.0
2023-05-23,622.0,213430.0,57431.0,627.0,72087.0,17104.0
2023-05-24,606.0,215663.0,61465.0,610.0,73830.0,19053.0
2023-05-25,605.0,215594.0,53306.0,616.25,77287.0,18858.0
2023-05-26,616.75,210664.0,48350.0,621.0,79590.0,19658.0
2023-05-30,591.0,212205.0,74481.0,604.0,79691.0,32921.0
2023-05-31,593.25,207595.0,73773.0,611.0,80587.0,29651.0
2023-06-01,610.75,201422.0,80028.0,609.75,82799.0,34522.0
2023-06-02,620.0,198736.0,69362.0,633.0,85926.0,26527.0
2023-06-05,623.75,195652.0,69485.0,636.25,87501.0,29659.0
2023-06-06,627.0,197043.0,113883.0,636.5,91843.0,62270.0
2023-06-07,616.25,179671.0,89270.0,626.0,100074.0,48479.0
2023-06-08,625.5,170063.0,98911.0,638.25,107698.0,69601.0
2023-06-09,630.0,152384.0,113037.0,635.75,114199.0,86367.0
2023-06-12,634.0,135985.0,91968.0,645.25,124455.0,61301.0
2023-06-13,637.0,119912.0,106163.0,648.0,134365.0,69668.0
2023-06-14,629.75,109986.0,70761.0,641.25,141131.0,57053.0
2023-06-15,661.0,100513.0,72093.0,667.5,143398.0,57069.0
2023-06-16,686.5,87511.0,99940.0,690.0,142622.0,85155.0
2023-06-20,693.5,73008.0,76040.0,696.75,144608.0,68485.0
2023-06-21,734.0,64518.0,59228.0,746.75,145527.0,72233.0
2023-06-22,739.0,55987.0,49752.0,750.0,144176.0,74960.0
2023-06-23,730.5,32980.0,52472.0,740.0,144025.0,81324.0
2023-06-26,721.75,23185.0,37363.0,735.25,145593.0,95716.0
2023-06-27,682.75,16426.0,21844.0,699.0,141166.0,73256.0
2023-06-28,625.25,8595.0,19744.0,669.0,143063.0,70475.0
2023-06-29,653.0,2083.0,13944.0,668.75,144683.0,57733.0
2023-06-30,625.25,1476.0,1368.0,646.0,146911.0,68030.0
2023-07-03,625.25,1200.0,694.0,639.0,150653.0,53440.0
2023-07-05,625.25,680.0,288.0,673.0,148394.0,73233.0
2023-07-06,625.25,316.0,194.0,657.0,149172.0,57251.0
2023-07-07,625.25,282.0,57.0,649.75,148309.0,48552.0
2023-07-10,625.25,265.0,23.0,645.5,149390.0,46427.0
2023-07-11,625.25,95.0,119.0,658.75,149129.0,45270.0
2023-07-12,600.0,25.0,12.0,632.75,150097.0,70490.0
2023-07-13,600.0,21.0,24.0,639.5,150341.0,63331.0
2023-07-14,,52.0,52.0,659.25,150834.0,55640.0
2023-07-17,653.0,150304.0,73578.0,671.25,88655.0,29815.0
2023-07-18,669.0,147830.0,54946.0,685.75,89020.0,24937.0
2023-07-19,721.75,143508.0,148746.0,743.5,92090.0,74828.0
2023-07-20,727.0,141840.0,136382.0,740.0,94578.0,73442.0
2023-07-21,695.25,140169.0,95069.0,718.0,97059.0,44873.0
2023-07-24,752.25,140114.0,96764.0,770.0,97913.0,54930.0
2023-07-25,760.25,135860.0,107919.0,779.5,100189.0,50436.0
2023-07-26,718.75,134946.0,105761.0,740.0,102328.0,48287.0
2023-07-27,712.5,133217.0,75102.0,735.0,102393.0,37196.0
2023-07-28,704.0,133307.0,74606.0,725.0,103916.0,39623.0
2023-07-31,665.75,131458.0,104577.0,692.0,105518.0,66907.0
2023-08-01,652.0,131326.0,69422.0,679.0,109534.0,42325.0
2023-08-02,639.75,132801.0,90376.0,669.0,111884.0,48744.0
2023-08-03,627.0,135053.0,65703.0,654.0,114493.0,44501.0
2023-08-04,635.25,135007.0,70991.0,659.75,117856.0,48924.0
2023-08-07,656.0,122831.0,104532.0,677.25,127617.0,78445.0
2023-08-08,653.0,114354.0,81628.0,679.0,133974.0,60298.0
2023-08-09,635.0,105048.0,70504.0,662.25,144030.0,55088.0
2023-08-10,637.5,94970.0,67426.0,662.5,152062.0,59667.0
2023-08-11,626.25,85608.0,72254.0,661.0,164315.0,67306.0
2023-08-14,613.25,81278.0,56037.0,638.0,171070.0,54594.0
2023-08-15,597.0,77313.0,52402.0,624.0,179947.0,67722.0
2023-08-16,598.0,75175.0,41338.0,620.75,187407.0,56036.0
2023-08-17,588.75,70904.0,31435.0,617.0,192033.0,44109.0
2023-08-18,613.0,66284.0,32904.0,638.0,194562.0,47725.0
2023-08-21,598.75,63121.0,24478.0,624.0,195422.0,42372.0
2023-08-22,602.0,57699.0,26011.0,628.0,200237.0,42768.0
2023-08-23,612.5,53963.0,22591.0,637.5,201801.0,42320.0
2023-08-24,603.5,47388.0,21786.0,631.0,201885.0,40837.0
2023-08-25,590.5,30334.0,28997.0,623.0,200764.0,56651.0
2023-08-28,587.75,21107.0,21644.0,616.5,205691.0,46802.0
2023-08-29,565.25,9405.0,27766.0,601.5,211442.0,68848.0
2023-08-30,518.0,3225.0,12815.0,605.75,217010.0,64121.0
2023-08-31,,1975.0,1699.0,601.5,218801.0,66515.0
2023-09-01,,666.0,725.0,596.25,222594.0,52173.0
2023-09-05,,388.0,104.0,599.0,227008.0,50088.0
2023-09-06,,300.0,309.0,609.0,225851.0,45236.0
2023-09-07,,244.0,152.0,599.0,224916.0,42727.0
2023-09-08,,202.0,50.0,594.5,226377.0,45764.0
2023-09-11,,249.0,189.0,584.5,229981.0,50810.0
2023-09-12,,83.0,167.0,586.75,232878.0,64491.0
2023-09-13,,38.0,42.0,595.25,237408.0,65351.0
2023-09-14,,95.0,95.0,593.0,237139.0,55236.0
2023-09-15,603.75,237313.0,65394.0,628.0,80486.0,25962.0
2023-09-18,589.75,240400.0,64919.0,614.0,80446.0,24242.0
2023-09-19,584.0,241633.0,58587.0,608.0,80706.0,17608.0
2023-09-20,587.5,244151.0,63637.0,615.0,81887.0,21738.0
2023-09-21,575.75,246258.0,50330.0,603.0,81639.0,14482.0
2023-09-22,578.5,246292.0,45559.0,601.25,82827.0,13784.0
2023-09-25,589.25,246208.0,44697.0,605.25,82196.0,13166.0
2023-09-26,589.0,248739.0,48882.0,610.0,81801.0,18133.0
2023-09-27,579.75,251115.0,55807.0,603.75,81011.0,19953.0
2023-09-28,579.5,253294.0,43969.0,602.5,81840.0,16596.0
2023-09-29,542.25,259398.0,123780.0,575.0,85787.0,47665.0
2023-10-02,565.5,258071.0,96364.0,589.0,87549.0,36653.0
2023-10-03,567.75,251536.0,75409.0,595.0,86002.0,34339.0
2023-10-04,559.0,250330.0,66479.0,578.25,88987.0,31511.0
2023-10-05,578.0,244317.0,69807.0,605.0,88357.0,29068.0
2023-10-06,569.0,240061.0,50140.0,595.5,87785.0,20813.0
2023-10-09,573.25,238645.0,46092.0,602.75,88222.0,18536.0
2023-10-10,558.75,238496.0,48419.0,586.75,89046.0,19643.0
2023-10-11,556.25,241618.0,43895.0,589.0,90267.0,19916.0
2023-10-12,571.75,243156.0,83008.0,591.25,92264.0,38492.0
2023-10-13,579.25,235425.0,87479.0,606.0,93107.0,44310.0
2023-10-16,578.5,230511.0,56769.0,603.25,93215.0,28165.0
2023-10-17,571.0,231011.0,53405.0,597.0,93425.0,26787.0
2023-10-18,580.25,233288.0,52739.0,605.75,95553.0,23247.0
2023-10-19,594.0,234241.0,65379.0,620.0,96640.0,26183.0
2023-10-20,583.0,228386.0,81524.0,610.5,96670.0,31900.0
2023-10-23,586.0,228533.0,48387.0,613.0,98114.0,16609.0
2023-10-24,578.75,226723.0,47630.0,605.0,98442.0,17924.0
2023-10-25,568.0,231256.0,57951.0,597.0,100695.0,25130.0
2023-10-26,579.0,230198.0,72437.0,601.0,102653.0,32619.0
2023-10-27,575.25,229581.0,48608.0,601.0,105057.0,20243.0
2023-10-30,566.0,229406.0,60510.0,593.0,108156.0,30570.0
2023-10-31,558.0,232771.0,72016.0,583.0,109822.0,36833.0
2023-11-01,561.25,230448.0,58783.0,587.0,111234.0,29726.0
2023-11-02,564.0,224162.0,53492.0,591.0,112324.0,27786.0
2023-11-03,572.0,219871.0,41970.0,595.0,114402.0,23297.0
2023-11-06,574.5,216542.0,68699.0,601.0,120003.0,41660.0
2023-11-07,571.0,201830.0,106304.0,597.0,125331.0,78504.0
2023-11-08,589.5,176362.0,144369.0,610.5,133772.0,98360.0
2023-11-09,580.5,161417.0,85078.0,604.0,140466.0,57541.0
2023-11-10,575.0,152037.0,68735.0,599.25,153900.0,48074.0
2023-11-13,580.0,137899.0,80609.0,601.5,175474.0,70754.0
2023-11-14,572.0,125271.0,65166.0,595.25,179834.0,59709.0
2023-11-15,560.25,108268.0,83309.0,587.5,195966.0,80042.0
2023-11-16,553.5,99527.0,57404.0,580.0,206217.0,67925.0
2023-11-17,552.0,87945.0,51395.0,575.5,218159.0,63689.0
2023-11-20,543.25,79810.0,42772.0,571.0,227548.0,56489.0
2023-11-21,554.25,68908.0,43240.0,581.75,238317.0,69087.0
2023-11-22,556.75,60774.0,29106.0,583.5,240784.0,57250.0
2023-11-24,549.0,45392.0,26202.0,575.75,244835.0,45784.0
2023-11-27,532.0,28986.0,41484.0,561.0,254109.0,97007.0
2023-11-28,543.0,13165.0,31630.0,573.25,253045.0,84851.0
2023-11-29,546.75,2347.0,19771.0,585.75,254695.0,72626.0
2023-11-30,546.75,773.0,1556.0,597.5,253792.0,78520.0
2023-12-01,,414.0,665.0,602.0,254531.0,72327.0
2023-12-04,,377.0,371.0,617.75,250050.0,95896.0
2023-12-05,,334.0,582.0,630.0,244989.0,99869.0
2023-12-06,,169.0,50.0,631.75,226856.0,113132.0
2023-12-07,,159.0,93.0,642.0,212015.0,97744.0
2023-12-08,,152.0,17.0,631.75,203950.0,74699.0
2023-12-11,,241.0,198.0,610.0,198756.0,66113.0
2023-12-12,,147.0,145.0,625.0,193330.0,55336.0
2023-12-13,,217.0,214.0,606.25,194630.0,57314.0
2023-12-14,,111.0,149.0,616.25,191989.0,46870.0
2023-12-15,629.0,188020.0,52711.0,632.0,58679.0,17742.0
2023-12-18,618.25,186645.0,43591.0,628.0,60376.0,12046.0
2023-12-19,621.5,185203.0,42919.0,630.0,60282.0,11060.0
2023-12-20,610.75,185226.0,39373.0,620.0,60274.0,11831.0
2023-12-21,613.0,184824.0,33648.0,623.25,62384.0,12255.0
2023-12-22,615.25,185348.0,26134.0,625.0,62698.0,8751.0
2023-12-26,636.0,184370.0,40674.0,644.25,63971.0,16145.0
2023-12-27,624.0,182672.0,38063.0,630.5,64260.0,10282.0
2023-12-28,632.0,179955.0,32254.0,636.5,63582.0,9557.0
2023-12-29,627.5,182004.0,34752.0,635.0,63560.0,10864.0
2024-01-02,608.0,184716.0,61472.0,620.0,64717.0,21819.0
2024-01-03,602.0,187441.0,63996.0,610.5,64363.0,24189.0
2024-01-04,612.0,182916.0,63693.0,611.5,64776.0,20839.0
2024-01-05,616.75,179908.0,43101.0,625.0,64800.0,13242.0
2024-01-08,596.0,185514.0,70376.0,605.5,66777.0,22033.0
2024-01-09,609.0,179179.0,57128.0,612.5,67973.0,17932.0
2024-01-10,609.5,179429.0,40391.0,613.75,69569.0,17240.0
2024-01-11,603.5,180912.0,38907.0,615.0,71216.0,14719.0
2024-01-12,596.25,186287.0,82712.0,600.0,71658.0,31326.0
2024-01-16,581.0,192233.0,61371.0,595.75,72532.0,16807.0
2024-01-17,582.25,192693.0,69550.0,592.0,73822.0,25816.0
2024-01-18,586.0,195881.0,50947.0,593.5,75683.0,19081.0
2024-01-19,592.5,194919.0,48393.0,595.0,76637.0,20647.0
2024-01-22,595.25,194395.0,36371.0,598.0,78070.0,13280.0
2024-01-23,598.0,191712.0,42176.0,600.0,79777.0,16533.0
2024-01-24,611.25,190939.0,56703.0,618.0,79720.0,18995.0
2024-01-25,611.25,188135.0,54705.0,622.0,77511.0,24570.0
2024-01-26,601.5,191967.0,69590.0,605.0,79575.0,25919.0
2024-01-29,594.25,191700.0,41478.0,598.5,79863.0,17688.0
2024-01-30,604.5,190242.0,51993.0,609.0,83465.0,21687.0
2024-01-31,597.0,191316.0,43147.0,601.0,84986.0,19981.0
2024-02-01,601.0,189271.0,62577.0,605.5,88135.0,31098.0
2024-02-02,601.25,182399.0,66721.0,602.0,85884.0,30946.0
2024-02-05,590.75,183715.0,51236.0,599.25,88456.0,24509.0
2024-02-06,595.0,179487.0,47583.0,597.25,93522.0,27055.0
2024-02-07,600.75,166120.0,79577.0,600.25,99346.0,47155.0
2024-02-08,590.5,152739.0,78673.0,594.75,104452.0,51826.0
2024-02-09,597.5,133849.0,100815.0,600.5,116591.0,71437.0
2024-02-12,597.0,120147.0,69031.0,597.75,127625.0,56973.0
2024-02-13,598.25,100813.0,82483.0,597.0,138745.0,73747.0
2024-02-14,585.0,90134.0,84588.0,583.0,149823.0,73642.0
2024-02-15,566.0,80120.0,79696.0,566.25,158595.0,72288.0
2024-02-16,560.5,74390.0,53034.0,556.0,169167.0,62158.0
2024-02-20,581.0,61067.0,53102.0,577.5,171146.0,76260.0
2024-02-21,582.5,53609.0,35041.0,577.5,174697.0,54183.0
2024-02-22,583.25,43877.0,40227.0,579.25,180136.0,78002.0
2024-02-23,573.25,30936.0,30814.0,569.5,184261.0,56961.0
2024-02-26,576.0,20943.0,23795.0,574.0,183660.0,62214.0
2024-02-27,577.0,11959.0,15959.0,584.0,184321.0,59222.0
2024-02-28,569.0,2353.0,13393.0,576.0,189130.0,55963.0
2024-02-29,566.0,918.0,1253.0,576.0,191975.0,51085.0
2024-03-01,554.75,531.0,549.0,559.0,195824.0,68452.0
2024-03-04,554.75,145.0,113.0,563.75,196988.0,45471.0
2024-03-05,,75.0,31.0,552.0,205140.0,65812.0
2024-03-06,,197.0,206.0,532.5,207326.0,105250.0
2024-03-07,,279.0,251.0,529.0,203239.0,95285.0
2024-03-08,,50.0,15.0,538.25,202263.0,73290.0
2024-03-11,,25.0,25.0,547.5,198205.0,81244.0
2024-03-12,,27.0,40.0,549.0,196633.0,62617.0
2024-03-13,,9.0,18.0,542.75,197218.0,59143.0
2024-03-14,,11.0,15.0,533.0,200379.0,60596.0
2024-03-15,529.5,201909.0,40453.0,544.0,116539.0,23613.0
2024-03-18,542.0,200115.0,57975.0,549.25,116679.0,26805.0
2024-03-19,553.25,198110.0,52072.0,560.0,117116.0,26716.0
2024-03-20,545.75,200222.0,52836.0,560.25,117626.0,26795.0
2024-03-21,548.0,199541.0,43716.0,559.0,116071.0,22114.0
2024-03-22,556.0,200911.0,58439.0,563.0,114908.0,26685.0
2024-03-25,555.5,197949.0,63147.0,566.25,114560.0,31355.0
2024-03-26,542.75,197845.0,39839.0,558.5,114686.0,20674.0
2024-03-27,547.5,196797.0,40131.0,562.0,115982.0,25680.0
2024-03-28,561.5,192083.0,72671.0,569.75,115818.0,47656.0
2024-04-01,557.75,192898.0,43697.0,568.0,119291.0,27729.0
2024-04-02,545.25,189806.0,64529.0,560.0,123860.0,42290.0
2024-04-03,555.5,187210.0,58686.0,570.25,127298.0,34902.0
2024-04-04,556.75,179106.0,61299.0,569.5,132588.0,47055.0
2024-04-05,568.0,163145.0,106580.0,581.0,137436.0,71842.0
2024-04-08,565.75,147594.0,90126.0,578.25,144735.0,71660.0
2024-04-09,557.75,131608.0,73159.0,570.0,151309.0,56291.0
2024-04-10,558.25,114484.0,68514.0,570.0,163718.0,55959.0
2024-04-11,552.0,95230.0,73571.0,565.0,182164.0,61018.0
2024-04-12,555.25,81356.0,63720.0,566.5,187038.0,61426.0
2024-04-15,551.75,71661.0,46713.0,566.5,194545.0,48692.0
2024-04-16,550.5,64974.0,53008.0,564.0,202184.0,57614.0
2024-04-17,538.5,59404.0,38898.0,553.0,208500.0,57291.0
2024-04-18,536.75,57250.0,35421.0,551.5,211206.0,54452.0
2024-04-19,550.25,52795.0,29394.0,567.0,212355.0,50746.0
2024-04-22,570.75,46073.0,50920.0,588.0,214874.0,107776.0
2024-04-23,584.0,35381.0,42554.0,601.75,211591.0,95163.0
2024-04-24,593.0,28816.0,27546.0,613.5,212076.0,94397.0
2024-04-25,602.0,25371.0,25972.0,620.5,212061.0,96546.0
2024-04-26,598.75,10157.0,28595.0,621.25,209455.0,102785.0
2024-04-29,561.0,2494.0,17080.0,608.0,210057.0,100118.0
2024-04-30,561.0,1353.0,1411.0,604.25,207537.0,86577.0
2024-05-01,561.0,609.0,505.0,600.0,205499.0,64885.0
2024-05-02,561.0,368.0,67.0,603.0,206111.0,65654.0
2024-05-03,561.0,259.0,226.0,623.0,203462.0,96590.0
2024-05-06,561.0,184.0,148.0,645.25,202137.0,107311.0
2024-05-07,561.0,79.0,52.0,643.0,200132.0,88539.0
2024-05-08,561.0,39.0,20.0,634.25,198123.0,70498.0
2024-05-09,561.0,97.0,125.0,637.0,196498.0,62479.0
2024-05-10,561.0,62.0,57.0,661.5,201096.0,96614.0
2024-05-13,535.25,35.0,33.0,686.25,203618.0,101033.0
2024-05-14,,19.0,19.0,674.75,202015.0,86543.0
2024-05-15,666.75,200552.0,89540.0,683.0,81246.0,26187.0
2024-05-16,663.25,198065.0,68479.0,682.5,81478.0,17132.0
2024-05-17,651.0,197330.0,62410.0,670.5,81068.0,18396.0
2024-05-20,687.5,200112.0,93314.0,690.0,81745.0,33237.0
2024-05-21,698.25,198779.0,88258.0,707.0,85381.0,36780.0
2024-05-22,693.75,203377.0,89819.0,707.0,87398.0,34397.0
2024-05-23,700.0,201832.0,68180.0,718.0,88173.0,23181.0
2024-05-24,702.25,199837.0,70621.0,705.0,89743.0,24280.0
2024-05-28,702.0,200143.0,73681.0,723.0,91577.0,27411.0
2024-05-29,692.75,199052.0,63288.0,706.0,92578.0,27109.0
2024-05-30,680.25,200884.0,68977.0,692.0,95152.0,29935.0
2024-05-31,679.75,200539.0,54291.0,690.0,94723.0,24983.0
2024-06-03,673.0,196045.0,84111.0,689.0,96588.0,35459.0
2024-06-04,658.25,191385.0,82162.0,679.0,95423.0,36002.0
2024-06-05,648.0,186283.0,84832.0,664.0,96348.0,40873.0
2024-06-06,639.75,180910.0,83045.0,660.0,98046.0,38610.0
2024-06-07,626.25,164308.0,131164.0,647.0,101279.0,80587.0
2024-06-10,607.0,153766.0,119712.0,628.0,113420.0,69155.0
2024-06-11,626.0,129137.0,132289.0,645.0,112897.0,90345.0
2024-06-12,614.25,119097.0,84288.0,630.25,118377.0,57937.0
2024-06-13,618.5,109774.0,77149.0,635.0,129501.0,66238.0
2024-06-14,611.75,96585.0,73733.0,626.5,136943.0,61720.0
2024-06-17,590.75,89404.0,71030.0,605.5,146682.0,58028.0
2024-06-18,580.0,81758.0,59959.0,600.0,154513.0,61773.0
2024-06-20,570.0,71810.0,66902.0,584.5,171156.0,93729.0
2024-06-21,562.5,47416.0,67572.0,576.75,179126.0,89671.0
2024-06-24,552.25,33167.0,36639.0,571.0,187046.0,81433.0
2024-06-25,540.0,21685.0,29811.0,559.25,197170.0,85876.0
2024-06-26,539.0,13040.0,19701.0,559.0,207074.0,81213.0
2024-06-27,539.0,2680.0,18205.0,580.5,214682.0,89972.0
2024-06-28,538.0,1130.0,1450.0,575.0,217379.0,74338.0
2024-07-01,,591.0,339.0,589.25,215181.0,76771.0
2024-07-02,,394.0,283.0,581.75,213926.0,53054.0
2024-07-03,,229.0,193.0,573.5,214463.0,43946.0
2024-07-05,,167.0,127.0,591.75,212795.0,46458.0
2024-07-08,,151.0,73.0,570.0,214734.0,61332.0
2024-07-09,,119.0,49.0,572.0,212635.0,51191.0
2024-07-10,,152.0,84.0,561.25,211270.0,62795.0
2024-07-11,,28.0,30.0,571.25,203273.0,72519.0
2024-07-12,,79.0,90.0,550.75,204249.0,79921.0
2024-07-15,531.25,205449.0,76571.0,558.0,127356.0,33913.0
2024-07-16,530.0,206691.0,63371.0,555.0,128055.0,25966.0
2024-07-17,541.5,205506.0,52555.0,561.0,130594.0,19646.0
2024-07-18,534.75,207076.0,50518.0,558.0,131683.0,19795.0
2024-07-19,544.75,207303.0,67049.0,566.0,131186.0,23444.0
2024-07-22,547.75,208087.0,48547.0,569.0,130622.0,23956.0
2024-07-23,542.5,208093.0,41164.0,567.75,130748.0,18191.0
2024-07-24,547.5,204023.0,51655.0,569.25,129309.0,24442.0
2024-07-25,537.0,203950.0,44805.0,560.75,129312.0,20378.0
2024-07-26,522.75,206281.0,56593.0,547.75,132547.0,25028.0
2024-07-29,530.0,208572.0,53527.0,556.0,133052.0,23508.0
2024-07-30,522.5,209073.0,50329.0,545.0,135512.0,21840.0
2024-07-31,526.75,206636.0,60814.0,551.0,138624.0,31722.0
2024-08-01,533.0,208121.0,56989.0,555.75,141505.0,34733.0
2024-08-02,539.75,205043.0,51484.0,557.0,143775.0,28788.0
2024-08-05,540.5,200223.0,60219.0,564.0,144197.0,36822.0
2024-08-06,544.0,196816.0,59182.0,562.5,142701.0,32646.0
2024-08-07,539.0,186338.0,79911.0,563.25,141910.0,61838.0
2024-08-08,536.5,173960.0,67628.0,559.0,141680.0,56395.0
2024-08-09,542.25,159702.0,82400.0,563.0,146998.0,62029.0
2024-08-12,536.5,139908.0,84754.0,559.75,154354.0,68344.0
2024-08-13,528.75,130524.0,67772.0,551.5,163862.0,61344.0
2024-08-14,536.0,115097.0,84253.0,555.0,181710.0,83832.0
2024-08-15,527.0,104947.0,69556.0,548.5,190862.0,68365.0
2024-08-16,528.25,99683.0,52852.0,551.0,198507.0,53216.0
2024-08-19,528.25,93172.0,46025.0,551.0,203494.0,55412.0
2024-08-20,533.0,84465.0,43754.0,558.0,209511.0,56212.0
2024-08-21,520.0,77497.0,35065.0,545.5,216705.0,62326.0
2024-08-22,510.25,72183.0,44564.0,534.5,230678.0,79305.0
2024-08-23,505.0,53845.0,48966.0,530.0,236986.0,79874.0
2024-08-26,497.25,33321.0,39317.0,524.5,244275.0,77414.0
2024-08-27,507.5,19006.0,31510.0,535.0,245802.0,82483.0
2024-08-28,491.5,10068.0,19344.0,540.75,246141.0,70938.0
2024-08-29,,2266.0,12493.0,547.75,249291.0,61566.0
2024-08-30,,1408.0,830.0,551.75,247107.0,58075.0
2024-09-03,,875.0,426.0,566.25,241056.0,79150.0
2024-09-04,,758.0,156.0,580.0,232519.0,86307.0
2024-09-05,,430.0,118.0,575.0,227876.0,68217.0
2024-09-06,,22.0,429.0,566.75,223644.0,55118.0
2024-09-09,,22.0,1.0,568.0,221496.0,48300.0
2024-09-10,,20.0,7.0,573.25,219481.0,51922.0
2024-09-11,,18.0,7.0,579.25,218439.0,45116.0
2024-09-12,,,2.0,579.0,217276.0,74095.0
2024-09-13,,,,595.0,216431.0,89761.0
2024-09-16,578.0,210355.0,80580.0,586.25,80154.0,29542.0
2024-09-17,576.25,209488.0,45713.0,596.0,79818.0,16307.0
2024-09-18,576.0,209184.0,47041.0,592.0,81438.0,13786.0
2024-09-19,566.0,212165.0,51648.0,584.0,80673.0,16706.0
2024-09-20,569.5,210723.0,60486.0,584.5,80669.0,16649.0
2024-09-23,581.5,213124.0,63331.0,599.0,80178.0,20333.0
2024-09-24,578.5,213525.0,52268.0,584.0,80250.0,16580.0
2024-09-25,589.75,213852.0,52959.0,600.25,81383.0,17518.0
2024-09-26,583.25,215496.0,69058.0,604.0,85282.0,26856.0
2024-09-27,579.75,215518.0,46189.0,600.0,85755.0,12761.0
2024-09-30,583.5,215391.0,58874.0,603.75,85547.0,22544.0
2024-10-01,597.5,217196.0,84582.0,611.0,86607.0,26959.0
2024-10-02,614.25,213952.0,116431.0,620.0,90888.0,49172.0
2024-10-03,604.0,210778.0,78992.0,620.0,92983.0,33559.0
2024-10-04,590.5,210438.0,76333.0,610.0,94773.0,25791.0
2024-10-07,593.5,212195.0,55580.0,613.0,97603.0,22930.0
2024-10-08,594.75,208865.0,59037.0,615.75,100373.0,24824.0
2024-10-09,600.25,205976.0,55193.0,615.75,99732.0,23562.0
2024-10-10,602.75,201769.0,60990.0,626.0,101380.0,25984.0
2024-10-11,599.75,201616.0,75587.0,617.0,102123.0,29241.0
2024-10-14,586.5,201233.0,55970.0,606.25,102472.0,18522.0
2024-10-15,580.75,199475.0,69756.0,601.75,105227.0,32616.0
2024-10-16,584.0,196136.0,57508.0,604.25,104321.0,28571.0
2024-10-17,589.5,195022.0,75298.0,612.0,103540.0,36498.0
2024-10-18,572.5,203011.0,82026.0,595.0,104634.0,31132.0
2024-10-21,572.75,202998.0,74088.0,591.0,104244.0,28196.0
2024-10-22,576.25,203844.0,49868.0,592.0,107064.0,17946.0
2024-10-23,578.5,201918.0,57247.0,593.75,102747.0,24484.0
2024-10-24,581.75,198783.0,49883.0,592.0,103133.0,25154.0
2024-10-25,569.25,200301.0,75987.0,586.0,103822.0,23960.0
2024-10-28,558.75,203594.0,61302.0,584.0,105909.0,23511.0
2024-10-29,572.0,198443.0,67415.0,585.25,108671.0,30719.0
2024-10-30,573.25,198516.0,68179.0,591.5,110258.0,30669.0
2024-10-31,572.25,200088.0,61593.0,583.25,114128.0,24791.0
2024-11-01,567.5,200603.0,54164.0,585.0,118589.0,24352.0
2024-11-04,569.25,199822.0,55475.0,585.75,122828.0,27252.0
2024-11-05,572.25,195323.0,58641.0,583.5,130008.0,37407.0
2024-11-06,574.25,194701.0,67945.0,592.5,132879.0,33777.0
2024-11-07,571.75,185006.0,105864.0,586.25,140052.0,75597.0
2024-11-08,572.25,166499.0,112145.0,583.0,146729.0,81487.0
2024-11-11,564.75,154704.0,125709.0,580.5,153381.0,83107.0
2024-11-12,553.25,143881.0,105727.0,567.0,166681.0,82726.0
2024-11-13,541.0,132143.0,113238.0,552.0,185867.0,92342.0
2024-11-14,531.5,117860.0,89913.0,549.0,199655.0,87380.0
2024-11-15,536.75,102967.0,73593.0,553.0,209347.0,71836.0
2024-11-18,547.0,89922.0,68144.0,565.5,211039.0,71372.0
2024-11-19,549.25,78268.0,57490.0,567.25,213327.0,65946.0
2024-11-20,552.0,69319.0,41277.0,571.5,213023.0,60806.0
2024-11-21,547.5,63843.0,34966.0,568.5,217031.0,58947.0
2024-11-22,543.25,45883.0,36559.0,564.0,223197.0,61527.0
2024-11-25,536.5,26600.0,30009.0,556.5,231161.0,82115.0
2024-11-26,531.0,12784.0,34123.0,557.25,240832.0,78151.0
2024-11-27,527.0,1178.0,18864.0,548.25,247987.0,75023.0
2024-11-29,527.0,158.0,1246.0,549.25,252482.0,47678.0
2024-12-02,527.0,107.0,63.0,547.5,255273.0,53005.0
2024-12-03,527.0,91.0,47.0,548.5,254939.0,49702.0
2024-12-04,527.0,73.0,43.0,547.75,254214.0,52606.0
2024-12-05,527.0,56.0,22.0,558.25,251142.0,54473.0
2024-12-06,527.0,46.0,27.0,556.0,250669.0,55782.0
2024-12-09,527.0,42.0,10.0,558.25,246600.0,49713.0
2024-12-10,527.0,19.0,2.0,561.75,247670.0,50264.0
2024-12-11,527.0,21.0,56.0,562.25,244167.0,55240.0
2024-12-12,527.0,17.0,24.0,558.75,245152.0,52473.0
2024-12-13,,13.0,13.0,551.75,247612.0,49134.0
2024-12-16,550.0,250282.0,68005.0,567.5,81046.0,23772.0
2024-12-17,545.0,259005.0,72661.0,551.0,80725.0,22788.0
2024-12-18,541.25,259120.0,63252.0,550.25,80543.0,17523.0
2024-12-19,532.25,268437.0,87290.0,541.0,82112.0,23547.0
2024-12-20,532.5,266944.0,55084.0,540.0,83661.0,17389.0
2024-12-23,540.25,262711.0,57507.0,550.0,84324.0,15582.0
2024-12-24,535.0,265115.0,25215.0,543.0,84965.0,9181.0
2024-12-26,541.5,265798.0,28461.0,550.0,86465.0,10550.0
2024-12-27,547.25,264107.0,43052.0,548.0,86869.0,12185.0
2024-12-30,548.25,260525.0,46874.0,555.75,87209.0,14401.0
2024-12-31,551.25,258357.0,33827.0,555.75,87262.0,8681.0
2025-01-02,545.5,260031.0,44332.0,555.5,88156.0,17628.0
2025-01-03,528.5,266751.0,87535.0,541.0,90063.0,28566.0
2025-01-06,540.0,260153.0,64942.0,551.0,91438.0,17914.0
2025-01-07,543.0,258125.0,46902.0,549.0,92593.0,13514.0
2025-01-08,535.25,258542.0,58097.0,546.0,92854.0,26640.0
2025-01-09,532.75,260592.0,45711.0,546.25,94885.0,18300.0
2025-01-10,529.75,260936.0,104604.0,538.0,95609.0,48835.0
2025-01-13,545.75,255376.0,84277.0,557.0,96552.0,25937.0
2025-01-14,546.75,246599.0,70102.0,555.0,96957.0,22740.0
2025-01-15,547.0,242045.0,56045.0,556.0,98275.0,20317.0
2025-01-16,537.5,239459.0,52990.0,548.0,99809.0,15256.0
2025-01-17,539.0,241202.0,50291.0,548.5,101259.0,17032.0
2025-01-21,558.5,235904.0,112879.0,566.0,101411.0,35760.0
2025-01-22,553.75,232880.0,91512.0,565.25,101500.0,31945.0
2025-01-23,554.75,231628.0,64143.0,565.0,102288.0,21671.0
2025-01-24,544.0,237695.0,81676.0,558.75,103056.0,30423.0
2025-01-27,536.0,245699.0,68354.0,546.25,105788.0,27833.0
2025-01-28,544.75,241179.0,77116.0,556.5,107636.0,36377.0
2025-01-29,561.0,231954.0,90600.0,570.0,108830.0,36447.0
2025-01-30,566.0,227294.0,96799.0,577.0,106238.0,40219.0
2025-01-31,560.25,218546.0,87916.0,568.0,102374.0,35782.0
2025-02-03,566.5,214985.0,90750.0,577.25,107643.0,43661.0
2025-02-04,577.5,210139.0,89542.0,588.75,111033.0,45596.0
2025-02-05,571.5,201489.0,108673.0,581.0,120747.0,57580.0
2025-02-06,587.75,195288.0,109406.0,599.0,124252.0,54080.0
2025-02-07,582.0,175183.0,106334.0,596.0,128248.0,78311.0
2025-02-10,579.0,158642.0,105426.0,589.0,137783.0,78075.0
2025-02-11,576.75,137730.0,110234.0,590.0,150200.0,86313.0
2025-02-12,574.25,119171.0,113048.0,586.0,162694.0,87338.0
2025-02-13,577.25,108034.0,91309.0,591.75,175384.0,76612.0
2025-02-14,601.5,99753.0,103503.0,610.0,179475.0,83063.0
2025-02-18,606.0,86381.0,93045.0,617.75,183383.0,95074.0
2025-02-19,592.0,70652.0,64134.0,606.25,187793.0,77008.0
2025-02-20,585.25,63920.0,37056.0,600.0,193462.0,56780.0
2025-02-21,590.0,39324.0,35193.0,604.25,199853.0,56637.0
2025-02-24,579.0,28463.0,27710.0,593.5,204167.0,73404.0
2025-02-25,574.0,17009.0,30844.0,588.75,209227.0,84449.0
2025-02-26,562.0,6999.0,23733.0,579.0,217657.0,75490.0
2025-02-27,545.0,820.0,9609.0,562.75,230620.0,87517.0
2025-02-28,527.0,386.0,551.0,555.25,228864.0,69273.0
2025-03-03,515.0,134.0,77.0,547.5,231243.0,89699.0
2025-03-04,,76.0,30.0,537.75,237370.0,112381.0
2025-03-05,,73.0,2.0,548.75,239248.0,84227.0
2025-03-06,,74.0,8.0,553.25,234859.0,84193.0
2025-03-07,,76.0,13.0,552.0,237219.0,57242.0
2025-03-10,,65.0,12.0,562.75,231078.0,74007.0
2025-03-11,,54.0,16.0,556.25,229761.0,51176.0
2025-03-12,,41.0,3.0,554.5,233416.0,70697.0
2025-03-13,,5.0,15.0,561.75,225149.0,76176.0
2025-03-14,,9.0,9.0,557.5,227973.0,60916.0
2025-03-17,568.5,219794.0,78721.0,582.75,114382.0,37100.0
2025-03-18,564.0,220071.0,64451.0,580.0,116889.0,26694.0
2025-03-19,563.75,219416.0,62175.0,578.0,118077.0,24241.0
2025-03-20,556.5,221866.0,62329.0,572.0,117809.0,30256.0
2025-03-21,558.0,222236.0,47008.0,574.25,117897.0,19378.0
2025-03-24,547.5,224088.0,53647.0,564.0,120795.0,26881.0
2025-03-25,543.75,222807.0,57054.0,558.0,121429.0,30182.0
2025-03-26,535.5,223652.0,57623.0,550.75,122098.0,32258.0
2025-03-27,531.5,229564.0,73561.0,547.25,123162.0,37395.0
2025-03-28,528.5,231340.0,81818.0,542.0,130986.0,50979.0
2025-03-31,537.5,229178.0,83018.0,549.0,132346.0,43132.0
2025-04-01,540.0,223854.0,62409.0,551.0,135709.0,34956.0
2025-04-02,537.75,221267.0,58991.0,547.0,138165.0,33674.0
2025-04-03,537.0,219525.0,80918.0,550.0,137336.0,44067.0
2025-04-04,529.75,218016.0,82626.0,535.0,141402.0,45232.0
2025-04-07,536.5,204221.0,96849.0,546.0,141350.0,65822.0
2025-04-08,539.75,187768.0,92716.0,550.0,152043.0,75300.0
2025-04-09,542.25,171164.0,85229.0,550.0,165727.0,69007.0
2025-04-10,537.5,157869.0,112107.0,551.0,179053.0,101075.0
2025-04-11,555.0,120298.0,123039.0,566.0,199749.0,101082.0
2025-04-14,546.75,110172.0,78608.0,560.0,212729.0,75761.0
2025-04-15,542.0,95951.0,65960.0,555.25,219639.0,68274.0
2025-04-16,547.5,82490.0,59640.0,559.0,228094.0,70926.0
2025-04-17,548.5,73686.0,40697.0,561.0,231788.0,52316.0
2025-04-21,538.75,70010.0,24733.0,553.0,236319.0,41091.0
2025-04-22,534.5,61349.0,31592.0,550.0,239535.0,62532.0
2025-04-23,528.0,53002.0,29029.0,544.0,243059.0,51818.0
2025-04-24,529.0,46229.0,25897.0,544.25,250521.0,61550.0
2025-04-25,529.75,28540.0,30800.0,544.5,256848.0,54385.0
2025-04-28,510.0,13325.0,32411.0,531.5,265742.0,99543.0
2025-04-29,515.0,1290.0,20109.0,524.75,273972.0,77071.0
2025-04-30,,714.0,1204.0,531.75,269587.0,87618.0
2025-05-01,,475.0,706.0,530.75,272621.0,55493.0
2025-05-02,,266.0,103.0,543.5,268071.0,67575.0
2025-05-05,,256.0,4.0,531.0,267699.0,63841.0
2025-05-06,,256.0,19.0,535.25,267388.0,54826.0
2025-05-07,,71.0,82.0,533.5,266256.0,58189.0
2025-05-08,,43.0,10.0,529.25,266840.0,53543.0
2025-05-09,,34.0,6.0,521.25,270149.0,57368.0
2025-05-12,,33.0,16.0,514.5,269601.0,82207.0
2025-05-13,,19.0,19.0,518.0,269862.0,78081.0
2025-05-14,,28.0,28.0,524.75,269074.0,62950.0
2025-05-15,532.75,267352.0,69748.0,539.0,107368.0,27983.0
2025-05-16,524.75,265837.0,49356.0,534.0,106070.0,18856.0
2025-05-19,529.5,264307.0,64286.0,541.0,106968.0,24425.0
2025-05-20,547.0,260410.0,86585.0,561.5,104488.0,31263.0
2025-05-21,547.75,250752.0,85813.0,559.0,102902.0,33765.0
2025-05-22,545.0,246218.0,85214.0,557.5,100380.0,49859.0
2025-05-23,543.25,250386.0,61665.0,553.75,104529.0,32591.0
2025-05-27,528.75,255442.0,66898.0,543.0,104467.0,29194.0
2025-05-28,530.5,254429.0,60152.0,546.75,105275.0,30684.0
2025-05-29,534.25,254050.0,48247.0,544.0,105531.0,21875.0
2025-05-30,533.0,246992.0,49023.0,545.75,106570.0,24271.0
2025-06-02,538.0,243282.0,82568.0,551.25,108961.0,36673.0
2025-06-03,535.75,237941.0,80640.0,548.0,109911.0,36445.0
2025-06-04,543.5,233068.0,73113.0,555.0,111617.0,33111.0
2025-06-05,544.75,227307.0,63379.0,560.75,113238.0,31050.0
2025-06-06,555.5,211549.0,97197.0,567.0,119206.0,55932.0
2025-06-09,541.0,195088.0,102603.0,556.0,126159.0,65552.0
2025-06-10,535.25,176293.0,90158.0,546.75,129389.0,67955.0
2025-06-11,533.75,159195.0,72453.0,548.25,139585.0,56184.0
2025-06-12,526.5,136824.0,93654.0,542.0,154349.0,65170.0
2025-06-13,542.75,119971.0,102188.0,557.0,159936.0,77541.0
2025-06-16,536.75,103348.0,77417.0,554.0,168237.0,66457.0
2025-06-17,548.75,89337.0,71241.0,562.75,181018.0,66629.0
2025-06-18,573.0,73239.0,105218.0,590.0,189435.0,118027.0
2025-06-20,567.0,53158.0,49117.0,582.0,182580.0,81548.0
2025-06-23,553.0,41434.0,44221.0,570.5,184957.0,95614.0
2025-06-24,535.25,30337.0,36906.0,552.0,190740.0,91115.0
2025-06-25,527.75,23730.0,18240.0,544.25,194510.0,68313.0
2025-06-26,521.0,11818.0,24542.0,536.75,200227.0,73662.0
2025-06-27,518.0,2341.0,12677.0,540.5,204537.0,59264.0
2025-06-30,523.0,814.0,1972.0,537.25,204204.0,65967.0
2025-07-01,523.0,227.0,453.0,549.75,207193.0,96790.0
2025-07-02,523.0,184.0,62.0,564.5,202060.0,86572.0
2025-07-03,523.0,133.0,126.0,556.25,203206.0,77292.0
2025-07-07,523.0,91.0,53.0,548.75,200538.0,65505.0
2025-07-08,523.0,90.0,4.0,547.5,206050.0,57565.0
2025-07-09,,54.0,41.0,547.0,208980.0,46110.0
2025-07-10,,80.0,40.0,554.25,212114.0,52217.0
2025-07-11,,35.0,21.0,545.0,213118.0,67749.0
2025-07-14,,5.0,6.0,542.0,213081.0,52432.0
2025-07-15,538.25,217062.0,56165.0,556.0,118836.0,19952.0
2025-07-16,541.75,217149.0,59091.0,559.0,121409.0,26348.0
2025-07-17,533.5,223797.0,55433.0,554.25,126825.0,27712.0
2025-07-18,546.5,221048.0,82550.0,562.0,127666.0,39516.0
2025-07-21,542.0,220563.0,43970.0,560.0,128514.0,22059.0
2025-07-22,549.25,220990.0,62596.0,565.25,128523.0,33114.0
2025-07-23,541.0,219790.0,49135.0,560.75,130267.0,28939.0
2025-07-24,541.5,221395.0,56771.0,560.25,134381.0,32825.0
2025-07-25,539.0,218515.0,37484.0,555.5,134954.0,17677.0
2025-07-28,538.25,218511.0,45184.0,556.75,137854.0,22776.0
2025-07-29,529.25,222545.0,80217.0,548.5,135716.0,44059.0
2025-07-30,523.25,224963.0,64991.0,545.0,142528.0,42199.0
2025-07-31,523.75,227936.0,77077.0,542.5,147222.0,51987.0
2025-08-01,516.5,230952.0,62480.0,537.0,152734.0,40138.0
2025-08-04,516.25,236965.0,71053.0,536.25,162886.0,47623.0
2025-08-05,508.0,235473.0,67614.0,528.0,161931.0,40906.0
2025-08-06,508.25,236167.0,65192.0,530.0,170253.0,51190.0
2025-08-07,518.0,222519.0,81829.0,537.75,174990.0,63553.0
2025-08-08,515.25,206094.0,78246.0,534.0,178101.0,63382.0
2025-08-11,514.5,186967.0,87297.0,534.0,184643.0,69684.0
2025-08-12,504.5,166535.0,116430.0,524.0,199496.0,104875.0
2025-08-13,507.0,145120.0,78660.0,527.75,221259.0,78032.0
2025-08-14,504.0,127113.0,71519.0,525.0,226876.0,72673.0
2025-08-15,506.5,114453.0,59556.0,528.0,235520.0,61355.0
2025-08-18,502.5,107306.0,64948.0,524.75,247966.0,80760.0
2025-08-19,498.25,96368.0,45629.0,520.25,253966.0,71071.0
2025-08-20,506.25,84885.0,53676.0,528.5,259643.0,94302.0
2025-08-21,507.0,73575.0,49806.0,529.25,263127.0,96779.0
2025-08-22,504.75,56329.0,36797.0,527.5,260872.0,72516.0
2025-08-25,506.75,42143.0,31672.0,529.75,264125.0,70073.0
2025-08-26,509.0,29253.0,32257.0,530.75,257796.0,71017.0
2025-08-27,495.0,15921.0,37489.0,524.0,256106.0,82271.0
2025-08-28,508.0,1824.0,23384.0,529.5,256979.0,68521.0
2025-08-29,,744.0,1317.0,533.75,248656.0,68837.0
2025-09-02,,456.0,404.0,528.25,254465.0,83344.0
2025-09-03,,178.0,312.0,522.0,260853.0,62621.0
2025-09-04,,83.0,54.0,520.0,264776.0,70089.0
2025-09-05,,65.0,13.0,518.75,264990.0,41620.0
2025-09-08,,64.0,6.0,523.75,264840.0,50598.0
2025-09-09,,30.0,26.0,519.25,264096.0,34316.0
2025-09-10,,22.0,18.0,515.0,266640.0,36825.0
2025-09-11,,1.0,2.0,521.25,268169.0,64473.0
2025-09-12,,,1.0,521.75,265784.0,55282.0
2025-09-15,525.25,262986.0,55496.0,540.0,112325.0,17540.0
2025-09-16,533.5,261260.0,46736.0,548.0,112627.0,17506.0
2025-09-17,529.0,259689.0,49323.0,544.5,110935.0,24518.0
2025-09-18,524.75,261175.0,39926.0,541.0,110440.0,14720.0
2025-09-19,522.25,263467.0,45048.0,536.0,109385.0,17489.0
2025-09-22,510.5,268061.0,86785.0,529.0,109161.0,27185.0
2025-09-23,520.75,263906.0,71968.0,536.75,110374.0,22518.0
2025-09-24,519.75,260133.0,53328.0,535.0,108187.0,20849.0
2025-09-25,526.0,258479.0,56448.0,540.0,108972.0,19724.0
2025-09-26,519.0,255495.0,52731.0,537.25,110118.0,22851.0
2025-09-29,519.0,255975.0,44889.0,535.0,111699.0,16031.0
2025-09-30,507.5,263468.0,85752.0,525.0,112060.0,41696.0
2025-10-01,510.0,270513.0,82924.0,524.0,114708.0,32505.0
2025-10-02,514.25,269379.0,57218.0,527.5,113692.0,25332.0
2025-10-03,514.75,267135.0,47455.0,527.5,113367.0,20372.0
2025-10-06,512.5,269157.0,49990.0,527.5,113082.0,22919.0
2025-10-07,506.0,271082.0,53564.0,524.0,116061.0,24569.0
2025-10-08,507.25,273410.0,44067.0,523.0,118753.0,21430.0
2025-10-09,507.75,280146.0,79086.0,522.5,121756.0,52568.0
2025-10-10,498.5,291742.0,63513.0,514.75,129135.0,23378.0
2025-10-13,496.5,291732.0,52172.0,511.0,129135.0,25984.0
2025-10-14,500.25,290186.0,65741.0,508.0,133242.0,29365.0
2025-10-15,498.5,286928.0,57004.0,513.0,135893.0,30379.0
2025-10-16,502.25,286602.0,53290.0,516.75,135923.0,25524.0
2025-10-17,504.0,282130.0,38177.0,520.0,136563.0,19043.0
2025-10-20,505.25,280551.0,37582.0,518.0,138495.0,16715.0
2025-10-21,500.25,280780.0,41036.0,514.0,140132.0,18277.0
2025-10-22,504.0,279056.0,45473.0,518.0,139332.0,20356.0
2025-10-23,513.0,275212.0,58191.0,529.25,139803.0,25716.0
2025-10-24,512.75,265319.0,59008.0,524.0,138588.0,28824.0
2025-10-27,525.5,260335.0,109465.0,537.0,137307.0,44840.0
2025-10-28,530.0,255883.0,105303.0,546.25,135716.0,56805.0
2025-10-29,533.25,249085.0,90090.0,543.0,139273.0,69179.0
2025-10-30,524.5,242677.0,101549.0,536.75,137238.0,58572.0
2025-10-31,533.25,248611.0,111375.0,546.5,140687.0,77099.0
2025-11-03,544.5,242607.0,145872.0,553.5,141834.0,86137.0
2025-11-04,550.0,231542.0,116421.0,562.0,148865.0,73804.0
2025-11-05,554.0,228459.0,72195.0,560.75,152654.0,45088.0
2025-11-06,535.75,207142.0,119141.0,548.75,155747.0,85057.0
2025-11-07,527.0,177651.0,127657.0,540.75,160287.0,86715.0
2025-11-10,535.75,157297.0,92410.0,549.5,167527.0,80841.0
2025-11-11,536.0,136859.0,80355.0,551.0,179885.0,80517.0
2025-11-12,536.5,113915.0,95686.0,553.0,189835.0,92000.0
2025-11-13,535.25,94946.0,92763.0,552.0,201091.0,101004.0
2025-11-14,526.5,82898.0,85222.0,541.0,206600.0,102731.0
2025-11-17,544.75,68853.0,64246.0,556.75,214445.0,91649.0
2025-11-18,546.5,63918.0,34471.0,558.5,213268.0,75638.0
2025-11-19,537.0,56561.0,37984.0,550.25,216101.0,68039.0
2025-11-20,527.75,48750.0,41598.0,541.75,220132.0,76650.0
2025-11-21,529.5,35835.0,32622.0,542.0,223500.0,69724.0
2025-11-24,522.5,26125.0,26119.0,535.0,228938.0,61424.0
2025-11-25,522.0,12283.0,26212.0,538.25,232613.0,69580.0
2025-11-26,522.0,1970.0,18026.0,540.75,236480.0,72214.0
2025-11-28,519.5,833.0,1198.0,538.0,238097.0,23906.0
2025-12-01,515.25,507.0,426.0,535.0,237289.0,61051.0
2025-12-02,545.0,347.0,184.0,541.0,239134.0,75307.0
2025-12-03,515.25,230.0,139.0,538.25,236999.0,46731.0
2025-12-04,539.0,163.0,73.0,540.0,241669.0,57135.0
2025-12-05,515.25,111.0,56.0,535.5,242978.0,48904.0
2025-12-08,515.25,87.0,31.0,534.75,244072.0,49765.0
2025-12-09,515.25,,14.0,534.0,,52441.0
