Security,S 2 COMB Comdty,
Start Date,12/9/2020 0:00,
End Date,12/10/2025 0:00,
Period,D,
Currency,USd,
,,
Date,PX_LAST,PX_BID
12/10/2025,1095.25,1095.5
12/9/2025,1098.25,1098
12/8/2025,1105.75,1105.5
12/5/2025,1116,1115.5
12/4/2025,1128.75,1128.75
12/3/2025,1125.5,1126.5
12/2/2025,1135,1134
12/1/2025,1138,1137.5
11/28/2025,1146,1145.25
11/26/2025,1140.75,1141
11/25/2025,1134.75,1133.25
11/24/2025,1132,1129.5
11/21/2025,1134.25,1134.75
11/20/2025,1132,1132.75
11/19/2025,1144.5,1143.25
11/18/2025,1160.25,1157
11/17/2025,1163.25,1163.25
11/14/2025,1124.5,1122.5
11/13/2025,1147,1145.25
11/12/2025,1133.75,1135
11/11/2025,1127.25,1126.5
11/10/2025,1130,1127
11/7/2025,1117,1116.75
11/6/2025,1107.5,1108
11/5/2025,1134.25,1134
11/4/2025,1121.5,1119.75
11/3/2025,1134.25,1134
10/31/2025,1115.25,1114
10/30/2025,1107.75,1105.75
10/29/2025,1094.5,1093
10/28/2025,1095.25,1093.75
10/27/2025,1085,1084
10/24/2025,1060.25,1060
10/23/2025,1062,1061
10/22/2025,1050,1049.75
10/21/2025,1048.5,1048
10/20/2025,1050,1050
10/17/2025,1036.75,1037.5
10/16/2025,1028.5,1028.75
10/15/2025,1024.25,1024
10/14/2025,1024.25,1024
10/13/2025,1025.25,1025.25
10/10/2025,1023.25,1022
10/9/2025,1038.5,1038
10/8/2025,1044.25,1044
10/7/2025,1039,1037.25
10/6/2025,1035.75,1035.25
10/3/2025,1037,1036
10/2/2025,1041.75,1039.75
10/1/2025,1031,1032.5
9/30/2025,1020.25,1018.75
9/29/2025,1029.75,1028.25
9/26/2025,1033,1033
9/25/2025,1031.25,1030.75
9/24/2025,1028.5,1027.75
9/23/2025,1031.75,1032
9/22/2025,1030.5,1030.5
9/19/2025,1044.75,1045.25
9/18/2025,1056.5,1057.75
9/17/2025,1063,1063
9/16/2025,1069.25,1068
9/15/2025,1061.75,1061.75
9/12/2025,1046.25,1045
9/11/2025,1033.5,1034.25
9/10/2025,1025.25,1024.75
9/9/2025,1031.25,1030.25
9/8/2025,1033.75,1033.75
9/5/2025,1027,1026.75
9/4/2025,1033,1033
9/3/2025,1031.5,1031
9/2/2025,1041,1040
8/29/2025,1054.5,1052.75
8/28/2025,1048,1048
8/27/2025,1047.5,1048
8/26/2025,1049.5,1048.75
8/25/2025,1047.75,1047.75
8/22/2025,1058.5,1057.75
8/21/2025,1056,1054
8/20/2025,1036,1035
8/19/2025,1033.75,1033.25
8/18/2025,1041.25,1040.25
8/15/2025,1042.5,1042.25
8/14/2025,1007.5,1010
8/13/2025,1024,1021.75
8/12/2025,1012.75,1011.75
8/11/2025,991.75,990.75
8/8/2025,967.75,966.5
8/7/2025,974,974.5
8/6/2025,965.5,966.5
8/5/2025,971.5,970.75
8/4/2025,975.25,975.25
8/1/2025,969.5,968
7/31/2025,969.5,970.25
7/30/2025,975.75,976
7/29/2025,989.5,988.25
7/28/2025,992.5,992.25
7/25/2025,1002,1002.25
7/24/2025,1005.75,1005.75
7/23/2025,1005,1004.75
7/22/2025,1008,1008.5
7/21/2025,1010.5,1011
7/18/2025,1021,1020.5
7/17/2025,1012,1012.25
7/16/2025,1005.75,1005
7/15/2025,987.25,988.25
7/14/2025,1001,1000.5
7/11/2025,1004.25,1004
7/10/2025,1012.5,1012.5
7/9/2025,1009,1008.5
7/8/2025,1021.25,1020.75
7/7/2025,1031.5,1030
7/3/2025,1055.5,1054
7/2/2025,1053.5,1052.75
7/1/2025,1029.75,1030.25
6/30/2025,1029.75,1029.5
6/27/2025,1033.25,1033
6/26/2025,1027.75,1027
6/25/2025,1029.5,1029.5
6/24/2025,1050.25,1050
6/23/2025,1062,1061.25
6/20/2025,1071.5,1071.25
6/18/2025,1076.75,1075
6/17/2025,1076.25,1074.75
6/16/2025,1071.75,1071.5
6/13/2025,1069,1068
6/12/2025,1041,1040.75
6/11/2025,1045.5,1045
6/10/2025,1049.5,1049
6/9/2025,1047.75,1046.5
6/6/2025,1050.75,1051.25
6/5/2025,1046.5,1045.25
6/4/2025,1038.75,1038.25
6/3/2025,1034.25,1033.75
6/2/2025,1027.25,1028
5/30/2025,1036.75,1036.5
5/29/2025,1048.5,1047.25
5/28/2025,1045.25,1044.75
5/27/2025,1058,1058
5/23/2025,1056,1055.5
5/22/2025,1062.5,1062.25
5/21/2025,1059,1057.5
5/20/2025,1050.25,1051
5/19/2025,1047.75,1047.25
5/16/2025,1046.25,1046.5
5/15/2025,1047.25,1048.75
5/14/2025,1077.75,1075.75
5/13/2025,1072.5,1073.75
5/12/2025,1071.25,1069.25
5/9/2025,1051.75,1052
5/8/2025,1045,1044.5
5/7/2025,1039.25,1039
5/6/2025,1041.25,1040.25
5/5/2025,1045.5,1046
5/2/2025,1058,1057.5
5/1/2025,1050.25,1050
4/30/2025,1044.5,1043.75
4/29/2025,1052.75,1052.5
4/28/2025,1062.5,1061.25
4/25/2025,1059.25,1058.5
4/24/2025,1062,1062.75
4/23/2025,1050.25,1050.5
4/22/2025,1046,1046
4/21/2025,1041.5,1041.25
4/17/2025,1047.75,1047
4/16/2025,1050.25,1049
4/15/2025,1046.5,1045
4/14/2025,1050.25,1048.75
4/11/2025,1053,1053
4/10/2025,1036.75,1034.75
4/9/2025,1023.5,1020
4/8/2025,1004,1003
4/7/2025,997,998
4/4/2025,993,990.5
4/3/2025,1026.25,1026.25
4/2/2025,1045,1044.5
4/1/2025,1049.25,1047.5
3/31/2025,1028.25,1027.5
3/28/2025,1037.25,1036.5
3/27/2025,1030.5,1030
3/26/2025,1015,1015
3/25/2025,1015.5,1016
3/24/2025,1019.5,1019
3/21/2025,1021.5,1021.5
3/20/2025,1025.25,1025.75
3/19/2025,1021.5,1021.5
3/18/2025,1026.5,1026
3/17/2025,1029.25,1028.75
3/14/2025,1016,1016.75
3/13/2025,1010.75,1009
3/12/2025,1000.5,1001.25
3/11/2025,1011.25,1009
3/10/2025,1014,1013.25
3/7/2025,1025,1025
3/6/2025,1027.25,1027.25
3/5/2025,1011.75,1011.75
3/4/2025,999,1000
3/3/2025,1011.5,1011
2/28/2025,1025.75,1025
2/27/2025,1037.25,1037.5
2/26/2025,1041.25,1041
2/25/2025,1048.75,1048.25
2/24/2025,1047.5,1048
2/21/2025,1057.25,1056.75
2/20/2025,1063,1061.25
2/19/2025,1048.25,1048.75
2/18/2025,1055.5,1054.5
2/14/2025,1052.75,1053
2/13/2025,1047,1046.25
2/12/2025,1045.75,1045.75
2/11/2025,1060.25,1060.25
2/10/2025,1065.5,1064.75
2/7/2025,1065.5,1064.5
2/6/2025,1075.75,1076
2/5/2025,1072.25,1073.75
2/4/2025,1088,1086.25
2/3/2025,1072.75,1070
1/31/2025,1057.5,1052
1/30/2025,1059.75,1060.25
1/29/2025,1075.25,1074
1/28/2025,1059.5,1059.75
1/27/2025,1058.5,1059
1/24/2025,1068.25,1066.5
1/23/2025,1077.75,1076
1/22/2025,1068.25,1068
1/21/2025,1077.75,1077.25
1/17/2025,1044.75,1045
1/16/2025,1031.5,1031.5
1/15/2025,1055.25,1055
1/14/2025,1047.5,1046
1/13/2025,1053,1051
1/10/2025,1025.25,1024.5
1/9/2025,999,995.75
1/8/2025,994.5,993.25
1/7/2025,997.25,996.5
1/6/2025,997.75,996
1/3/2025,991.75,991.25
1/2/2025,1012,1011
12/31/2024,1010.5,1009
12/30/2024,991.75,991.75
12/27/2024,989.75,989.75
12/26/2024,997.25,995.5
12/24/2024,981.25,979.25
12/23/2024,975.5,971
12/20/2024,979.25,979
12/19/2024,966.5,965.75
12/18/2024,953.25,953.25
12/17/2024,978.75,978.25
12/16/2024,986,986
12/13/2024,995,995.25
12/12/2024,1003.25,1002.5
12/11/2024,1002.75,1002.5
12/10/2024,1000.25,1000
12/9/2024,995.5,995.25
12/6/2024,999.25,999.5
12/5/2024,999,998.5
12/4/2024,989.75,989
12/3/2024,997.25,997.25
12/2/2024,991,990.5
11/29/2024,996,997
11/27/2024,997,997
11/26/2024,994,993.5
11/25/2024,994.25,994.5
11/22/2024,992.25,992.25
11/21/2024,985.25,987.75
11/20/2024,999.25,999
11/19/2024,1008.5,1008
11/18/2024,1019,1019.25
11/15/2024,1008.75,1008.25
11/14/2024,987.5,987.75
11/13/2024,1007.75,1005.75
11/12/2024,1010.5,1011.5
11/11/2024,1022.25,1022
11/8/2024,1030.25,1030
11/7/2024,1026.25,1025.25
11/6/2024,1003.75,1004
11/5/2024,1001.75,999.5
11/4/2024,997.25,997
11/1/2024,993.75,994.25
10/31/2024,994.5,995.25
10/30/2024,991.25,991.75
10/29/2024,979,979.25
10/28/2024,986,987
10/25/2024,997.5,997.25
10/24/2024,1005,1004.75
10/23/2024,1005,1004.75
10/22/2024,1000.5,1000.5
10/21/2024,989.75,988.75
10/18/2024,982.75,983
10/17/2024,998,998.5
10/16/2024,994,992
10/15/2024,1003.5,1004.75
10/14/2024,1011.5,1011.5
10/11/2024,1021,1021
10/10/2024,1031.5,1031
10/9/2024,1037,1037.75
10/8/2024,1034.5,1033.75
10/7/2024,1052.5,1052
10/4/2024,1056,1055
10/3/2024,1064.5,1064
10/2/2024,1074.25,1072.75
10/1/2024,1075.5,1073.75
9/30/2024,1075.25,1074
9/27/2024,1083,1082.75
9/26/2024,1059.25,1057.25
9/25/2024,1071.75,1070.5
9/24/2024,1060.5,1060.75
9/23/2024,1056.75,1056
9/20/2024,1029.5,1031
9/19/2024,1031.25,1030.5
9/18/2024,1032,1032.5
9/17/2024,1024.75,1026
9/16/2024,1023.5,1022.75
9/13/2024,1006.25,1006
9/12/2024,1010.75,1010.75
9/11/2024,1000.5,1001
9/10/2024,997.25,997
9/9/2024,1018,1018.25
9/6/2024,1005,1005
9/5/2024,1023.5,1023.75
9/4/2024,1021.5,1020
9/3/2024,1012,1012
8/30/2024,1000,998.75
8/29/2024,992.5,991
8/28/2024,977,976.25
8/27/2024,986.5,986.5
8/26/2024,980.75,980
8/23/2024,973,972.5
8/22/2024,961.5,961.25
8/21/2024,981.5,981.5
8/20/2024,976,975.75
8/19/2024,976,975.75
8/16/2024,957,955.25
8/15/2024,968.5,967.75
8/14/2024,952.25,952.75
8/13/2024,947.25,945.75
8/12/2024,971.25,972.5
8/9/2024,988.75,987.25
8/8/2024,993.5,993
8/7/2024,1005.25,1005.75
8/6/2024,1014,1014.5
8/5/2024,1031.5,1032
8/2/2024,1018,1019.5
8/1/2024,1009,1008
7/31/2024,1014.5,1014.5
7/30/2024,1011,1009.5
7/29/2024,1030,1030.75
7/26/2024,1042,1039.5
7/25/2024,1074.5,1073.75
7/24/2024,1060.25,1059.25
7/23/2024,1071.75,1071.25
7/22/2024,1064.75,1065.25
7/19/2024,1036.75,1035.75
7/18/2024,1040.75,1041.25
7/17/2024,1038.25,1039.25
7/16/2024,1037.75,1038.25
7/15/2024,1033.75,1032.5
7/12/2024,1105,1102
7/11/2024,1117,1117
7/10/2024,1113.25,1111.75
7/9/2024,1131.25,1128.75
7/8/2024,1149,1149
7/5/2024,1166.25,1166.75
7/3/2024,1157.75,1157
7/2/2024,1150.25,1149.5
7/1/2024,1146,1145.25
6/28/2024,1133.5,1134.5
6/27/2024,1136.25,1136
6/26/2024,1142.25,1140
6/25/2024,1145.5,1145.25
6/24/2024,1160.5,1159
6/21/2024,1147,1146.5
6/20/2024,1139.75,1140
6/18/2024,1156,1155.75
6/17/2024,1146,1146
6/14/2024,1168.25,1167
6/13/2024,1178.25,1177
6/12/2024,1166.75,1166.5
6/11/2024,1171.75,1170.5
6/10/2024,1182.75,1181.75
6/7/2024,1176.75,1175.75
6/6/2024,1193.5,1193
6/5/2024,1174.25,1173.25
6/4/2024,1177.5,1177.25
6/3/2024,1182.5,1180.75
5/31/2024,1203.5,1203
5/30/2024,1208,1208
5/29/2024,1213.75,1212.75
5/28/2024,1229,1229.5
5/24/2024,1245,1245.75
5/23/2024,1237.75,1237
5/22/2024,1243.25,1244.25
5/21/2024,1234,1234
5/20/2024,1243,1241.75
5/17/2024,1225.25,1224.75
5/16/2024,1216.75,1216.75
5/15/2024,1216.25,1216.75
5/14/2024,1214.5,1214.25
5/13/2024,1219.5,1219
5/10/2024,1219,1219
5/9/2024,1208.5,1209.75
5/8/2024,1227.75,1227.75
5/7/2024,1246.5,1244.75
5/6/2024,1248.75,1244.75
5/3/2024,1215,1215
5/2/2024,1199,1199
5/1/2024,1170.25,1169.5
4/30/2024,1163,1162.25
4/29/2024,1182,1180.25
4/26/2024,1177.25,1177.25
4/25/2024,1179.75,1179.75
4/24/2024,1181.5,1177.25
4/23/2024,1182,1181
4/22/2024,1176.5,1176.5
4/19/2024,1165.75,1164.75
4/18/2024,1149,1148.25
4/17/2024,1164.25,1163.5
4/16/2024,1160,1160.5
4/15/2024,1172,1171
4/12/2024,1186.75,1185
4/11/2024,1172.5,1172.75
4/10/2024,1178,1177.75
4/9/2024,1187.75,1188
4/8/2024,1194.25,1193.75
4/5/2024,1196.75,1197.5
4/4/2024,1192.25,1192.25
4/3/2024,1195.25,1195.25
4/2/2024,1187.75,1188.5
4/1/2024,1199.5,1199.75
3/28/2024,1205.25,1205.25
3/27/2024,1206.5,1206.5
3/26/2024,1212.5,1211.25
3/25/2024,1221.75,1220.25
3/22/2024,1205.5,1204.75
3/21/2024,1225.75,1224.5
3/20/2024,1223.25,1223
3/19/2024,1200.25,1200.25
3/18/2024,1202.25,1202.5
3/15/2024,1212.5,1212.5
3/14/2024,1195.25,1194
3/13/2024,1196.75,1195.75
3/12/2024,1196,1192
3/11/2024,1179.25,1179
3/8/2024,1184,1182.5
3/7/2024,1166.25,1165.75
3/6/2024,1148.25,1148
3/5/2024,1149,1149
3/4/2024,1155,1155
3/1/2024,1151.25,1149.5
2/29/2024,1140.75,1138
2/28/2024,1145.25,1145.25
2/27/2024,1140.75,1141.75
2/26/2024,1145.25,1142.75
2/23/2024,1141.75,1141.25
2/22/2024,1152.5,1152.5
2/21/2024,1165,1164.25
2/20/2024,1183.5,1184
2/16/2024,1176.25,1176
2/15/2024,1166,1165
2/14/2024,1176.25,1175.25
2/13/2024,1191.75,1192
2/12/2024,1197.75,1196.75
2/9/2024,1190,1190
2/8/2024,1199.75,1201
2/7/2024,1197.5,1197.5
2/6/2024,1208.25,1208
2/5/2024,1204.75,1204.25
2/2/2024,1198.25,1197.5
2/1/2024,1213.75,1213
1/31/2024,1232.75,1232.25
1/30/2024,1227.75,1227.75
1/29/2024,1205,1203.5
1/26/2024,1216.25,1215
1/25/2024,1230.25,1229
1/24/2024,1246.5,1245
1/23/2024,1247,1246.25
1/22/2024,1233,1232.25
1/19/2024,1223,1223
1/18/2024,1224.25,1223
1/17/2024,1218.25,1216.25
1/16/2024,1238.5,1239
1/12/2024,1224.25,1224
1/11/2024,1236.5,1235.75
1/10/2024,1236.5,1235.25
1/9/2024,1248.5,1247.75
1/8/2024,1245.5,1244
1/5/2024,1256.25,1256
1/4/2024,1267.5,1266.5
1/3/2024,1277,1276.5
1/2/2024,1273.5,1273
12/29/2023,1298,1297
12/28/2023,1312,1311.25
12/27/2023,1320.5,1319.25
12/26/2023,1319,1317
12/22/2023,1306.25,1305.5
12/21/2023,1301.75,1301.25
12/20/2023,1315.75,1315.75
12/19/2023,1322.5,1322.25
12/18/2023,1340,1339.75
12/15/2023,1331.5,1332.25
12/14/2023,1332,1333.5
12/13/2023,1326.25,1327.25
12/12/2023,1342.75,1341.75
12/11/2023,1353.25,1351
12/8/2023,1323,1324.75
12/7/2023,1330.25,1328.5
12/6/2023,1315.5,1315.75
12/5/2023,1326.5,1329.25
12/4/2023,1326.5,1326.75
12/1/2023,1345.5,1345
11/30/2023,1362.25,1361.75
11/29/2023,1365.5,1366
11/28/2023,1364.75,1363.75
11/27/2023,1348.25,1346
11/24/2023,1348.75,1347.5
11/22/2023,1374.25,1374.75
11/21/2023,1393,1390.75
11/20/2023,1383.25,1382.25
11/17/2023,1356.5,1357.25
11/16/2023,1375,1375
11/15/2023,1399.5,1399.25
11/14/2023,1389.75,1389
11/13/2023,1382.5,1382
11/10/2023,1347.5,1347.5
11/9/2023,1343.5,1343.75
11/8/2023,1365.75,1365.5
11/7/2023,1362,1361.25
11/6/2023,1364,1358
11/3/2023,1351.75,1350
11/2/2023,1328.25,1328
11/1/2023,1315,1314.75
10/31/2023,1310.5,1310
10/30/2023,1307.25,1307
10/27/2023,1319.5,1317
10/26/2023,1300.25,1301.75
10/25/2023,1308.5,1308
10/24/2023,1314.5,1312.75
10/23/2023,1305.5,1305
10/20/2023,1320.25,1320
10/19/2023,1331.75,1331
10/18/2023,1329.25,1329.25
10/17/2023,1316.25,1316
10/16/2023,1305.75,1305
10/13/2023,1300,1298.75
10/12/2023,1308.75,1306.25
10/11/2023,1272.25,1272.25
10/10/2023,1289.25,1292
10/9/2023,1282.5,1282
10/6/2023,1284.5,1282
10/5/2023,1298.5,1297
10/4/2023,1292.25,1290.5
10/3/2023,1292,1292
10/2/2023,1296.75,1295.75
9/29/2023,1294.5,1295
9/28/2023,1319.25,1319
9/27/2023,1323,1321.75
9/26/2023,1321,1321
9/25/2023,1315.5,1316.5
9/22/2023,1313.5,1312
9/21/2023,1310.75,1310.25
9/20/2023,1336.25,1335.5
9/19/2023,1331.75,1330.75
9/18/2023,1332.75,1332.75
9/15/2023,1355.75,1353.5
9/14/2023,1360.5,1360
9/13/2023,1349.75,1349.75
9/12/2023,1346.5,1343.75
9/11/2023,1369,1369.25
9/8/2023,1363,1363
9/7/2023,1359.5,1360
9/6/2023,1376.25,1376
9/5/2023,1365,1368
9/1/2023,1369.25,1368
8/31/2023,1368.75,1368
8/30/2023,1386.75,1384
8/29/2023,1392.5,1391
8/28/2023,1405.75,1401.25
8/25/2023,1387.75,1385.75
8/24/2023,1371.75,1371.25
8/23/2023,1360.5,1360
8/22/2023,1346,1346
8/21/2023,1361.75,1361.75
8/18/2023,1353.25,1352.25
8/17/2023,1330,1330
8/16/2023,1323.5,1324.5
8/15/2023,1305.25,1304
8/14/2023,1353,1350.25
8/11/2023,1337.25,1333.75
8/10/2023,1352,1349.75
8/9/2023,1355.25,1355.5
8/8/2023,1353.5,1357.5
8/7/2023,1348.25,1355
8/4/2023,1387,1384
8/3/2023,1382,1380
8/2/2023,1376.5,1375.75
8/1/2023,1386.75,1386.25
7/31/2023,1370.5,1369
7/28/2023,1433,1427.75
7/27/2023,1453.5,1451.25
7/26/2023,1468.5,1468
7/25/2023,1450.5,1448
7/24/2023,1453.25,1452.25
7/21/2023,1429,1426.5
7/20/2023,1426.25,1423.75
7/19/2023,1432,1426.5
7/18/2023,1418.75,1418.75
7/17/2023,1407.25,1404.25
7/14/2023,1480.25,1460.25
7/13/2023,1484.75,1482
7/12/2023,1444.25,1441.5
7/11/2023,1471.5,1471
7/10/2023,1455.5,1453.25
7/7/2023,1427.75,1428
7/6/2023,1448.25,1448
7/5/2023,1468.75,1458.75
7/3/2023,1467.75,1471.5
6/30/2023,1442,1430.5
6/29/2023,1367.75,1365.75
6/28/2023,1361,1360.75
6/27/2023,1395.5,1392
6/26/2023,1424.5,1418
6/23/2023,1404,1393.5
6/22/2023,1418.25,1419
6/21/2023,1445,1444
6/20/2023,1408.25,1406.25
6/16/2023,1407.5,1400
6/15/2023,1368.5,1366.75
6/14/2023,1318.5,1318.5
6/13/2023,1321.75,1319.5
6/12/2023,1292.5,1291.25
6/9/2023,1296,1296
6/8/2023,1279.25,1276.5
6/7/2023,1267.25,1265
6/6/2023,1265.75,1264.25
6/5/2023,1261,1259.25
6/2/2023,1262.5,1260.75
6/1/2023,1244,1240.25
5/31/2023,1217.75,1216.75
5/30/2023,1219.5,1217.25
5/26/2023,1261,1259.25
5/25/2023,1249.75,1250.5
5/24/2023,1258.75,1256.75
5/23/2023,1258.75,1258.5
5/22/2023,1275.5,1273
5/19/2023,1248,1245
5/18/2023,1269.5,1267.25
5/17/2023,1274.75,1270.25
5/16/2023,1298.25,1297.25
5/15/2023,1328.25,1326.75
5/12/2023,1390,1389
5/11/2023,1405.5,1405
5/10/2023,1404,1403.5
5/9/2023,1414.25,1414
5/8/2023,1433.75,1432.25
5/5/2023,1436.5,1432
5/4/2023,1417.75,1416.75
5/3/2023,1417.5,1417
5/2/2023,1410.75,1409.75
5/1/2023,1427.5,1427.25
4/28/2023,1419.25,1418
4/27/2023,1403.75,1406.25
4/26/2023,1414.75,1414.75
4/25/2023,1417.5,1417.5
4/24/2023,1436,1434
4/21/2023,1449,1445.75
4/20/2023,1468.5,1462
4/19/2023,1478.75,1475
4/18/2023,1491,1489.25
4/17/2023,1485.5,1479.5
4/14/2023,1467.25,1467
4/13/2023,1473.25,1473
4/12/2023,1472.25,1470.25
4/11/2023,1471.25,1471
4/10/2023,1461.75,1460
4/7/2023,1462.5,1462.5
4/6/2023,1462.5,1462.5
4/5/2023,1477.75,1476.5
4/4/2023,1482.75,1483.25
4/3/2023,1495,1490
3/31/2023,1475.5,1470.5
3/30/2023,1447,1445
3/29/2023,1450.75,1448
3/28/2023,1444.5,1443
3/27/2023,1420.75,1419.25
3/24/2023,1406.25,1407
3/23/2023,1398.5,1396
3/22/2023,1425,1425
3/21/2023,1448.5,1445
3/20/2023,1466.75,1464.75
3/17/2023,1461.25,1458
3/16/2023,1476,1472.5
3/15/2023,1474.5,1472.5
3/14/2023,1493.75,1492.5
3/13/2023,1491.25,1490.5
3/10/2023,1507,1501
3/9/2023,1510.75,1510
3/8/2023,1517.75,1517
3/7/2023,1515.5,1514.5
3/6/2023,1529,1526.25
3/3/2023,1518.75,1518
3/2/2023,1509.25,1509
3/1/2023,1494.25,1494.25
2/28/2023,1479,1481.5
2/27/2023,1512.75,1510.5
2/24/2023,1519.25,1518.25
2/23/2023,1527.25,1521
2/22/2023,1534.75,1533.75
2/21/2023,1544,1539.25
2/17/2023,1522.25,1518.75
2/16/2023,1521.25,1520.25
2/15/2023,1519.5,1516.25
2/14/2023,1530,1527
2/13/2023,1536,1533
2/10/2023,1533.5,1520.25
2/9/2023,1511.75,1509
2/8/2023,1513.75,1513.5
2/7/2023,1510.25,1508.5
2/6/2023,1514.5,1514
2/3/2023,1525.5,1520
2/2/2023,1527.75,1522.75
2/1/2023,1516.5,1513
1/31/2023,1530.25,1527.5
1/30/2023,1529.5,1522.25
1/27/2023,1504.5,1501
1/26/2023,1514.75,1511
1/25/2023,1496.5,1496
1/24/2023,1486.5,1486.5
1/23/2023,1487.25,1480
1/20/2023,1501.75,1499.5
1/19/2023,1511.5,1510
1/18/2023,1521.5,1517
1/17/2023,1537.5,1532.5
1/13/2023,1527.75,1527
1/12/2023,1518.5,1517.25
1/11/2023,1493,1492.25
1/10/2023,1485,1485
1/9/2023,1488.5,1488.25
1/6/2023,1492.5,1491.75
1/5/2023,1470.75,1470.75
1/4/2023,1483.5,1483
1/3/2023,1492.25,1490.25
12/30/2022,1524,1522.5
12/29/2022,1516.25,1513.5
12/28/2022,1514.25,1513.75
12/27/2022,1489,1488.5
12/23/2022,1484.5,1482.25
12/22/2022,1472,1470.5
12/21/2022,1484.5,1480.5
12/20/2022,1479.75,1480.5
12/19/2022,1463.5,1464
12/16/2022,1483.75,1480
12/15/2022,1476.75,1475
12/14/2022,1485,1483
12/13/2022,1484.5,1481.75
12/12/2022,1465.5,1466
12/9/2022,1488.25,1482.75
12/8/2022,1490.25,1486
12/7/2022,1477.25,1470
12/6/2022,1461.5,1460
12/5/2022,1445,1442
12/2/2022,1446.5,1440
12/1/2022,1436.75,1434.5
11/30/2022,1475.5,1473
11/29/2022,1466,1461.75
11/28/2022,1462.75,1462.75
11/25/2022,1442.25,1438.25
11/23/2022,1442,1440
11/22/2022,1436.5,1434
11/21/2022,1441.75,1441
11/18/2022,1433.25,1429
11/17/2022,1422.25,1420
11/16/2022,1434.75,1429.5
11/15/2022,1461.75,1461.5
11/14/2022,1440.5,1440.25
11/11/2022,1450,1448
11/10/2022,1423,1420.25
11/9/2022,1452,1450.25
11/8/2022,1446.5,1446
11/7/2022,1450.25,1445.25
11/4/2022,1462.25,1460
11/3/2022,1437,1436
11/2/2022,1454,1453
11/1/2022,1447.75,1445
10/31/2022,1419.5,1417
10/28/2022,1400.25,1393.25
10/27/2022,1393.5,1393.25
10/26/2022,1393,1392
10/25/2022,1392.25,1392
10/24/2022,1381.25,1382.25
10/21/2022,1404.5,1409
10/20/2022,1400,1400
10/19/2022,1382.75,1382
10/18/2022,1382,1377
10/17/2022,1392.75,1392.75
10/14/2022,1392.75,1391.75
10/13/2022,1405.5,1405
10/12/2022,1405,1402.75
10/11/2022,1388,1386
10/10/2022,1385.75,1387
10/7/2022,1379.25,1375.25
10/6/2022,1370.5,1365
10/5/2022,1380.5,1379.75
10/4/2022,1393.5,1390
10/3/2022,1384,1384
9/30/2022,1375.5,1380
9/29/2022,1420.5,1416.75
9/28/2022,1416.25,1406
9/27/2022,1414,1412
9/26/2022,1416.25,1413
9/23/2022,1431.75,1425.75
9/22/2022,1463.25,1458
9/21/2022,1467,1466.75
9/20/2022,1484.5,1460.5
9/19/2022,1467.5,1466
9/16/2022,1455.25,1445
9/15/2022,1458,1458
9/14/2022,1455,1456.5
9/13/2022,1478.75,1477
9/12/2022,1488.25,1485.5
9/9/2022,1412.25,1408
9/8/2022,1386,1393
9/7/2022,1383.5,1381.25
9/6/2022,1398.75,1399
9/2/2022,1420.5,1416
9/1/2022,1394.75,1395
8/31/2022,1422.5,1420
8/30/2022,1432.5,1432
8/29/2022,1437.75,1437.75
8/26/2022,1461.25,1459
8/25/2022,1431.25,1431.5
8/24/2022,1457,1457
8/23/2022,1461,1460
8/22/2022,1435.25,1430
8/19/2022,1404,1401.5
8/18/2022,1405.25,1401.5
8/17/2022,1390,1389
8/16/2022,1381,1379
8/15/2022,1412.25,1409
8/12/2022,1535,1523.5
8/11/2022,1520.25,1514.25
8/10/2022,1509,1497.25
8/9/2022,1512.25,1512.25
8/8/2022,1464,1453.5
8/5/2022,1463.25,1452
8/4/2022,1461.25,1461
8/3/2022,1403.75,1405.75
8/2/2022,1415.75,1400
8/1/2022,1432,1417.25
7/29/2022,1487.25,1495.75
7/28/2022,1457,1467
7/27/2022,1424.5,1417.5
7/26/2022,1399.75,1388
7/25/2022,1356,1351
7/22/2022,1327.5,1306
7/21/2022,1317,1314.75
7/20/2022,1350.5,1351
7/19/2022,1375.5,1371.75
7/18/2022,1396.75,1384.25
7/15/2022,1359.5,1345
7/14/2022,1471.75,1470
7/13/2022,1484.75,1475
7/12/2022,1468.25,1468
7/11/2022,1522,1519.5
7/8/2022,1513.25,1513.25
7/7/2022,1485.25,1479
7/6/2022,1446.5,1446
7/5/2022,1439.25,1440
7/1/2022,1509.75,1512.25
6/30/2022,1560.5,1560
6/29/2022,1571.5,1562
6/28/2022,1556.5,1552
6/27/2022,1529.5,1527.75
6/24/2022,1520.75,1525
6/23/2022,1507.25,1500
6/22/2022,1564,1564.5
6/21/2022,1598.5,1594
6/17/2022,1622.25,1620
6/16/2022,1630.75,1630.75
6/15/2022,1613.75,1605.75
6/14/2022,1616.5,1616.5
6/13/2022,1627.75,1620
6/10/2022,1662,1655
6/9/2022,1679.75,1679.5
6/8/2022,1662.75,1660.75
6/7/2022,1653.75,1648.25
6/6/2022,1635.75,1630
6/3/2022,1633.75,1630
6/2/2022,1658.75,1646
6/1/2022,1625,1612.5
5/31/2022,1620.25,1613
5/27/2022,1663,1649.5
5/26/2022,1659.5,1655
5/25/2022,1620.5,1614.5
5/24/2022,1632.25,1628.75
5/23/2022,1628.75,1610.25
5/20/2022,1641.75,1613.25
5/19/2022,1630.5,1627
5/18/2022,1607,1600
5/17/2022,1624.25,1620
5/16/2022,1607.25,1600.5
5/13/2022,1646.5,1639
5/12/2022,1613.75,1614.25
5/11/2022,1606.75,1606
5/10/2022,1592.25,1593.75
5/9/2022,1585.25,1585.25
5/6/2022,1622,1624.75
5/5/2022,1647,1649.5
5/4/2022,1640.5,1640
5/3/2022,1630.5,1630.75
5/2/2022,1645.25,1645
4/29/2022,1684.75,1685
4/28/2022,1684.75,1684.5
4/27/2022,1692.75,1692.75
4/26/2022,1671.75,1671
4/25/2022,1675.25,1672.75
4/22/2022,1688,1684.25
4/21/2022,1719.5,1718
4/20/2022,1717,1716
4/19/2022,1691.75,1685.25
4/18/2022,1693.25,1691
4/14/2022,1665.25,1664
4/13/2022,1665,1665
4/12/2022,1660.5,1657
4/11/2022,1640.75,1638
4/8/2022,1668,1656
4/7/2022,1627,1625.25
4/6/2022,1603.5,1603
4/5/2022,1614,1611
4/4/2022,1589,1586
4/1/2022,1566.75,1565
3/31/2022,1598,1598
3/30/2022,1642.5,1650
3/29/2022,1623.75,1620
3/28/2022,1646.75,1643
3/25/2022,1688.5,1689
3/24/2022,1682.25,1677
3/23/2022,1698.5,1701.5
3/22/2022,1678.75,1682.75
3/21/2022,1672.25,1673
3/18/2022,1645.75,1632
3/17/2022,1647.25,1638.25
3/16/2022,1626,1622
3/15/2022,1635.75,1628.25
3/14/2022,1670.5,1678
3/11/2022,1676,1675
3/10/2022,1686.25,1686
3/9/2022,1671.75,1672.25
3/8/2022,1689.75,1689
3/7/2022,1659.5,1660
3/4/2022,1660.5,1650
3/3/2022,1667.75,1667.75
3/2/2022,1663,1653
3/1/2022,1690,1686
2/28/2022,1636.75,1634
2/25/2022,1584.5,1580
2/24/2022,1654,1650.5
2/23/2022,1671,1661.75
2/22/2022,1635,1635
2/18/2022,1603.5,1597
2/17/2022,1596,1594
2/16/2022,1591.25,1590
2/15/2022,1555.75,1554
2/14/2022,1574,1569.5
2/11/2022,1586.25,1585
2/10/2022,1576.5,1575
2/9/2022,1595.5,1594
2/8/2022,1572.5,1565
2/7/2022,1586.25,1584.25
2/4/2022,1557.5,1556.75
2/3/2022,1547,1544
2/2/2022,1549.5,1548
2/1/2022,1534.25,1532
1/31/2022,1495.25,1487
1/28/2022,1475.25,1472
1/27/2022,1454,1444.75
1/26/2022,1447,1444.75
1/25/2022,1416,1413.25
1/24/2022,1411,1408
1/21/2022,1423,1415
1/20/2022,1434.5,1425
1/19/2022,1400.75,1397
1/18/2022,1371,1363.5
1/14/2022,1369.75,1369
1/13/2022,1377.25,1377
1/12/2022,1399.25,1398.5
1/11/2022,1386.5,1381.5
1/10/2022,1384.75,1383.75
1/7/2022,1410.25,1402
1/6/2022,1387.25,1386.75
1/5/2022,1394.75,1390
1/4/2022,1389.75,1389.25
1/3/2022,1355.5,1355
12/31/2021,1339.25,1337.75
12/30/2021,1338.5,1337
12/29/2021,1368.75,1365.5
12/28/2021,1368,1367.25
12/27/2021,1371.5,1370.5
12/23/2021,1340.75,1335.75
12/22/2021,1335,1333
12/21/2021,1312.75,1310
12/20/2021,1294.75,1294.75
12/17/2021,1288.5,1285
12/16/2021,1278.25,1275
12/15/2021,1265.25,1262
12/14/2021,1264.5,1260.25
12/13/2021,1250.75,1250
12/10/2021,1274.25,1272.25
12/9/2021,1272.25,1266.25
12/8/2021,1268.75,1267
12/7/2021,1258.25,1258
12/6/2021,1266.5,1265.25
12/3/2021,1271.25,1267
12/2/2021,1250,1247.5
12/1/2021,1235,1233
11/30/2021,1226.5,1224
11/29/2021,1252,1251
11/26/2021,1263,1257
11/24/2021,1277.25,1273.25
11/23/2021,1284.5,1280.75
11/22/2021,1286.25,1286.25
11/19/2021,1275,1276.75
11/18/2021,1276.5,1272.5
11/17/2021,1288.25,1288
11/16/2021,1263.25,1263.25
11/15/2021,1268.75,1259
11/12/2021,1244.25,1244
11/11/2021,1221.5,1221.5
11/10/2021,1216.75,1216
11/9/2021,1212,1212
11/8/2021,1188.5,1187.75
11/5/2021,1205.5,1204
11/4/2021,1222.75,1223
11/3/2021,1244.25,1243.75
11/2/2021,1256.25,1253.5
11/1/2021,1248.5,1248
10/29/2021,1249.5,1248
10/28/2021,1246,1245
10/27/2021,1249.75,1248
10/26/2021,1247.5,1244.5
10/25/2021,1247,1242
10/22/2021,1230.75,1226
10/21/2021,1233.5,1230.75
10/20/2021,1255,1253.75
10/19/2021,1237,1236
10/18/2021,1229,1227.5
10/15/2021,1226.25,1226
10/14/2021,1215.5,1210
10/13/2021,1206,1206.75
10/12/2021,1210,1208.25
10/11/2021,1239.75,1237.75
10/8/2021,1254.25,1254.25
10/7/2021,1258.25,1258.25
10/6/2021,1252.5,1252
10/5/2021,1261,1255.5
10/4/2021,1246.25,1245
10/1/2021,1256.5,1255
9/30/2021,1265.5,1267
9/29/2021,1293.5,1293.25
9/28/2021,1287,1285.75
9/27/2021,1297.5,1295.25
9/24/2021,1294.75,1291.75
9/23/2021,1294,1288
9/22/2021,1291.75,1291
9/21/2021,1282.75,1278.5
9/20/2021,1271.75,1271.25
9/17/2021,1293,1294
9/16/2021,1304.75,1304.5
9/15/2021,1303.5,1297.5
9/14/2021,1282.5,1281.75
9/13/2021,1284.75,1284.75
9/10/2021,1286.5,1281
9/9/2021,1270.5,1270
9/8/2021,1279.5,1279
9/7/2021,1277,1278
9/3/2021,1292,1295
9/2/2021,1283.25,1281.75
9/1/2021,1277.75,1275
8/31/2021,1292.5,1292.5
8/30/2021,1303.25,1303
8/27/2021,1323.25,1318.5
8/26/2021,1326.25,1324.5
8/25/2021,1332.75,1331.75
8/24/2021,1331.75,1331.75
8/23/2021,1292.75,1299
8/20/2021,1290.75,1292.5
8/19/2021,1320,1321
8/18/2021,1353.25,1351
8/17/2021,1361.5,1361.5
8/16/2021,1368.25,1368
8/13/2021,1373,1361.75
8/12/2021,1347,1340.75
8/11/2021,1347,1346.75
8/10/2021,1348.25,1347.75
8/9/2021,1341.5,1338.5
8/6/2021,1344.25,1343.75
8/5/2021,1335.75,1335.75
8/4/2021,1332,1329.25
8/3/2021,1323.75,1324
8/2/2021,1356.25,1352.25
7/30/2021,1355.5,1352
7/29/2021,1385.25,1375.25
7/28/2021,1370.25,1369
7/27/2021,1367,1367.25
7/26/2021,1362.5,1364.5
7/23/2021,1355.75,1352
7/22/2021,1369,1350.75
7/21/2021,1397.75,1389
7/20/2021,1399,1396
7/19/2021,1382.75,1382
7/16/2021,1406,1396.25
7/15/2021,1394.25,1382
7/14/2021,1453,1453
7/13/2021,1414.75,1407.25
7/12/2021,1404.25,1395
7/9/2021,1379.25,1374.5
7/8/2021,1365.25,1368.25
7/7/2021,1366.75,1366
7/6/2021,1344.25,1342
7/2/2021,1433.25,1434.5
7/1/2021,1429.75,1429
6/30/2021,1430,1422.25
6/29/2021,1339.75,1338
6/28/2021,1336.75,1326.5
6/25/2021,1302.75,1303
6/24/2021,1334,1322.5
6/23/2021,1346,1344
6/22/2021,1352,1349.75
6/21/2021,1370.25,1371.25
6/18/2021,1355,1330
6/17/2021,1295,1285.25
6/16/2021,1402,1396.75
6/15/2021,1426,1426
6/14/2021,1441.25,1428
6/11/2021,1482.5,1473.25
6/10/2021,1510,1509.75
6/9/2021,1523,1517
6/8/2021,1539.5,1542
6/7/2021,1522.25,1516
6/4/2021,1537.5,1537.5
6/3/2021,1504.25,1504
6/2/2021,1516.25,1493
6/1/2021,1500.75,1500.25
5/28/2021,1482,1481.25
5/27/2021,1487.25,1487.75
5/26/2021,1453,1452
5/25/2021,1460.5,1461
5/24/2021,1471,1460
5/21/2021,1472.25,1455
5/20/2021,1480.25,1476.75
5/19/2021,1485.5,1484.25
5/18/2021,1521.25,1521
5/17/2021,1525.5,1525
5/14/2021,1586.25,1586
5/13/2021,1584,1581.75
5/12/2021,1642.5,1640.75
5/11/2021,1614.75,1615
5/10/2021,1587.5,1587
5/7/2021,1589.75,1580.25
5/6/2021,1569.5,1566.5
5/5/2021,1542.25,1542
5/4/2021,1538.25,1540
5/3/2021,1524,1524
4/30/2021,1534.25,1534
4/29/2021,1502.25,1500.5
4/28/2021,1513.75,1507.75
4/27/2021,1519.5,1518.25
4/26/2021,1539.25,1540.5
4/23/2021,1516,1514.25
4/22/2021,1514.25,1514.5
4/21/2021,1479.5,1477
4/20/2021,1457.75,1457.75
4/19/2021,1436.5,1435.75
4/16/2021,1422.5,1418
4/15/2021,1411,1409.5
4/14/2021,1402.25,1400.5
4/13/2021,1384.75,1383
4/12/2021,1379,1376
4/9/2021,1398.25,1400
4/8/2021,1409.75,1406
4/7/2021,1403,1402
4/6/2021,1411.25,1409
4/5/2021,1405.5,1404
4/2/2021,1396.75,1394
4/1/2021,1396.75,1394
3/31/2021,1427.75,1427.75
3/30/2021,1357.75,1357.75
3/29/2021,1385.25,1385.5
3/26/2021,1391.25,1390
3/25/2021,1404.5,1400.25
3/24/2021,1421,1415
3/23/2021,1411.25,1409
3/22/2021,1404,1402
3/19/2021,1403,1400
3/18/2021,1380.5,1378.25
3/17/2021,1406,1400.75
3/16/2021,1413.75,1407.75
3/15/2021,1410.25,1407.5
3/12/2021,1413.25,1410
3/11/2021,1413.5,1413.5
3/10/2021,1409.75,1410
3/9/2021,1440,1439.75
3/8/2021,1433.75,1433
3/5/2021,1430,1430
3/4/2021,1410.5,1410
3/3/2021,1407.5,1407.5
3/2/2021,1412.5,1412.5
3/1/2021,1391.25,1392.5
2/26/2021,1404.25,1406.25
2/25/2021,1407.5,1405
2/24/2021,1425.75,1420.25
2/23/2021,1408.5,1408
2/22/2021,1387.5,1388.5
2/19/2021,1380,1379
2/18/2021,1376.5,1379.75
2/17/2021,1384.75,1384.75
2/16/2021,1385.75,1382.5
2/12/2021,1371.25,1362.5
2/11/2021,1366.75,1361.5
2/10/2021,1352.5,1352.5
2/9/2021,1398.75,1402
2/8/2021,1386,1389
2/5/2021,1365.75,1365
2/4/2021,1369.25,1363
2/3/2021,1367.5,1362.75
2/2/2021,1350.75,1344
2/1/2021,1362.5,1363
1/29/2021,1367,1361
1/28/2021,1351.5,1347.75
1/27/2021,1373.25,1370
1/26/2021,1369.5,1369
1/25/2021,1342.75,1343
1/22/2021,1311.75,1311.5
1/21/2021,1368.75,1365
1/20/2021,1367.25,1362.25
1/19/2021,1383.25,1383
1/15/2021,1414.75,1414.75
1/14/2021,1430.5,1432.25
1/13/2021,1406.25,1405
1/12/2021,1418.25,1418
1/11/2021,1372.5,1372.5
1/8/2021,1374.75,1375
1/7/2021,1355.25,1355
1/6/2021,1361.5,1368
1/5/2021,1347,1356.75
1/4/2021,1313,1311
12/31/2020,1311,1307
12/30/2020,1300.5,1298
12/29/2020,1296,1296
12/28/2020,1257.25,1256.75
12/24/2020,1264.5,1261.25
12/23/2020,1260,1262
12/22/2020,1250,1251
12/21/2020,1247.5,1247
12/18/2020,1224,1220.5
12/17/2020,1205.5,1205.5
12/16/2020,1188,1185
12/15/2020,1188.75,1189
12/14/2020,1174.5,1173.5
12/11/2020,1166,1160
12/10/2020,1158.75,1157
12/9/2020,1163.5,1163.5
