Security,C 2 COMB Comdty,
Start Date,12/9/2020 0:00,
End Date,12/10/2025 0:00,
Period,D,
Currency,USd,
,,
Date,PX_LAST,PX_VOLUME
12/10/2025,#N/A N/A,0
12/9/2025,448,168071
12/8/2025,443.75,114701
12/5/2025,444.75,112552
12/4/2025,447.25,151430
12/3/2025,443.5,187591
12/2/2025,450,211525
12/1/2025,445,168991
11/28/2025,447.75,87644
11/26/2025,445.25,310045
11/25/2025,438.25,281855
11/24/2025,436.75,259740
11/21/2025,437.5,195235
11/20/2025,437.75,227070
11/19/2025,441.5,178328
11/18/2025,449.5,140864
11/17/2025,448,173671
11/14/2025,444,314292
11/13/2025,455.5,304493
11/12/2025,449.25,215669
11/11/2025,447,165446
11/10/2025,444.5,149131
11/7/2025,442,114033
11/6/2025,443,122797
11/5/2025,449.5,115841
11/4/2025,444.75,114456
11/3/2025,446.75,109257
10/31/2025,444,127060
10/30/2025,443.75,158864
10/29/2025,446.75,157844
10/28/2025,446,215857
10/27/2025,444.25,145056
10/24/2025,437,104489
10/23/2025,441.25,101270
10/22/2025,435.75,80548
10/21/2025,433.75,71473
10/20/2025,437,69823
10/17/2025,436.5,84956
10/16/2025,435.5,150002
10/15/2025,432.25,77812
10/14/2025,429.25,84369
10/13/2025,427.25,73056
10/10/2025,429,83936
10/9/2025,434,111236
10/8/2025,437.75,78418
10/7/2025,436.25,112486
10/6/2025,438.25,42733
10/3/2025,435.75,71210
10/2/2025,438,64088
10/1/2025,432.75,98996
9/30/2025,432,93763
9/29/2025,438.5,38562
9/26/2025,438.75,39744
9/25/2025,442.25,49216
9/24/2025,441,36114
9/23/2025,443,45199
9/22/2025,438.75,57003
9/19/2025,441.25,50971
9/18/2025,441.5,34380
9/17/2025,444.5,54777
9/16/2025,447,48310
9/15/2025,441,47758
9/12/2025,430,363844
9/11/2025,419.75,138704
9/10/2025,417,98507
9/9/2025,419.75,116928
9/8/2025,421.75,133439
9/5/2025,418,166147
9/4/2025,419.75,153762
9/3/2025,418,187053
9/2/2025,423,246406
8/29/2025,420.25,277558
8/28/2025,410,208709
8/27/2025,406,204078
8/26/2025,409.5,266957
8/25/2025,412.25,195064
8/22/2025,411.5,180162
8/21/2025,411.75,256769
8/20/2025,404,143806
8/19/2025,403.25,141707
8/18/2025,406.5,167859
8/15/2025,405.25,202741
8/14/2025,397.25,186631
8/13/2025,397.25,249115
8/12/2025,394.5,418565
8/11/2025,407.75,222153
8/8/2025,405.5,218129
8/7/2025,407,209898
8/6/2025,401.25,188249
8/5/2025,402,205896
8/4/2025,407,165950
8/1/2025,410.75,137743
7/31/2025,413.75,167472
7/30/2025,412.25,148306
7/29/2025,411,209242
7/28/2025,414,160905
7/25/2025,419,92307
7/24/2025,420.75,119505
7/23/2025,417.5,95249
7/22/2025,418,121714
7/21/2025,422.25,137079
7/18/2025,427.75,156897
7/17/2025,421,122209
7/16/2025,424,186715
7/15/2025,419.75,210298
7/14/2025,400,185262
7/11/2025,396,145838
7/10/2025,399.25,132798
7/9/2025,399.25,177946
7/8/2025,398,199608
7/7/2025,403.5,163226
7/3/2025,420.25,153367
7/2/2025,418,165858
7/1/2025,406,147773
6/30/2025,409.25,161235
6/27/2025,411.5,189078
6/26/2025,404,205559
6/25/2025,405,192101
6/24/2025,412.25,185361
6/23/2025,417.5,165835
6/20/2025,425.5,125508
6/18/2025,429,154947
6/17/2025,423.75,151154
6/16/2025,419.75,106249
6/13/2025,428.5,104075
6/12/2025,426.25,130969
6/11/2025,425.25,126178
6/10/2025,425.5,165595
6/9/2025,422.25,158917
6/6/2025,433.25,154725
6/5/2025,431.5,127453
6/4/2025,428,108753
6/3/2025,423.5,91583
6/2/2025,420.75,87669
5/30/2025,423.25,78834
5/29/2025,427.25,52939
5/28/2025,429.75,91024
5/27/2025,433.75,53721
5/23/2025,437.75,70787
5/22/2025,441,71803
5/21/2025,442.75,79331
5/20/2025,435.25,89154
5/19/2025,428.25,71629
5/16/2025,421.5,87124
5/15/2025,425,78515
5/14/2025,445.5,177064
5/13/2025,442.5,241737
5/12/2025,448,249867
5/9/2025,449.75,179566
5/8/2025,447.5,256171
5/7/2025,449.25,248109
5/6/2025,455.5,218024
5/5/2025,454.25,270570
5/2/2025,469,163656
5/1/2025,472.25,163168
4/30/2025,475.5,196430
4/29/2025,470.25,318620
4/28/2025,483.25,281192
4/25/2025,485.5,172391
4/24/2025,484,183145
4/23/2025,479.25,165328
4/22/2025,483.25,162010
4/21/2025,490,132427
4/17/2025,490.25,115218
4/16/2025,491.75,142357
4/15/2025,489.5,189549
4/14/2025,492.75,188941
4/11/2025,497,275411
4/10/2025,488.75,333680
4/9/2025,480.5,200946
4/8/2025,474.75,206915
4/7/2025,470.75,140908
4/4/2025,467.25,126896
4/3/2025,465.5,139283
4/2/2025,465.25,107473
4/1/2025,468.25,126856
3/31/2025,463.25,216324
3/28/2025,460,163002
3/27/2025,458,126025
3/26/2025,459,84966
3/25/2025,465.25,96901
3/24/2025,472,67046
3/21/2025,471.5,108350
3/20/2025,475.5,133221
3/19/2025,469.25,98580
3/18/2025,468,94661
3/17/2025,470,98696
3/14/2025,458.5,242039
3/13/2025,465.25,189221
3/12/2025,460.75,231919
3/11/2025,470.25,189880
3/10/2025,472,158427
3/7/2025,469.25,170217
3/6/2025,464,313858
3/5/2025,455.75,277827
3/4/2025,451.5,391274
3/3/2025,456.25,353207
2/28/2025,469.5,268768
2/27/2025,481,323813
2/26/2025,493.5,221417
2/25/2025,494.25,233372
2/24/2025,497,280980
2/21/2025,505,225966
2/20/2025,512.75,167194
2/19/2025,512.25,185421
2/18/2025,515.75,173575
2/14/2025,508.75,160764
2/13/2025,506,211061
2/12/2025,504,190528
2/11/2025,498,222792
2/10/2025,504.5,173332
2/7/2025,500.5,197726
2/6/2025,507.5,203499
2/5/2025,504.75,126818
2/4/2025,504.75,167842
2/3/2025,499.75,158846
1/31/2025,493,151879
1/30/2025,501.5,102614
1/29/2025,507.5,129134
1/28/2025,496,98934
1/27/2025,492.25,83981
1/24/2025,496.5,97323
1/23/2025,499.25,118837
1/22/2025,494,116651
1/21/2025,499.75,124155
1/17/2025,493,157985
1/16/2025,483,86161
1/15/2025,488,99883
1/14/2025,484.75,131176
1/13/2025,486.75,183530
1/10/2025,479.5,209013
1/9/2025,464.5,66201
1/8/2025,462.5,87037
1/7/2025,465.75,67746
1/6/2025,465.25,74520
1/3/2025,458.25,45256
1/2/2025,467.25,55292
12/31/2024,465.75,53677
12/30/2024,460,71065
12/27/2024,461.5,53865
12/26/2024,460.5,48769
12/24/2024,455,42256
12/23/2024,453.5,38337
12/20/2024,451.75,47534
12/19/2024,446.25,54082
12/18/2024,443.75,44396
12/17/2024,450,51033
12/16/2024,451.75,42915
12/13/2024,442,170867
12/12/2024,443.5,224320
12/11/2024,448.25,265284
12/10/2024,449,296082
12/9/2024,441.75,228237
12/6/2024,440,216789
12/5/2024,435,164265
12/4/2024,430,138433
12/3/2024,432.25,150614
12/2/2024,432.5,173212
11/29/2024,433,124100
11/27/2024,428,264979
11/26/2024,428,323713
11/25/2024,433,271395
11/22/2024,435.25,175792
11/21/2024,436.25,184039
11/20/2024,440,184194
11/19/2024,437.75,165885
11/18/2024,439.75,149251
11/15/2024,435.25,149876
11/14/2024,430.75,190127
11/13/2024,437.5,172933
11/12/2024,440.25,170400
11/11/2024,442.75,168405
11/8/2024,444.25,222605
11/7/2024,440.5,186635
11/6/2024,439,124895
11/5/2024,432,80448
11/4/2024,430,112143
11/1/2024,429.25,105048
10/31/2024,426,151615
10/30/2024,425.5,85342
10/29/2024,427,101919
10/28/2024,424.75,151513
10/25/2024,429.5,135638
10/24/2024,435,145630
10/23/2024,432,121702
10/22/2024,429.25,124172
10/21/2024,423.25,100157
10/18/2024,419,90708
10/17/2024,421.25,123123
10/16/2024,420.5,97243
10/15/2024,417.5,156923
10/14/2024,424.75,127701
10/11/2024,433,90250
10/10/2024,436.25,75221
10/9/2024,438,73814
10/8/2024,438.25,108529
10/7/2024,442.75,61891
10/4/2024,441.75,51141
10/3/2024,446,56802
10/2/2024,450,99767
10/1/2024,446.5,108872
9/30/2024,441.25,91078
9/27/2024,435,80136
9/26/2024,431,75196
9/25/2024,433.25,60585
9/24/2024,430.75,69004
9/23/2024,431.75,59689
9/20/2024,420,68392
9/19/2024,424.25,60412
9/18/2024,430.75,43227
9/17/2024,430.75,46857
9/16/2024,429.25,53577
9/13/2024,413.25,229028
9/12/2024,406,271824
9/11/2024,404.75,156927
9/10/2024,404.25,132473
9/9/2024,407.25,139745
9/6/2024,406.25,174629
9/5/2024,410.75,162780
9/4/2024,412.75,205919
9/3/2024,409.25,238850
8/30/2024,401,187444
8/29/2024,396,236853
8/28/2024,390.75,270537
8/27/2024,392.75,283622
8/26/2024,386.5,251693
8/23/2024,391,190430
8/22/2024,393.5,189304
8/21/2024,398.25,148027
8/20/2024,398,156422
8/19/2024,400.25,201011
8/16/2024,392.5,215487
8/15/2024,397,217108
8/14/2024,400.75,175723
8/13/2024,397.25,212080
8/12/2024,401.5,295709
8/9/2024,395,182297
8/8/2024,397,184321
8/7/2024,400.75,207130
8/6/2024,405.25,135712
8/5/2024,407,172739
8/2/2024,403.25,150808
8/1/2024,398.5,152322
7/31/2024,399.75,207179
7/30/2024,405,136869
7/29/2024,412.25,169459
7/26/2024,410,161574
7/25/2024,420.75,155681
7/24/2024,418,166658
7/23/2024,417.25,175647
7/22/2024,415,170637
7/19/2024,404.75,113812
7/18/2024,405,123126
7/17/2024,411.75,136923
7/16/2024,408.75,146694
7/15/2024,404.25,168499
7/12/2024,402,211323
7/11/2024,400.25,197071
7/10/2024,395.75,221922
7/9/2024,394,158713
7/8/2024,393.25,183880
7/5/2024,410.5,90317
7/3/2024,405.5,110943
7/2/2024,408,121577
7/1/2024,407,158704
6/28/2024,407.5,314602
6/27/2024,422.5,257427
6/26/2024,425.5,234606
6/25/2024,431.75,177837
6/24/2024,439.5,162494
6/21/2024,440.5,163094
6/20/2024,444.75,147816
6/18/2024,455.75,106453
6/17/2024,450,87762
6/14/2024,457,135417
6/13/2024,463.5,172683
6/12/2024,456.75,144560
6/11/2024,453.75,155757
6/10/2024,456.25,126902
6/7/2024,454.75,114924
6/6/2024,457.75,96372
6/5/2024,445.75,80968
6/4/2024,448.25,89333
6/3/2024,449.25,114865
5/31/2024,454,70748
5/30/2024,457.75,77150
5/29/2024,465,58607
5/28/2024,471.5,46479
5/24/2024,474.5,59086
5/23/2024,473.25,45834
5/22/2024,470.25,61301
5/21/2024,468.5,51251
5/20/2024,471,49868
5/17/2024,462.5,81817
5/16/2024,467.75,55014
5/15/2024,473.25,53692
5/14/2024,467.5,246243
5/13/2024,472.5,269735
5/10/2024,469.75,245388
5/9/2024,456.5,184154
5/8/2024,458.5,221307
5/7/2024,467,208392
5/6/2024,469,248355
5/3/2024,460.25,303314
5/2/2024,459.75,240171
5/1/2024,450.75,151383
4/30/2024,446.75,149008
4/29/2024,449.25,211471
4/26/2024,450,225497
4/25/2024,452,235154
4/24/2024,448.5,228268
4/23/2024,452.5,173811
4/22/2024,449.75,202243
4/19/2024,443,152758
4/18/2024,436.25,168928
4/17/2024,441,122102
4/16/2024,442.75,122877
4/15/2024,444.25,103077
4/12/2024,447.25,121697
4/11/2024,441,189338
4/10/2024,445.75,176851
4/9/2024,442.5,172979
4/8/2024,447.5,177641
4/5/2024,446.75,141718
4/4/2024,447.5,97859
4/3/2024,445,109702
4/2/2024,441,147589
4/1/2024,449.25,105532
3/28/2024,454.5,183709
3/27/2024,439.25,88530
3/26/2024,445,81267
3/25/2024,451.25,60164
3/22/2024,452,61303
3/21/2024,454,67959
3/20/2024,452.25,68933
3/19/2024,452.25,57764
3/18/2024,448.75,59454
3/15/2024,449,69638
3/14/2024,433.75,153348
3/13/2024,441.25,126196
3/12/2024,441.75,136537
3/11/2024,441.75,151654
3/8/2024,439.75,194454
3/7/2024,438,197196
3/6/2024,428.75,132542
3/5/2024,426.25,132187
3/4/2024,430,146093
3/1/2024,424.75,152580
2/29/2024,429.5,145905
2/28/2024,428.5,227188
2/27/2024,423.5,223742
2/26/2024,421.5,317455
2/23/2024,413.5,223022
2/22/2024,418.5,228789
2/21/2024,424.25,162908
2/20/2024,432.5,154802
2/16/2024,429.5,141725
2/15/2024,429.75,176163
2/14/2024,437.25,150646
2/13/2024,443.25,133841
2/12/2024,442.5,133709
2/9/2024,441.5,136375
2/8/2024,445,141632
2/7/2024,446.5,150030
2/6/2024,450.5,114462
2/5/2024,453.25,59867
2/2/2024,453.5,58992
2/1/2024,458.25,88273
1/31/2024,458.5,55424
1/30/2024,458.75,69395
1/29/2024,450.5,90722
1/26/2024,455.75,51684
1/25/2024,461.25,81817
1/24/2024,462.5,71520
1/23/2024,456.75,68953
1/22/2024,456.25,40277
1/19/2024,456,64616
1/18/2024,455,75538
1/17/2024,453.75,70045
1/16/2024,455.25,51735
1/12/2024,459,96235
1/11/2024,469.75,55534
1/10/2024,471.5,66817
1/9/2024,471.5,79952
1/8/2024,467.5,53251
1/5/2024,473.25,43857
1/4/2024,479,31593
1/3/2024,478,40707
1/2/2024,477,48784
12/29/2023,484,24648
12/28/2023,486.5,20156
12/27/2023,488.5,25718
12/26/2023,492.25,25122
12/22/2023,485.75,28256
12/21/2023,485.25,30332
12/20/2023,482.5,32895
12/19/2023,485.25,28898
12/18/2023,489.5,39914
12/15/2023,495.25,29297
12/14/2023,479.25,106424
12/13/2023,479.5,130775
12/12/2023,485.25,100301
12/11/2023,481.5,116266
12/8/2023,485.5,122550
12/7/2023,488,104157
12/6/2023,484.25,143848
12/5/2023,490.5,136197
12/4/2023,485.5,121319
12/1/2023,484.75,144247
11/30/2023,482.75,189360
11/29/2023,475.75,257318
11/28/2023,473.5,263235
11/27/2023,475.25,211127
11/24/2023,482.5,109596
11/22/2023,487.75,131956
11/21/2023,489,142275
11/20/2023,487.5,111050
11/17/2023,485.25,106976
11/16/2023,493.25,139095
11/15/2023,488.5,188610
11/14/2023,494.25,132800
11/13/2023,492.75,167509
11/10/2023,479,167474
11/9/2023,482.75,197547
11/8/2023,490,228214
11/7/2023,483.5,138203
11/6/2023,492.5,68103
11/3/2023,492.25,87032
11/2/2023,485,104993
11/1/2023,489.75,76750
10/31/2023,493,67164
10/30/2023,492.75,58288
10/27/2023,495.25,49663
10/26/2023,493.25,91469
10/25/2023,494.5,67368
10/24/2023,498,57107
10/23/2023,504,44155
10/20/2023,509,131190
10/19/2023,517,157505
10/18/2023,506.5,36878
10/17/2023,503.75,35585
10/16/2023,505,43577
10/13/2023,508.5,47743
10/12/2023,511.5,65287
10/11/2023,503.75,36444
10/10/2023,501.25,43946
10/9/2023,503.75,43565
10/6/2023,507.25,35685
10/5/2023,512.25,61886
10/4/2023,501,50374
10/3/2023,502.25,50523
10/2/2023,503.75,37663
9/29/2023,491.75,60350
9/28/2023,503.25,27833
9/27/2023,498.25,41309
9/26/2023,494.5,36869
9/25/2023,495.75,29903
9/22/2023,492.25,31711
9/21/2023,490,42863
9/20/2023,496.75,69683
9/19/2023,490.5,45570
9/18/2023,485.75,43454
9/15/2023,490.5,39853
9/14/2023,480.5,113552
9/13/2023,482.25,152906
9/12/2023,476.5,198455
9/11/2023,485.75,133254
9/8/2023,483.75,106651
9/7/2023,486.25,109792
9/6/2023,485.75,113919
9/5/2023,486,125749
9/1/2023,481.5,100839
8/31/2023,478.25,147281
8/30/2023,480.75,192731
8/29/2023,486.75,177417
8/28/2023,496.25,139743
8/25/2023,488,134901
8/24/2023,488.25,159873
8/23/2023,490.5,137734
8/22/2023,479.5,130499
8/21/2023,482.5,148221
8/18/2023,493,112802
8/17/2023,485.75,109612
8/16/2023,481.5,126939
8/15/2023,475.5,147687
8/14/2023,487.75,117460
8/11/2023,487.25,258751
8/10/2023,496.25,116399
8/9/2023,494.25,150704
8/8/2023,498.75,148414
8/7/2023,495.75,197391
8/4/2023,497.25,147093
8/3/2023,493.5,153402
8/2/2023,500.5,239214
8/1/2023,507.25,161799
7/31/2023,513,165409
7/28/2023,530.25,152886
7/27/2023,542.25,133794
7/26/2023,548.25,141413
7/25/2023,565.25,158025
7/24/2023,568.25,219717
7/21/2023,536.25,168336
7/20/2023,546.25,196636
7/19/2023,553,352033
7/18/2023,534.5,239502
7/17/2023,506,158671
7/14/2023,506.5,107632
7/13/2023,493.5,94238
7/12/2023,476.25,144147
7/11/2023,494.5,85646
7/10/2023,492.25,76776
7/7/2023,487.25,75169
7/6/2023,499,101908
7/5/2023,485.25,130702
7/3/2023,488,113417
6/30/2023,488.5,199016
6/29/2023,523.5,131752
6/28/2023,531.25,199310
6/27/2023,556.25,164190
6/26/2023,584,144640
6/23/2023,584.75,156537
6/22/2023,617,119695
6/21/2023,623.5,148071
6/20/2023,593,132596
6/16/2023,594,189708
6/15/2023,570,159383
6/14/2023,545,142040
6/13/2023,546,153731
6/12/2023,543.5,124355
6/9/2023,524.5,100227
6/8/2023,528.5,116618
6/7/2023,525,101533
6/6/2023,534.5,91378
6/5/2023,530.25,64878
6/2/2023,535.5,87286
6/1/2023,524.25,73162
5/31/2023,516.25,78627
5/30/2023,520,82798
5/26/2023,529,81011
5/25/2023,510.5,66933
5/24/2023,515.25,75077
5/23/2023,512,58076
5/22/2023,504.75,63151
5/19/2023,494.5,107316
5/18/2023,495.5,84092
5/17/2023,497,109339
5/16/2023,506.5,59683
5/15/2023,518,73918
5/12/2023,586.25,169418
5/11/2023,582.25,140276
5/10/2023,594,172509
5/9/2023,584.75,163762
5/8/2023,596.5,117348
5/5/2023,596.5,117948
5/4/2023,589,140182
5/3/2023,588.5,170044
5/2/2023,580,153683
5/1/2023,584.5,159586
4/28/2023,585,239363
4/27/2023,581.5,262135
4/26/2023,601,145390
4/25/2023,607.75,186483
4/24/2023,607.5,223860
4/21/2023,615.25,195001
4/20/2023,626,165632
4/19/2023,636.5,133596
4/18/2023,644.5,141155
4/17/2023,642.5,134404
4/14/2023,635.75,140985
4/13/2023,625.5,133764
4/12/2023,627.75,129867
4/11/2023,627.75,175051
4/10/2023,630.5,119716
4/7/2023,619.75,#N/A N/A
4/6/2023,619.75,92395
4/5/2023,627.5,101162
4/4/2023,628,102240
4/3/2023,637,108786
3/31/2023,636,147976
3/30/2023,627.25,77526
3/29/2023,630.5,104472
3/28/2023,629.5,89081
3/27/2023,629.75,93582
3/24/2023,623,107005
3/23/2023,610.75,105503
3/22/2023,611.75,100209
3/21/2023,611.25,82328
3/20/2023,615.5,52271
3/17/2023,617.75,79435
3/16/2023,616.25,101739
3/15/2023,612.25,80308
3/14/2023,620.75,153530
3/13/2023,613.5,141049
3/10/2023,617.25,142248
3/9/2023,611.5,223647
3/8/2023,625.5,161081
3/7/2023,634.25,101173
3/6/2023,637,110482
3/3/2023,639.75,124389
3/2/2023,633.75,176883
3/1/2023,635.75,251453
2/28/2023,630.25,215887
2/27/2023,643.5,222500
2/24/2023,649.25,275007
2/23/2023,659.25,267746
2/22/2023,674.25,125715
2/21/2023,680.5,163338
2/17/2023,677.5,121915
2/16/2023,675,108632
2/15/2023,674,77269
2/14/2023,679.75,101942
2/13/2023,682.25,155850
2/10/2023,678.25,154271
2/9/2023,669,153515
2/8/2023,676.25,152699
2/7/2023,673,100541
2/6/2023,677.75,65212
2/3/2023,675.5,62679
2/2/2023,673.75,85767
2/1/2023,679.5,81852
1/31/2023,677.5,68127
1/30/2023,681.25,60953
1/27/2023,680,86479
1/26/2023,680,61859
1/25/2023,673.25,52400
1/24/2023,675.25,67121
1/23/2023,665,58029
1/20/2023,674.5,55569
1/19/2023,674.75,61274
1/18/2023,679.25,56949
1/17/2023,682.75,60119
1/13/2023,673.75,58930
1/12/2023,669.5,73325
1/11/2023,655.25,37887
1/10/2023,654.5,52282
1/9/2023,653,38453
1/6/2023,654,36585
1/5/2023,652.5,48054
1/4/2023,654,49067
1/3/2023,670.25,41369
12/30/2022,678,20468
12/29/2022,679,26887
12/28/2022,681.5,24436
12/27/2022,673.25,22094
12/23/2022,665,29067
12/22/2022,660.25,14745
12/21/2022,661.75,26722
12/20/2022,652,19928
12/19/2022,648,21961
12/16/2022,653.5,18006
12/15/2022,653.75,19406
12/14/2022,650.5,92295
12/13/2022,653.5,123617
12/12/2022,654,128466
12/9/2022,644,104526
12/8/2022,642.5,92963
12/7/2022,641.25,128635
12/6/2022,637.25,145618
12/5/2022,640.5,144282
12/2/2022,646.25,205697
12/1/2022,660.5,116810
11/30/2022,667,120474
11/29/2022,669.5,174783
11/28/2022,671.25,184890
11/25/2022,671.25,92752
11/23/2022,666.25,119313
11/22/2022,659.25,119012
11/21/2022,663.5,115019
11/18/2022,670,103477
11/17/2022,669,104283
11/16/2022,667.5,103805
11/15/2022,669.25,185920
11/14/2022,659.25,138971
11/11/2022,663,161055
11/10/2022,659.5,138874
11/9/2022,670.5,158321
11/8/2022,673.75,142801
11/7/2022,681.5,96096
11/4/2022,686.75,68372
11/3/2022,684.75,67941
11/2/2022,692.75,85352
11/1/2022,702.5,75693
10/31/2022,696.75,110458
10/28/2022,686.75,43376
10/27/2022,687.75,44545
10/26/2022,690.5,53658
10/25/2022,692.25,47305
10/24/2022,687.75,45014
10/21/2022,690.5,41986
10/20/2022,690,62854
10/19/2022,684.5,46260
10/18/2022,687,62906
10/17/2022,689.75,35483
10/14/2022,696.25,39142
10/13/2022,705,70742
10/12/2022,700,76792
10/11/2022,700.25,59572
10/10/2022,704.75,81392
10/7/2022,691,45727
10/6/2022,683.25,55692
10/5/2022,691.25,43633
10/4/2022,690,44879
10/3/2022,687.5,40113
9/30/2022,684,80428
9/29/2022,676,72091
9/28/2022,676.5,50152
9/27/2022,672.75,39933
9/26/2022,670.75,37179
9/23/2022,681.75,44822
9/22/2022,693.25,29292
9/21/2022,690.25,41065
9/20/2022,696.75,28898
9/19/2022,683.5,31149
9/16/2022,683,31076
9/15/2022,682.75,34459
9/14/2022,682.25,117138
9/13/2022,692.75,141872
9/12/2022,696,192828
9/9/2022,685,107791
9/8/2022,668.5,111176
9/7/2022,671,146597
9/6/2022,676,116558
9/2/2022,665.75,82312
9/1/2022,658,138118
8/31/2022,670.5,140086
8/30/2022,677.25,167467
8/29/2022,683,211204
8/26/2022,664.25,147031
8/25/2022,650,183571
8/24/2022,657.25,207890
8/23/2022,655.25,250781
8/22/2022,629,125041
8/19/2022,623.25,84155
8/18/2022,615.75,121799
8/17/2022,612,94383
8/16/2022,610.25,116066
8/15/2022,628.25,120189
8/12/2022,642.25,188062
8/11/2022,627.75,145493
8/10/2022,618.5,182513
8/9/2022,614,183267
8/8/2022,607.25,188122
8/5/2022,610,153143
8/4/2022,606.25,116030
8/3/2022,596.25,132066
8/2/2022,594.25,132700
8/1/2022,609.75,134365
7/29/2022,620,166129
7/28/2022,619,110362
7/27/2022,603,107222
7/26/2022,600.75,140778
7/25/2022,583.75,146016
7/22/2022,564.25,153330
7/21/2022,573.5,132230
7/20/2022,590,105103
7/19/2022,595.25,144918
7/18/2022,610.75,124007
7/15/2022,603.75,137877
7/14/2022,605,102346
7/13/2022,600,103687
7/12/2022,594,137528
7/11/2022,637,99865
7/8/2022,633.25,83231
7/7/2022,609,89854
7/6/2022,599.75,91685
7/5/2022,592.25,101843
7/1/2022,619.75,95069
6/30/2022,628.75,131734
6/29/2022,664,103707
6/28/2022,669.75,108109
6/27/2022,661.25,123113
6/24/2022,682.75,120661
6/23/2022,666.75,163822
6/22/2022,702,109476
6/21/2022,709.25,104356
6/17/2022,737.75,65586
6/16/2022,741.75,64632
6/15/2022,729,60407
6/14/2022,729.5,73516
6/13/2022,730.75,109937
6/10/2022,732.75,104443
6/9/2022,729.25,154631
6/8/2022,727.75,142684
6/7/2022,725.75,122842
6/6/2022,714.25,57687
6/3/2022,701.25,45569
6/2/2022,704.75,51071
6/1/2022,703.75,77839
5/31/2022,725,52454
5/27/2022,744.75,34028
5/26/2022,734,36557
5/25/2022,739.75,44339
5/24/2022,741,48298
5/23/2022,754.75,33454
5/20/2022,747,29193
5/19/2022,750.5,33345
5/18/2022,753.25,32382
5/17/2022,772.75,35297
5/16/2022,778,43952
5/13/2022,781.25,113807
5/12/2022,791.5,154543
5/11/2022,788.5,110381
5/10/2022,775.25,98595
5/9/2022,772,135176
5/6/2022,784.75,132008
5/5/2022,797.5,92039
5/4/2022,794.25,102960
5/3/2022,793,130993
5/2/2022,803.5,117450
4/29/2022,813.5,104780
4/28/2022,813.5,121715
4/27/2022,812.25,150904
4/26/2022,801.5,140110
4/25/2022,798,152795
4/22/2022,789,166689
4/21/2022,795.25,126241
4/20/2022,810,130848
4/19/2022,799.75,145333
4/18/2022,807,132713
4/14/2022,783.75,114603
4/13/2022,778,184615
4/12/2022,772.5,153025
4/11/2022,758.75,158908
4/8/2022,760.75,155533
4/7/2022,750.25,144673
4/6/2022,747,92467
4/5/2022,748.25,111969
4/4/2022,739.25,92320
4/1/2022,721.75,127304
3/31/2022,733,142791
3/30/2022,720,62579
3/29/2022,708.5,102763
3/28/2022,730.5,55980
3/25/2022,734.75,41204
3/24/2022,728.5,61585
3/23/2022,734.75,66388
3/22/2022,729.75,69234
3/21/2022,728.25,55670
3/18/2022,712.5,45033
3/17/2022,718.75,42040
3/16/2022,697,50655
3/15/2022,723.25,54240
3/14/2022,748.25,104100
3/11/2022,762.5,102372
3/10/2022,755.75,147566
3/9/2022,733,136059
3/8/2022,753,151946
3/7/2022,750.75,161720
3/4/2022,754.25,236077
3/3/2022,747.75,216512
3/2/2022,725,245276
3/1/2022,725.75,181422
2/28/2022,690.75,169348
2/25/2022,655.75,268508
2/24/2022,690.25,346312
2/23/2022,681.25,204307
2/22/2022,672.5,192520
2/18/2022,652.75,138413
2/17/2022,649.25,98121
2/16/2022,645.75,98207
2/15/2022,637.5,130659
2/14/2022,655.25,111519
2/11/2022,650.5,182799
2/10/2022,640.5,221805
2/9/2022,646,246424
2/8/2022,634,136546
2/7/2022,637.25,142660
2/4/2022,621.75,122318
2/3/2022,617.25,128988
2/2/2022,622.25,143508
2/1/2022,633.75,89933
1/31/2022,624.5,114959
1/28/2022,633.25,84350
1/27/2022,623,60402
1/26/2022,625,82038
1/25/2022,618.5,141754
1/24/2022,617.5,81167
1/21/2022,614,69124
1/20/2022,610.75,46079
1/19/2022,611,62649
1/18/2022,600,49037
1/14/2022,597.25,47417
1/13/2022,589.5,66449
1/12/2022,600.75,58854
1/11/2022,602.5,51271
1/10/2022,601.25,52339
1/7/2022,607.75,47115
1/6/2022,604.5,42837
1/5/2022,602.75,48417
1/4/2022,609.5,65241
1/3/2022,591,37391
12/31/2021,595,23451
12/30/2021,596.75,35793
12/29/2021,606.75,33784
12/28/2021,606.5,35374
12/27/2021,616.75,40635
12/23/2021,607.25,27237
12/22/2021,604,41955
12/21/2021,599.25,28721
12/20/2021,592,32195
12/17/2021,594.25,31590
12/16/2021,592.75,25812
12/15/2021,587.25,31959
12/14/2021,590.25,117292
12/13/2021,585,99598
12/10/2021,590,82767
12/9/2021,591.75,146620
12/8/2021,587.25,103323
12/7/2021,586,116946
12/6/2021,583.5,103539
12/3/2021,584,144119
12/2/2021,576.75,168404
12/1/2021,571.5,146467
11/30/2021,567.5,263183
11/29/2021,582.25,247451
11/26/2021,591.75,179960
11/24/2021,585.5,260129
11/23/2021,588.25,159453
11/22/2021,584.25,155160
11/19/2021,577,98961
11/18/2021,579.25,140698
11/17/2021,581.5,139075
11/16/2021,577.5,117168
11/15/2021,584,93300
11/12/2021,585,107374
11/11/2021,578,196461
11/10/2021,578.75,132801
11/9/2021,564.25,155208
11/8/2021,561,106777
11/5/2021,562.25,126171
11/4/2021,567.75,62742
11/3/2021,572.25,67298
11/2/2021,581.25,73354
11/1/2021,587,79099
10/29/2021,576.25,56161
10/28/2021,571.25,62907
10/27/2021,566,90522
10/26/2021,552.25,54620
10/25/2021,546.75,37948
10/22/2021,546.75,37476
10/21/2021,541.5,57980
10/20/2021,547.75,52009
10/19/2021,539,49732
10/18/2021,540.5,33491
10/15/2021,534.25,45121
10/14/2021,525.75,68585
10/13/2021,522,69387
10/12/2021,532,56169
10/11/2021,542.25,40546
10/8/2021,539.5,38748
10/7/2021,543,38664
10/6/2021,541,45914
10/5/2021,546,47887
10/4/2021,549.75,41834
10/1/2021,549.75,43726
9/30/2021,544.5,56135
9/29/2021,547,33968
9/28/2021,540.5,31793
9/27/2021,547,30999
9/24/2021,534.5,16835
9/23/2021,537,18910
9/22/2021,533,30109
9/21/2021,525,28616
9/20/2021,529.75,45656
9/17/2021,534.25,36312
9/16/2021,536.75,36680
9/15/2021,540.75,50418
9/14/2021,520.25,114271
9/13/2021,513.25,123454
9/10/2021,517.5,264579
9/9/2021,510,173940
9/8/2021,510.25,156332
9/7/2021,510.75,154946
9/3/2021,524,115800
9/2/2021,525.5,141425
9/1/2021,522.75,200771
8/31/2021,534.25,209696
8/30/2021,542.75,217903
8/27/2021,553.75,155137
8/26/2021,550.75,111370
8/25/2021,551.75,145502
8/24/2021,545.25,145673
8/23/2021,535.5,121370
8/20/2021,537,173056
8/19/2021,550.75,165318
8/18/2021,565,97177
8/17/2021,563.5,121559
8/16/2021,568.75,116802
8/13/2021,573,184832
8/12/2021,573.25,441563
8/11/2021,559.25,232705
8/10/2021,553.25,171584
8/9/2021,553.75,175984
8/6/2021,556.5,182753
8/5/2021,553,142120
8/4/2021,546.75,126044
8/3/2021,551.75,155031
8/2/2021,559.25,131664
7/30/2021,545.25,97008
7/29/2021,556.5,106719
7/28/2021,549,91952
7/27/2021,546.25,110873
7/26/2021,546.75,112739
7/23/2021,543,127254
7/22/2021,561.25,146619
7/21/2021,568.5,143691
7/20/2021,565.75,146526
7/19/2021,552.25,132571
7/16/2021,552,130812
7/15/2021,556.25,107842
7/14/2021,568.25,88996
7/13/2021,551.25,97432
7/12/2021,545.25,83984
7/9/2021,529.5,91100
7/8/2021,536.75,82853
7/7/2021,542.75,99672
7/6/2021,552,51430
7/2/2021,592,71037
7/1/2021,601.75,121488
6/30/2021,599.25,137250
6/29/2021,559.25,105609
6/28/2021,558.25,93261
6/25/2021,530.25,90061
6/24/2021,549.25,115512
6/23/2021,551,83201
6/22/2021,553,96067
6/21/2021,571.25,64277
6/18/2021,577.5,105090
6/17/2021,548.5,101671
6/16/2021,588.5,91211
6/15/2021,591.75,74082
6/14/2021,598.5,75697
6/11/2021,629.75,132241
6/10/2021,638.25,142203
6/9/2021,632,126313
6/8/2021,628,134656
6/7/2021,621,143058
6/4/2021,606.5,69245
6/3/2021,582.25,75031
6/2/2021,593.25,71299
6/1/2021,602,58600
5/28/2021,573.25,43448
5/27/2021,585.5,61192
5/26/2021,547.25,53644
5/25/2021,541.25,49767
5/24/2021,568.5,28062
5/21/2021,573.25,27958
5/20/2021,579,29772
5/19/2021,567,34463
5/18/2021,571,43399
5/17/2021,566.5,46183
5/14/2021,643.75,313038
5/13/2021,674.75,247856
5/12/2021,714.75,200830
5/11/2021,722.25,180975
5/10/2021,711.75,190149
5/7/2021,732.25,192878
5/6/2021,718.75,194339
5/5/2021,708.5,199836
5/4/2021,696.75,204867
5/3/2021,679.5,232788
4/30/2021,673.25,148309
4/29/2021,648.25,181952
4/28/2021,644,314724
4/27/2021,654.5,384490
4/26/2021,657.5,236175
4/23/2021,632.5,233004
4/22/2021,631.5,179247
4/21/2021,606.5,183005
4/20/2021,592,172258
4/19/2021,580.5,81451
4/16/2021,573.75,138956
4/15/2021,576.75,138034
4/14/2021,579.5,186944
4/13/2021,566.5,176626
4/12/2021,556,149566
4/9/2021,562.75,172077
4/8/2021,562,187448
4/7/2021,546,107171
4/6/2021,541,77425
4/5/2021,539.25,88758
4/2/2021,545.25,#N/A N/A
4/1/2021,545.25,108989
3/31/2021,547.5,87684
3/30/2021,522.5,63278
3/29/2021,531.25,46087
3/26/2021,535.75,53091
3/25/2021,532.5,64090
3/24/2021,537.25,43878
3/23/2021,534.25,53516
3/22/2021,531.5,52354
3/19/2021,538.75,73556
3/18/2021,530.25,82610
3/17/2021,542.5,58068
3/16/2021,541.75,55959
3/15/2021,537.75,56701
3/12/2021,539,123442
3/11/2021,538.5,121518
3/10/2021,534,169761
3/9/2021,545.75,138207
3/8/2021,547,162292
3/5/2021,545.5,137762
3/4/2021,532.5,153481
3/3/2021,535.25,132319
3/2/2021,545,178021
3/1/2021,538.25,148415
2/26/2021,547.5,168514
2/25/2021,549.75,278936
2/24/2021,557,230060
2/23/2021,552.5,192743
2/22/2021,550.5,152270
2/19/2021,541.75,187959
2/18/2021,549,104708
2/17/2021,550.75,91859
2/16/2021,549.75,93764
2/12/2021,536.5,76850
2/11/2021,539.75,196468
2/10/2021,532.75,187442
2/9/2021,554.25,257642
2/8/2021,562,184673
2/5/2021,547.5,144686
2/4/2021,547.5,122103
2/3/2021,549,110263
2/2/2021,542.25,89263
2/1/2021,548.5,106627
1/29/2021,547.5,148724
1/28/2021,536.25,130588
1/27/2021,535.25,95124
1/26/2021,533.75,112746
1/25/2021,514.25,100172
1/22/2021,503,98837
1/21/2021,526.25,68678
1/20/2021,524,89349
1/19/2021,528.25,83484
1/15/2021,534.75,73837
1/14/2021,537.75,100391
1/13/2021,527.75,140652
1/12/2021,519,118998
1/11/2021,494,65234
1/8/2021,497.5,64602
1/7/2021,495.5,81336
1/6/2021,496,79113
1/5/2021,492.5,68287
1/4/2021,484.25,86562
12/31/2020,483.25,43430
12/30/2020,474.25,48366
12/29/2020,466,65840
12/28/2020,457,39206
12/24/2020,451.75,18148
12/23/2020,448.25,43217
12/22/2020,444.5,34063
12/21/2020,442,33145
12/18/2020,439.25,35957
12/17/2020,434.75,23390
12/16/2020,429.75,41015
12/15/2020,427.75,29411
12/14/2020,424,108692
12/11/2020,423.5,105879
12/10/2020,421.25,129701
12/9/2020,423.75,87642
